block,delivered_input_sequence,scheduled_ns,start_ns,end_ns,deadline_ns,selected,callback_ns,start_lateness_ns,deadline_missed,mismatch_count,nonfinite_mismatch_count,max_finite_abs_error,first_mismatch_channel,first_mismatch_frame,first_actual,first_expected,first_mismatch_kind
0,,1814411334094583,1814411334094833,1814411334116041,1814411334761249,priming,21208,250,0,0,0,0,,,,,none
1,0,1814411334761249,1814411334930791,1814411334947958,1814411335427916,cpu_fallback,17167,169542,0,0,0,0,,,,,none
2,1,1814411335427916,1814411335468291,1814411335485041,1814411336094583,gpu_delivered,16750,40375,0,0,0,4.7031790018081665e-08,,,,,none
3,2,1814411336094583,1814411336254500,1814411336273500,1814411336761249,gpu_delivered,19000,159917,0,0,0,4.2608007788658142e-08,,,,,none
4,3,1814411336761249,1814411336886375,1814411336903375,1814411337427916,gpu_delivered,17000,125126,0,0,0,5.8673322200775146e-08,,,,,none
5,4,1814411337427916,1814411337479666,1814411337496500,1814411338094583,gpu_delivered,16834,51750,0,0,0,5.477340891957283e-08,,,,,none
6,5,1814411338094583,1814411338250958,1814411338270208,1814411338761249,gpu_delivered,19250,156375,0,0,0,5.029141902923584e-08,,,,,none
7,6,1814411338761249,1814411338897125,1814411338916041,1814411339427916,gpu_delivered,18916,135876,0,0,0,4.0978193283081055e-08,,,,,none
8,7,1814411339427916,1814411339567125,1814411339586500,1814411340094583,cpu_fallback,19375,139209,0,0,0,0,,,,,none
9,8,1814411340094583,1814411340231958,1814411340248333,1814411340761249,cpu_fallback,16375,137375,0,0,0,0,,,,,none
10,9,1814411340761249,1814411340912625,1814411340929750,1814411341427916,gpu_delivered,17125,151376,0,0,0,4.4237822294235229e-08,,,,,none
11,10,1814411341427916,1814411341573833,1814411341592291,1814411342094583,gpu_delivered,18458,145917,0,0,0,4.7031790018081665e-08,,,,,none
12,11,1814411342094583,1814411342229833,1814411342246875,1814411342761249,gpu_delivered,17042,135250,0,0,0,4.0046870708465576e-08,,,,,none
13,12,1814411342761249,1814411342897500,1814411342915041,1814411343427916,gpu_delivered,17541,136251,0,0,0,4.6566128730773926e-08,,,,,none
14,13,1814411343427916,1814411343562625,1814411343579333,1814411344094583,gpu_delivered,16708,134709,0,0,0,5.6170392781496048e-08,,,,,none
15,14,1814411344094583,1814411344174000,1814411344192416,1814411344761249,gpu_delivered,18416,79417,0,0,0,4.377216100692749e-08,,,,,none
16,15,1814411344761249,1814411344924041,1814411344941375,1814411345427916,gpu_delivered,17334,162792,0,0,0,3.9115548133850098e-08,,,,,none
17,16,1814411345427916,1814411345557791,1814411345590000,1814411346094583,gpu_delivered,32209,129875,0,0,0,4.2375177145004272e-08,,,,,none
18,17,1814411346094583,1814411346227208,1814411346247833,1814411346761249,gpu_delivered,20625,132625,0,0,0,3.4458935260772705e-08,,,,,none
19,18,1814411346761249,1814411346903250,1814411346920958,1814411347427916,gpu_delivered,17708,142001,0,0,0,5.9371814131736755e-08,,,,,none
20,19,1814411347427916,1814411347560791,1814411347577125,1814411348094583,gpu_delivered,16334,132875,0,0,0,3.119930624961853e-08,,,,,none
21,20,1814411348094583,1814411348231666,1814411348247291,1814411348761249,gpu_delivered,15625,137083,0,0,0,4.7963112592697144e-08,,,,,none
22,21,1814411348761249,1814411348897500,1814411348913333,1814411349427916,cpu_fallback,15833,136251,0,0,0,0,,,,,none
23,22,1814411349427916,1814411349561708,1814411349577791,1814411350094583,cpu_fallback,16083,133792,0,0,0,0,,,,,none
24,23,1814411350094583,1814411350252208,1814411350269166,1814411350761249,cpu_fallback,16958,157625,0,0,0,0,,,,,none
25,24,1814411350761249,1814411350890958,1814411350914500,1814411351427916,cpu_fallback,23542,129709,0,0,0,0,,,,,none
26,25,1814411351427916,1814411351569000,1814411351585375,1814411352094583,cpu_fallback,16375,141084,0,0,0,0,,,,,none
27,26,1814411352094583,1814411352237375,1814411352254500,1814411352761249,gpu_delivered,17125,142792,0,0,0,3.5390257835388184e-08,,,,,none
28,27,1814411352761249,1814411352896750,1814411352913583,1814411353427916,gpu_delivered,16833,135501,0,0,0,3.6321580410003662e-08,,,,,none
29,28,1814411353427916,1814411353493250,1814411353510166,1814411354094583,gpu_delivered,16916,65334,0,0,0,3.3527612686157227e-08,,,,,none
30,29,1814411354094583,1814411354156125,1814411354172916,1814411354761249,gpu_delivered,16791,61542,0,0,0,3.7369318306446075e-08,,,,,none
31,30,1814411354761249,1814411354916750,1814411354932416,1814411355427916,gpu_delivered,15666,155501,0,0,0,3.3993273973464966e-08,,,,,none
32,31,1814411355427916,1814411355561083,1814411355576750,1814411356094583,gpu_delivered,15667,133167,0,0,0,4.9360096454620361e-08,,,,,none
33,32,1814411356094583,1814411356232791,1814411356252083,1814411356761249,gpu_delivered,19292,138208,0,0,0,5.7741999626159668e-08,,,,,none
34,33,1814411356761249,1814411356934500,1814411356949625,1814411357427916,gpu_delivered,15125,173251,0,0,0,5.3085386753082275e-08,,,,,none
35,34,1814411357427916,1814411357556291,1814411357611041,1814411358094583,gpu_delivered,54750,128375,0,0,0,3.9115548133850098e-08,,,,,none
36,35,1814411358094583,1814411358261541,1814411358278875,1814411358761249,gpu_delivered,17334,166958,0,0,0,4.4470652937889099e-08,,,,,none
37,36,1814411358761249,1814411358889750,1814411358906500,1814411359427916,gpu_delivered,16750,128501,0,0,0,4.7963112592697144e-08,,,,,none
38,37,1814411359427916,1814411359567500,1814411359583125,1814411360094583,gpu_delivered,15625,139584,0,0,0,4.3539330363273621e-08,,,,,none
39,38,1814411360094583,1814411360140833,1814411360155708,1814411360761249,gpu_delivered,14875,46250,0,0,0,3.3993273973464966e-08,,,,,none
40,39,1814411360761249,1814411360868541,1814411360887625,1814411361427916,gpu_delivered,19084,107292,0,0,0,3.3993273973464966e-08,,,,,none
41,40,1814411361427916,1814411361572416,1814411361589416,1814411362094583,gpu_delivered,17000,144500,0,0,0,3.4458935260772705e-08,,,,,none
42,41,1814411362094583,1814411362235916,1814411362252708,1814411362761249,gpu_delivered,16792,141333,0,0,0,4.2840838432312012e-08,,,,,none
43,42,1814411362761249,1814411362895500,1814411362912041,1814411363427916,cpu_fallback,16541,134251,0,0,0,0,,,,,none
44,43,1814411363427916,1814411363570166,1814411363585458,1814411364094583,gpu_delivered,15292,142250,0,0,0,3.795139491558075e-08,,,,,none
45,44,1814411364094583,1814411364234541,1814411364252041,1814411364761249,cpu_fallback,17500,139958,0,0,0,0,,,,,none
46,45,1814411364761249,1814411364905375,1814411364937458,1814411365427916,cpu_fallback,32083,144126,0,0,0,0,,,,,none
47,46,1814411365427916,1814411365558416,1814411365576250,1814411366094583,cpu_fallback,17834,130500,0,0,0,0,,,,,none
48,47,1814411366094583,1814411366234625,1814411366251500,1814411366761249,cpu_fallback,16875,140042,0,0,0,0,,,,,none
49,48,1814411366761249,1814411366898750,1814411366926166,1814411367427916,cpu_fallback,27416,137501,0,0,0,0,,,,,none
50,49,1814411367427916,1814411367515208,1814411367531791,1814411368094583,gpu_delivered,16583,87292,0,0,0,5.9837475419044495e-08,,,,,none
51,50,1814411368094583,1814411368245625,1814411368261708,1814411368761249,gpu_delivered,16083,151042,0,0,0,3.4924596548080444e-08,,,,,none
52,51,1814411368761249,1814411368866916,1814411368883250,1814411369427916,gpu_delivered,16334,105667,0,0,0,5.4424162954092026e-08,,,,,none
53,52,1814411369427916,1814411369574375,1814411369592500,1814411370094583,gpu_delivered,18125,146459,0,0,0,4.6566128730773926e-08,,,,,none
54,53,1814411370094583,1814411370229083,1814411370247541,1814411370761249,gpu_delivered,18458,134500,0,0,0,4.4703483581542969e-08,,,,,none
55,54,1814411370761249,1814411370913000,1814411370958666,1814411371427916,gpu_delivered,45666,151751,0,0,0,3.6787241697311401e-08,,,,,none
56,55,1814411371427916,1814411371558750,1814411371577375,1814411372094583,cpu_fallback,18625,130834,0,0,0,0,,,,,none
57,56,1814411372094583,1814411372235583,1814411372253166,1814411372761249,cpu_fallback,17583,141000,0,0,0,0,,,,,none
58,57,1814411372761249,1814411372789791,1814411372815166,1814411373427916,gpu_delivered,25375,28542,0,0,0,4.6929926611483097e-08,,,,,none
59,58,1814411373427916,1814411373509583,1814411373527916,1814411374094583,gpu_delivered,18333,81667,0,0,0,3.8766302168369293e-08,,,,,none
60,59,1814411374094583,1814411374242708,1814411374259750,1814411374761249,gpu_delivered,17042,148125,0,0,0,4.3801264837384224e-08,,,,,none
61,60,1814411374761249,1814411374892916,1814411374909958,1814411375427916,gpu_delivered,17042,131667,0,0,0,4.6566128730773926e-08,,,,,none
62,61,1814411375427916,1814411375547750,1814411375564500,1814411376094583,gpu_delivered,16750,119834,0,0,0,5.3085386753082275e-08,,,,,none
63,62,1814411376094583,1814411376237125,1814411376263000,1814411376761249,gpu_delivered,25875,142542,0,0,0,5.9604644775390625e-08,,,,,none
64,63,1814411376761249,1814411376843583,1814411376859208,1814411377427916,gpu_delivered,15625,82334,0,0,0,5.5879354476928711e-08,,,,,none
65,64,1814411377427916,1814411377587083,1814411377604375,1814411378094583,gpu_delivered,17292,159167,0,0,0,4.4703483581542969e-08,,,,,none
66,65,1814411378094583,1814411378228875,1814411378245583,1814411378761249,gpu_delivered,16708,134292,0,0,0,3.3760443329811096e-08,,,,,none
67,66,1814411378761249,1814411378898375,1814411378920958,1814411379427916,gpu_delivered,22583,137126,0,0,0,4.0978193283081055e-08,,,,,none
68,67,1814411379427916,1814411379564541,1814411379582250,1814411380094583,gpu_delivered,17709,136625,0,0,0,3.6729034036397934e-08,,,,,none
69,68,1814411380094583,1814411380226416,1814411380242958,1814411380761249,gpu_delivered,16542,131833,0,0,0,3.7078280001878738e-08,,,,,none
70,69,1814411380761249,1814411380819333,1814411380834708,1814411381427916,gpu_delivered,15375,58084,0,0,0,5.7741999626159668e-08,,,,,none
71,70,1814411381427916,1814411381584833,1814411381602041,1814411382094583,gpu_delivered,17208,156917,0,0,0,6.3329935073852539e-08,,,,,none
72,71,1814411382094583,1814411382224125,1814411382241291,1814411382761249,cpu_fallback,17166,129542,0,0,0,0,,,,,none
73,72,1814411382761249,1814411382913791,1814411382930791,1814411383427916,cpu_fallback,17000,152542,0,0,0,0,,,,,none
74,73,1814411383427916,1814411383561458,1814411383578583,1814411384094583,cpu_fallback,17125,133542,0,0,0,0,,,,,none
75,74,1814411384094583,1814411384232708,1814411384270041,1814411384761249,gpu_delivered,37333,138125,0,0,0,3.6321580410003662e-08,,,,,none
76,75,1814411384761249,1814411384901750,1814411384919416,1814411385427916,gpu_delivered,17666,140501,0,0,0,3.8882717490196228e-08,,,,,none
77,76,1814411385427916,1814411385563583,1814411385580875,1814411386094583,gpu_delivered,17292,135667,0,0,0,4.6566128730773926e-08,,,,,none
78,77,1814411386094583,1814411386283541,1814411386350708,1814411386761249,gpu_delivered,67167,188958,0,0,0,4.0512531995773315e-08,,,,,none
79,78,1814411386761249,1814411386878041,1814411386895041,1814411387427916,cpu_fallback,17000,116792,0,0,0,0,,,,,none
80,79,1814411387427916,1814411387588708,1814411387620958,1814411388094583,cpu_fallback,32250,160792,0,0,0,0,,,,,none
81,80,1814411388094583,1814411388230833,1814411388248083,1814411388761249,gpu_delivered,17250,136250,0,0,0,4.0512531995773315e-08,,,,,none
82,81,1814411388761249,1814411388906333,1814411388923083,1814411389427916,gpu_delivered,16750,145084,0,0,0,5.5413693189620972e-08,,,,,none
83,82,1814411389427916,1814411389522708,1814411389555125,1814411390094583,cpu_fallback,32417,94792,0,0,0,0,,,,,none
84,83,1814411390094583,1814411390238958,1814411390255708,1814411390761249,gpu_delivered,16750,144375,0,0,0,4.3306499719619751e-08,,,,,none
85,84,1814411390761249,1814411390895833,1814411390912666,1814411391427916,gpu_delivered,16833,134584,0,0,0,3.5157427191734314e-08,,,,,none
86,85,1814411391427916,1814411391558458,1814411391574458,1814411392094583,cpu_fallback,16000,130542,0,0,0,0,,,,,none
87,86,1814411392094583,1814411392239625,1814411392277375,1814411392761249,gpu_delivered,37750,145042,0,0,0,3.2596290111541748e-08,,,,,none
88,87,1814411392761249,1814411392909333,1814411392940833,1814411393427916,cpu_fallback,31500,148084,0,0,0,0,,,,,none
89,88,1814411393427916,1814411393560708,1814411393581541,1814411394094583,gpu_delivered,20833,132792,0,0,0,3.4924596548080444e-08,,,,,none
90,89,1814411394094583,1814411394234416,1814411394251916,1814411394761249,cpu_fallback,17500,139833,0,0,0,0,,,,,none
91,90,1814411394761249,1814411394965083,1814411394981833,1814411395427916,gpu_delivered,16750,203834,0,0,0,6.6123902797698975e-08,,,,,none
92,91,1814411395427916,1814411395559541,1814411395575000,1814411396094583,gpu_delivered,15459,131625,0,0,0,4.5110937207937241e-08,,,,,none
93,92,1814411396094583,1814411396232791,1814411396249208,1814411396761249,gpu_delivered,16417,138208,0,0,0,3.795139491558075e-08,,,,,none
94,93,1814411396761249,1814411396916958,1814411396935000,1814411397427916,gpu_delivered,18042,155709,0,0,0,4.8428773880004883e-08,,,,,none
95,94,1814411397427916,1814411397559916,1814411397579500,1814411398094583,gpu_delivered,19584,132000,0,0,0,6.5192580223083496e-08,,,,,none
96,95,1814411398094583,1814411398231916,1814411398249291,1814411398761249,gpu_delivered,17375,137333,0,0,0,4.5634806156158447e-08,,,,,none
97,96,1814411398761249,1814411398838541,1814411398854750,1814411399427916,cpu_fallback,16209,77292,0,0,0,0,,,,,none
98,97,1814411399427916,1814411399580791,1814411399623125,1814411400094583,gpu_delivered,42334,152875,0,0,0,3.3527612686157227e-08,,,,,none
99,98,1814411400094583,1814411400224750,1814411400241750,1814411400761249,cpu_fallback,17000,130167,0,0,0,0,,,,,none
100,99,1814411400761249,1814411400917333,1814411400934083,1814411401427916,gpu_delivered,16750,156084,0,0,0,6.1001628637313843e-08,,,,,none
101,100,1814411401427916,1814411401557916,1814411401575625,1814411402094583,cpu_fallback,17709,130000,0,0,0,0,,,,,none
102,101,1814411402094583,1814411402255083,1814411402272166,1814411402761249,gpu_delivered,17083,160500,0,0,0,3.5855919122695923e-08,,,,,none
103,102,1814411402761249,1814411402889500,1814411402904208,1814411403427916,gpu_delivered,14708,128251,0,0,0,4.5634806156158447e-08,,,,,none
104,103,1814411403427916,1814411403495625,1814411403511500,1814411404094583,gpu_delivered,15875,67709,0,0,0,4.8894435167312622e-08,,,,,none
105,104,1814411404094583,1814411404253291,1814411404268166,1814411404761249,gpu_delivered,14875,158708,0,0,0,3.14321368932724e-08,,,,,none
106,105,1814411404761249,1814411404891416,1814411404905708,1814411405427916,gpu_delivered,14292,130167,0,0,0,3.6787241697311401e-08,,,,,none
107,106,1814411405427916,1814411405567916,1814411405601166,1814411406094583,gpu_delivered,33250,140000,0,0,0,4.0046870708465576e-08,,,,,none
108,107,1814411406094583,1814411406226708,1814411406244166,1814411406761249,gpu_delivered,17458,132125,0,0,0,4.1909515857696533e-08,,,,,none
109,108,1814411406761249,1814411406927000,1814411406944833,1814411407427916,gpu_delivered,17833,165751,0,0,0,5.4016709327697754e-08,,,,,none
110,109,1814411407427916,1814411407554458,1814411407574583,1814411408094583,gpu_delivered,20125,126542,0,0,0,4.5634806156158447e-08,,,,,none
111,110,1814411408094583,1814411408243708,1814411408261208,1814411408761249,gpu_delivered,17500,149125,0,0,0,7.1711838245391846e-08,,,,,none
112,111,1814411408761249,1814411408797750,1814411408814041,1814411409427916,gpu_delivered,16291,36501,0,0,0,5.4482370615005493e-08,,,,,none
113,112,1814411409427916,1814411409623333,1814411409640250,1814411410094583,gpu_delivered,16917,195417,0,0,0,4.5169144868850708e-08,,,,,none
114,113,1814411410094583,1814411410219375,1814411410248250,1814411410761249,cpu_fallback,28875,124792,0,0,0,0,,,,,none
115,114,1814411410761249,1814411410895041,1814411410911791,1814411411427916,gpu_delivered,16750,133792,0,0,0,3.9115548133850098e-08,,,,,none
116,115,1814411411427916,1814411411572416,1814411411645041,1814411412094583,gpu_delivered,72625,144500,0,0,0,4.1909515857696533e-08,,,,,none
117,116,1814411412094583,1814411412215916,1814411412233250,1814411412761249,gpu_delivered,17334,121333,0,0,0,3.5855919122695923e-08,,,,,none
118,117,1814411412761249,1814411412899541,1814411412917458,1814411413427916,gpu_delivered,17917,138292,0,0,0,3.3061951398849487e-08,,,,,none
119,118,1814411413427916,1814411413563958,1814411413606875,1814411414094583,cpu_fallback,42917,136042,0,0,0,0,,,,,none
120,119,1814411414094583,1814411414225083,1814411414242791,1814411414761249,gpu_delivered,17708,130500,0,0,0,4.2840838432312012e-08,,,,,none
121,120,1814411414761249,1814411414901125,1814411414917541,1814411415427916,cpu_fallback,16416,139876,0,0,0,0,,,,,none
122,121,1814411415427916,1814411415436750,1814411415453125,1814411416094583,gpu_delivered,16375,8834,0,0,0,4.7497451305389404e-08,,,,,none
123,122,1814411416094583,1814411416259833,1814411416276708,1814411416761249,gpu_delivered,16875,165250,0,0,0,6.4144842326641083e-08,,,,,none
124,123,1814411416761249,1814411416891750,1814411416908625,1814411417427916,gpu_delivered,16875,130501,0,0,0,4.4237822294235229e-08,,,,,none
125,124,1814411417427916,1814411417564166,1814411417582750,1814411418094583,gpu_delivered,18584,136250,0,0,0,4.6798959374427795e-08,,,,,none
126,125,1814411418094583,1814411418229500,1814411418287125,1814411418761249,gpu_delivered,57625,134917,0,0,0,5.3085386753082275e-08,,,,,none
127,126,1814411418761249,1814411418911500,1814411418928166,1814411419427916,gpu_delivered,16666,150251,0,0,0,5.3551048040390015e-08,,,,,none
128,127,1814411419427916,1814411419565333,1814411419581000,1814411420094583,gpu_delivered,15667,137417,0,0,0,4.534376785159111e-08,,,,,none
129,128,1814411420094583,1814411420228875,1814411420243791,1814411420761249,gpu_delivered,14916,134292,0,0,0,4.5634806156158447e-08,,,,,none
130,129,1814411420761249,1814411420901708,1814411420916750,1814411421427916,gpu_delivered,15042,140459,0,0,0,3.2130628824234009e-08,,,,,none
131,130,1814411421427916,1814411421561541,1814411421577750,1814411422094583,gpu_delivered,16209,133625,0,0,0,5.1222741603851318e-08,,,,,none
132,131,1814411422094583,1814411422228166,1814411422242708,1814411422761249,gpu_delivered,14542,133583,0,0,0,6.5192580223083496e-08,,,,,none
133,132,1814411422761249,1814411422899333,1814411422918416,1814411423427916,gpu_delivered,19083,138084,0,0,0,4.0978193283081055e-08,,,,,none
134,133,1814411423427916,1814411423572708,1814411423610041,1814411424094583,gpu_delivered,37333,144792,0,0,0,4.3306499719619751e-08,,,,,none
135,134,1814411424094583,1814411424144416,1814411424159291,1814411424761249,gpu_delivered,14875,49833,0,0,0,4.8894435167312622e-08,,,,,none
136,135,1814411424761249,1814411424925291,1814411424940333,1814411425427916,gpu_delivered,15042,164042,0,0,0,3.2596290111541748e-08,,,,,none
137,136,1814411425427916,1814411425557541,1814411425576666,1814411426094583,cpu_fallback,19125,129625,0,0,0,0,,,,,none
138,137,1814411426094583,1814411426233291,1814411426249166,1814411426761249,gpu_delivered,15875,138708,0,0,0,3.9115548133850098e-08,,,,,none
139,138,1814411426761249,1814411426896000,1814411426935041,1814411427427916,gpu_delivered,39041,134751,0,0,0,5.9604644775390625e-08,,,,,none
140,139,1814411427427916,1814411427563583,1814411427579375,1814411428094583,gpu_delivered,15792,135667,0,0,0,5.634501576423645e-08,,,,,none
141,140,1814411428094583,1814411428258916,1814411428274791,1814411428761249,gpu_delivered,15875,164333,0,0,0,5.972106009721756e-08,,,,,none
142,141,1814411428761249,1814411428892250,1814411428918500,1814411429427916,cpu_fallback,26250,131001,0,0,0,0,,,,,none
143,142,1814411429427916,1814411429572875,1814411429590333,1814411430094583,gpu_delivered,17458,144959,0,0,0,4.1676685214042664e-08,,,,,none
144,143,1814411430094583,1814411430232125,1814411430249125,1814411430761249,cpu_fallback,17000,137542,0,0,0,0,,,,,none
145,144,1814411430761249,1814411430905875,1814411430922833,1814411431427916,gpu_delivered,16958,144626,0,0,0,3.4458935260772705e-08,,,,,none
146,145,1814411431427916,1814411431559916,1814411431574875,1814411432094583,cpu_fallback,14959,132000,0,0,0,0,,,,,none
147,146,1814411432094583,1814411432216000,1814411432232375,1814411432761249,gpu_delivered,16375,121417,0,0,0,4.6566128730773926e-08,,,,,none
148,147,1814411432761249,1814411432901750,1814411432927875,1814411433427916,gpu_delivered,26125,140501,0,0,0,3.3527612686157227e-08,,,,,none
149,148,1814411433427916,1814411433564708,1814411433595333,1814411434094583,gpu_delivered,30625,136792,0,0,0,3.5855919122695923e-08,,,,,none
150,149,1814411434094583,1814411434243458,1814411434271708,1814411434761249,gpu_delivered,28250,148875,0,0,0,4.7031790018081665e-08,,,,,none
151,150,1814411434761249,1814411434904166,1814411434919333,1814411435427916,cpu_fallback,15167,142917,0,0,0,0,,,,,none
152,151,1814411435427916,1814411435562250,1814411435589250,1814411436094583,gpu_delivered,27000,134334,0,0,0,4.0978193283081055e-08,,,,,none
153,152,1814411436094583,1814411436130750,1814411436157250,1814411436761249,cpu_fallback,26500,36167,0,0,0,0,,,,,none
154,153,1814411436761249,1814411436927666,1814411436943333,1814411437427916,gpu_delivered,15667,166417,0,0,0,5.4948031902313232e-08,,,,,none
155,154,1814411437427916,1814411437563541,1814411437578958,1814411438094583,cpu_fallback,15417,135625,0,0,0,0,,,,,none
156,155,1814411438094583,1814411438229666,1814411438248375,1814411438761249,gpu_delivered,18709,135083,0,0,0,7.4505805969238281e-08,,,,,none
157,156,1814411438761249,1814411438906666,1814411438922625,1814411439427916,gpu_delivered,15959,145417,0,0,0,5.1686583901755512e-08,,,,,none
158,157,1814411439427916,1814411439580666,1814411439598083,1814411440094583,gpu_delivered,17417,152750,0,0,0,4.0803570300340652e-08,,,,,none
159,158,1814411440094583,1814411440245083,1814411440261291,1814411440761249,gpu_delivered,16208,150500,0,0,0,4.6566128730773926e-08,,,,,none
160,159,1814411440761249,1814411440894416,1814411440911791,1814411441427916,gpu_delivered,17375,133167,0,0,0,5.4948031902313232e-08,,,,,none
161,160,1814411441427916,1814411441630250,1814411441645250,1814411442094583,gpu_delivered,15000,202334,0,0,0,5.5413693189620972e-08,,,,,none
162,161,1814411442094583,1814411442195291,1814411442210291,1814411442761249,gpu_delivered,15000,100708,0,0,0,3.771856427192688e-08,,,,,none
163,162,1814411442761249,1814411442851000,1814411442868250,1814411443427916,gpu_delivered,17250,89751,0,0,0,4.1909515857696533e-08,,,,,none
164,163,1814411443427916,1814411443605708,1814411443621500,1814411444094583,cpu_fallback,15792,177792,0,0,0,0,,,,,none
165,164,1814411444094583,1814411444189041,1814411444206875,1814411444761249,gpu_delivered,17834,94458,0,0,0,3.6321580410003662e-08,,,,,none
166,165,1814411444761249,1814411444871791,1814411444888916,1814411445427916,gpu_delivered,17125,110542,0,0,0,3.7252902984619141e-08,,,,,none
167,166,1814411445427916,1814411445572458,1814411445601000,1814411446094583,cpu_fallback,28542,144542,0,0,0,0,,,,,none
168,167,1814411446094583,1814411446224250,1814411446238750,1814411446761249,gpu_delivered,14500,129667,0,0,0,4.1909515857696533e-08,,,,,none
169,168,1814411446761249,1814411446900000,1814411446920375,1814411447427916,cpu_fallback,20375,138751,0,0,0,0,,,,,none
170,169,1814411447427916,1814411447577333,1814411447594125,1814411448094583,cpu_fallback,16792,149417,0,0,0,0,,,,,none
171,170,1814411448094583,1814411448230208,1814411448246458,1814411448761249,cpu_fallback,16250,135625,0,0,0,0,,,,,none
172,171,1814411448761249,1814411448884833,1814411448899916,1814411449427916,gpu_delivered,15083,123584,0,0,0,5.7945726439356804e-08,,,,,none
173,172,1814411449427916,1814411449564250,1814411449579166,1814411450094583,gpu_delivered,14916,136334,0,0,0,4.0512531995773315e-08,,,,,none
174,173,1814411450094583,1814411450229333,1814411450244458,1814411450761249,gpu_delivered,15125,134750,0,0,0,3.9115548133850098e-08,,,,,none
175,174,1814411450761249,1814411450879750,1814411450897000,1814411451427916,gpu_delivered,17250,118501,0,0,0,3.7252902984619141e-08,,,,,none
176,175,1814411451427916,1814411451582166,1814411451600166,1814411452094583,gpu_delivered,18000,154250,0,0,0,3.6088749766349792e-08,,,,,none
177,176,1814411452094583,1814411452247541,1814411452263666,1814411452761249,gpu_delivered,16125,152958,0,0,0,4.2375177145004272e-08,,,,,none
178,177,1814411452761249,1814411452893458,1814411452911500,1814411453427916,gpu_delivered,18042,132209,0,0,0,4.377216100692749e-08,,,,,none
179,178,1814411453427916,1814411453484083,1814411453500541,1814411454094583,cpu_fallback,16458,56167,0,0,0,0,,,,,none
180,179,1814411454094583,1814411454134000,1814411454148500,1814411454761249,gpu_delivered,14500,39417,0,0,0,5.8673322200775146e-08,,,,,none
181,180,1814411454761249,1814411454921958,1814411454939000,1814411455427916,gpu_delivered,17042,160709,0,0,0,4.4470652937889099e-08,,,,,none
182,181,1814411455427916,1814411455580166,1814411455657375,1814411456094583,gpu_delivered,77209,152250,0,0,0,4.8661604523658752e-08,,,,,none
183,182,1814411456094583,1814411456220083,1814411456235916,1814411456761249,cpu_fallback,15833,125500,0,0,0,0,,,,,none
184,183,1814411456761249,1814411456907916,1814411456925875,1814411457427916,gpu_delivered,17959,146667,0,0,0,4.9360096454620361e-08,,,,,none
185,184,1814411457427916,1814411457587041,1814411457603833,1814411458094583,gpu_delivered,16792,159125,0,0,0,5.029141902923584e-08,,,,,none
186,185,1814411458094583,1814411458225666,1814411458244083,1814411458761249,gpu_delivered,18417,131083,0,0,0,4.8428773880004883e-08,,,,,none
187,186,1814411458761249,1814411458918083,1814411458955125,1814411459427916,gpu_delivered,37042,156834,0,0,0,5.8440491557121277e-08,,,,,none
188,187,1814411459427916,1814411459555375,1814411459572875,1814411460094583,gpu_delivered,17500,127459,0,0,0,3.8038706406950951e-08,,,,,none
189,188,1814411460094583,1814411460238083,1814411460255750,1814411460761249,gpu_delivered,17667,143500,0,0,0,5.9604644775390625e-08,,,,,none
190,189,1814411460761249,1814411460821458,1814411460841916,1814411461427916,gpu_delivered,20458,60209,0,0,0,6.891787052154541e-08,,,,,none
191,190,1814411461427916,1814411461513541,1814411461528750,1814411462094583,gpu_delivered,15209,85625,0,0,0,4.7963112592697144e-08,,,,,none
192,191,1814411462094583,1814411462244583,1814411462262833,1814411462761249,gpu_delivered,18250,150000,0,0,0,4.0512531995773315e-08,,,,,none
193,192,1814411462761249,1814411462905666,1814411462922416,1814411463427916,gpu_delivered,16750,144417,0,0,0,3.3527612686157227e-08,,,,,none
194,193,1814411463427916,1814411463553833,1814411463597083,1814411464094583,cpu_fallback,43250,125917,0,0,0,0,,,,,none
195,194,1814411464094583,1814411464186958,1814411464211333,1814411464761249,cpu_fallback,24375,92375,0,0,0,0,,,,,none
196,195,1814411464761249,1814411464920125,1814411464935041,1814411465427916,cpu_fallback,14916,158876,0,0,0,0,,,,,none
197,196,1814411465427916,1814411465559375,1814411465576250,1814411466094583,cpu_fallback,16875,131459,0,0,0,0,,,,,none
198,197,1814411466094583,1814411466239916,1814411466266666,1814411466761249,gpu_delivered,26750,145333,0,0,0,4.0512531995773315e-08,,,,,none
199,198,1814411466761249,1814411466892958,1814411466909500,1814411467427916,cpu_fallback,16542,131709,0,0,0,0,,,,,none
200,199,1814411467427916,1814411467565583,1814411467581041,1814411468094583,gpu_delivered,15458,137667,0,0,0,4.7963112592697144e-08,,,,,none
201,200,1814411468094583,1814411468250333,1814411468268458,1814411468761249,gpu_delivered,18125,155750,0,0,0,7.2643160820007324e-08,,,,,none
202,201,1814411468761249,1814411468945916,1814411468961416,1814411469427916,cpu_fallback,15500,184667,0,0,0,0,,,,,none
203,202,1814411469427916,1814411469555833,1814411469570291,1814411470094583,cpu_fallback,14458,127917,0,0,0,0,,,,,none
204,203,1814411470094583,1814411470232791,1814411470248666,1814411470761249,gpu_delivered,15875,138208,0,0,0,4.377216100692749e-08,,,,,none
205,204,1814411470761249,1814411470805458,1814411470822916,1814411471427916,cpu_fallback,17458,44209,0,0,0,0,,,,,none
206,205,1814411471427916,1814411471598875,1814411471615791,1814411472094583,gpu_delivered,16916,170959,0,0,0,5.0407834351062775e-08,,,,,none
207,206,1814411472094583,1814411472105041,1814411472122125,1814411472761249,cpu_fallback,17084,10458,0,0,0,0,,,,,none
208,207,1814411472761249,1814411472927916,1814411472945291,1814411473427916,gpu_delivered,17375,166667,0,0,0,3.9115548133850098e-08,,,,,none
209,208,1814411473427916,1814411473469000,1814411473488041,1814411474094583,gpu_delivered,19041,41084,0,0,0,7.3574483394622803e-08,,,,,none
210,209,1814411474094583,1814411474255083,1814411474271500,1814411474761249,gpu_delivered,16417,160500,0,0,0,4.7963112592697144e-08,,,,,none
211,210,1814411474761249,1814411474900541,1814411474922500,1814411475427916,gpu_delivered,21959,139292,0,0,0,4.2899046093225479e-08,,,,,none
212,211,1814411475427916,1814411475606916,1814411475625041,1814411476094583,gpu_delivered,18125,179000,0,0,0,4.377216100692749e-08,,,,,none
213,212,1814411476094583,1814411476219458,1814411476246375,1814411476761249,gpu_delivered,26917,124875,0,0,0,3.9115548133850098e-08,,,,,none
214,213,1814411476761249,1814411476911875,1814411476928916,1814411477427916,gpu_delivered,17041,150626,0,0,0,3.7252902984619141e-08,,,,,none
215,214,1814411477427916,1814411477547125,1814411477567083,1814411478094583,gpu_delivered,19958,119209,0,0,0,3.795139491558075e-08,,,,,none
216,215,1814411478094583,1814411478295000,1814411478310708,1814411478761249,gpu_delivered,15708,200417,0,0,0,4.5169144868850708e-08,,,,,none
217,216,1814411478761249,1814411478883250,1814411478900958,1814411479427916,gpu_delivered,17708,122001,0,0,0,4.5634806156158447e-08,,,,,none
218,217,1814411479427916,1814411479570000,1814411479606291,1814411480094583,cpu_fallback,36291,142084,0,0,0,0,,,,,none
219,218,1814411480094583,1814411480230166,1814411480246916,1814411480761249,cpu_fallback,16750,135583,0,0,0,0,,,,,none
220,219,1814411480761249,1814411480944750,1814411480963166,1814411481427916,cpu_fallback,18416,183501,0,0,0,0,,,,,none
221,220,1814411481427916,1814411481556500,1814411481574000,1814411482094583,cpu_fallback,17500,128584,0,0,0,0,,,,,none
222,221,1814411482094583,1814411482232750,1814411482250416,1814411482761249,gpu_delivered,17666,138167,0,0,0,3.4226104617118835e-08,,,,,none
223,222,1814411482761249,1814411482794166,1814411482810000,1814411483427916,gpu_delivered,15834,32917,0,0,0,3.2596290111541748e-08,,,,,none
224,223,1814411483427916,1814411483639416,1814411483656375,1814411484094583,gpu_delivered,16959,211500,0,0,0,5.1222741603851318e-08,,,,,none
225,224,1814411484094583,1814411484220875,1814411484249750,1814411484761249,gpu_delivered,28875,126292,0,0,0,3.771856427192688e-08,,,,,none
226,225,1814411484761249,1814411484893708,1814411484909583,1814411485427916,gpu_delivered,15875,132459,0,0,0,4.1909515857696533e-08,,,,,none
227,226,1814411485427916,1814411485565291,1814411485582333,1814411486094583,gpu_delivered,17042,137375,0,0,0,3.6088749766349792e-08,,,,,none
228,227,1814411486094583,1814411486205250,1814411486222833,1814411486761249,gpu_delivered,17583,110667,0,0,0,4.1909515857696533e-08,,,,,none
229,228,1814411486761249,1814411486903250,1814411486920583,1814411487427916,cpu_fallback,17333,142001,0,0,0,0,,,,,none
230,229,1814411487427916,1814411487560583,1814411487575458,1814411488094583,cpu_fallback,14875,132667,0,0,0,0,,,,,none
231,230,1814411488094583,1814411488233500,1814411488252916,1814411488761249,gpu_delivered,19416,138917,0,0,0,5.3085386753082275e-08,,,,,none
232,231,1814411488761249,1814411488894458,1814411488911083,1814411489427916,gpu_delivered,16625,133209,0,0,0,3.795139491558075e-08,,,,,none
233,232,1814411489427916,1814411489564500,1814411489580958,1814411490094583,gpu_delivered,16458,136584,0,0,0,4.7963112592697144e-08,,,,,none
234,233,1814411490094583,1814411490151416,1814411490168958,1814411490761249,gpu_delivered,17542,56833,0,0,0,3.8184225559234619e-08,,,,,none
235,234,1814411490761249,1814411490923916,1814411490941708,1814411491427916,gpu_delivered,17792,162667,0,0,0,4.691537469625473e-08,,,,,none
236,235,1814411491427916,1814411491557583,1814411491576750,1814411492094583,cpu_fallback,19167,129667,0,0,0,0,,,,,none
237,236,1814411492094583,1814411492114208,1814411492151291,1814411492761249,gpu_delivered,37083,19625,0,0,0,3.6321580410003662e-08,,,,,none
238,237,1814411492761249,1814411492922833,1814411492961166,1814411493427916,gpu_delivered,38333,161584,0,0,0,5.029141902923584e-08,,,,,none
239,238,1814411493427916,1814411493551791,1814411493566875,1814411494094583,gpu_delivered,15084,123875,0,0,0,4.8428773880004883e-08,,,,,none
240,239,1814411494094583,1814411494231708,1814411494248000,1814411494761249,gpu_delivered,16292,137125,0,0,0,4.0046870708465576e-08,,,,,none
241,240,1814411494761249,1814411494899583,1814411494916833,1814411495427916,gpu_delivered,17250,138334,0,0,0,3.9697624742984772e-08,,,,,none
242,241,1814411495427916,1814411495564541,1814411495582958,1814411496094583,cpu_fallback,18417,136625,0,0,0,0,,,,,none
243,242,1814411496094583,1814411496138500,1814411496164000,1814411496761249,gpu_delivered,25500,43917,0,0,0,4.1909515857696533e-08,,,,,none
244,243,1814411496761249,1814411496934541,1814411496965083,1814411497427916,cpu_fallback,30542,173292,0,0,0,0,,,,,none
245,244,1814411497427916,1814411497546250,1814411497563666,1814411498094583,gpu_delivered,17416,118334,0,0,0,6.7055225372314453e-08,,,,,none
246,245,1814411498094583,1814411498150291,1814411498166291,1814411498761249,cpu_fallback,16000,55708,0,0,0,0,,,,,none
247,246,1814411498761249,1814411498817166,1814411498833041,1814411499427916,gpu_delivered,15875,55917,0,0,0,5.6999851949512959e-08,,,,,none
248,247,1814411499427916,1814411499594333,1814411499686916,1814411500094583,gpu_delivered,92583,166417,0,0,0,5.3085386753082275e-08,,,,,none
249,248,1814411500094583,1814411500232333,1814411500250500,1814411500761249,gpu_delivered,18167,137750,0,0,0,6.0535967350006104e-08,,,,,none
250,249,1814411500761249,1814411500902625,1814411500918875,1814411501427916,gpu_delivered,16250,141376,0,0,0,3.7252902984619141e-08,,,,,none
251,250,1814411501427916,1814411501574916,1814411501604208,1814411502094583,gpu_delivered,29292,147000,0,0,0,4.5634806156158447e-08,,,,,none
252,251,1814411502094583,1814411502233625,1814411502249541,1814411502761249,gpu_delivered,15916,139042,0,0,0,4.0978193283081055e-08,,,,,none
253,252,1814411502761249,1814411502908333,1814411502923083,1814411503427916,gpu_delivered,14750,147084,0,0,0,5.029141902923584e-08,,,,,none
254,253,1814411503427916,1814411503569000,1814411503586125,1814411504094583,gpu_delivered,17125,141084,0,0,0,3.4691765904426575e-08,,,,,none
255,254,1814411504094583,1814411504236583,1814411504252000,1814411504761249,cpu_fallback,15417,142000,0,0,0,0,,,,,none
256,255,1814411504761249,1814411504903416,1814411504921666,1814411505427916,gpu_delivered,18250,142167,0,0,0,4.1509338188916445e-08,,,,,none
257,256,1814411505427916,1814411505564041,1814411505579708,1814411506094583,gpu_delivered,15667,136125,0,0,0,4.0512531995773315e-08,,,,,none
258,257,1814411506094583,1814411506185666,1814411506201958,1814411506761249,gpu_delivered,16292,91083,0,0,0,3.9115548133850098e-08,,,,,none
259,258,1814411506761249,1814411506930916,1814411506947250,1814411507427916,gpu_delivered,16334,169667,0,0,0,5.1688402891159058e-08,,,,,none
260,259,1814411507427916,1814411507575083,1814411507590625,1814411508094583,cpu_fallback,15542,147167,0,0,0,0,,,,,none
261,260,1814411508094583,1814411508230875,1814411508261916,1814411508761249,gpu_delivered,31041,136292,0,0,0,7.2643160820007324e-08,,,,,none
262,261,1814411508761249,1814411508909666,1814411508927458,1814411509427916,gpu_delivered,17792,148417,0,0,0,7.1479007601737976e-08,,,,,none
263,262,1814411509427916,1814411509564083,1814411509582083,1814411510094583,gpu_delivered,18000,136167,0,0,0,6.1001628637313843e-08,,,,,none
264,263,1814411510094583,1814411510238875,1814411510256416,1814411510761249,gpu_delivered,17541,144292,0,0,0,3.9115548133850098e-08,,,,,none
265,264,1814411510761249,1814411510930041,1814411510981875,1814411511427916,gpu_delivered,51834,168792,0,0,0,3.3760443329811096e-08,,,,,none
266,265,1814411511427916,1814411511483666,1814411511499875,1814411512094583,cpu_fallback,16209,55750,0,0,0,0,,,,,none
267,266,1814411512094583,1814411512251833,1814411512267708,1814411512761249,gpu_delivered,15875,157250,0,0,0,4.8428773880004883e-08,,,,,none
268,267,1814411512761249,1814411512894791,1814411512910125,1814411513427916,gpu_delivered,15334,133542,0,0,0,7.1013346314430237e-08,,,,,none
269,268,1814411513427916,1814411513563833,1814411513585375,1814411514094583,cpu_fallback,21542,135917,0,0,0,0,,,,,none
270,269,1814411514094583,1814411514236625,1814411514252250,1814411514761249,gpu_delivered,15625,142042,0,0,0,3.9348378777503967e-08,,,,,none
271,270,1814411514761249,1814411514897458,1814411514917750,1814411515427916,cpu_fallback,20292,136209,0,0,0,0,,,,,none
272,271,1814411515427916,1814411515586416,1814411515604000,1814411516094583,cpu_fallback,17584,158500,0,0,0,0,,,,,none
273,272,1814411516094583,1814411516228333,1814411516247375,1814411516761249,gpu_delivered,19042,133750,0,0,0,4.7497451305389404e-08,,,,,none
274,273,1814411516761249,1814411516898833,1814411516927666,1814411517427916,gpu_delivered,28833,137584,0,0,0,4.2840838432312012e-08,,,,,none
275,274,1814411517427916,1814411517580291,1814411517598750,1814411518094583,gpu_delivered,18459,152375,0,0,0,5.0757080316543579e-08,,,,,none
276,275,1814411518094583,1814411518228333,1814411518246625,1814411518761249,gpu_delivered,18292,133750,0,0,0,4.7497451305389404e-08,,,,,none
277,276,1814411518761249,1814411518898791,1814411518918291,1814411519427916,cpu_fallback,19500,137542,0,0,0,0,,,,,none
278,277,1814411519427916,1814411519566416,1814411519584416,1814411520094583,cpu_fallback,18000,138500,0,0,0,0,,,,,none
279,278,1814411520094583,1814411520232291,1814411520249833,1814411520761249,cpu_fallback,17542,137708,0,0,0,0,,,,,none
280,279,1814411520761249,1814411520917833,1814411520935875,1814411521427916,gpu_delivered,18042,156584,0,0,0,3.3876858651638031e-08,,,,,none
281,280,1814411521427916,1814411521565250,1814411521581041,1814411522094583,gpu_delivered,15791,137334,0,0,0,3.8417056202888489e-08,,,,,none
282,281,1814411522094583,1814411522230375,1814411522259166,1814411522761249,gpu_delivered,28791,135792,0,0,0,3.2829120755195618e-08,,,,,none
283,282,1814411522761249,1814411522963208,1814411522980875,1814411523427916,gpu_delivered,17667,201959,0,0,0,3.9115548133850098e-08,,,,,none
284,283,1814411523427916,1814411523549125,1814411523595291,1814411524094583,cpu_fallback,46166,121209,0,0,0,0,,,,,none
285,284,1814411524094583,1814411524232625,1814411524258333,1814411524761249,gpu_delivered,25708,138042,0,0,0,3.8882717490196228e-08,,,,,none
286,285,1814411524761249,1814411524794208,1814411524845375,1814411525427916,cpu_fallback,51167,32959,0,0,0,0,,,,,none
287,286,1814411525427916,1814411525551916,1814411525570041,1814411526094583,gpu_delivered,18125,124000,0,0,0,5.1222741603851318e-08,,,,,none
288,287,1814411526094583,1814411526238833,1814411526256125,1814411526761249,cpu_fallback,17292,144250,0,0,0,0,,,,,none
289,288,1814411526761249,1814411526903583,1814411526919708,1814411527427916,cpu_fallback,16125,142334,0,0,0,0,,,,,none
290,289,1814411527427916,1814411527579208,1814411527594583,1814411528094583,gpu_delivered,15375,151292,0,0,0,4.1909515857696533e-08,,,,,none
291,290,1814411528094583,1814411528241791,1814411528260916,1814411528761249,gpu_delivered,19125,147208,0,0,0,3.2596290111541748e-08,,,,,none
292,291,1814411528761249,1814411528815708,1814411528833541,1814411529427916,cpu_fallback,17833,54459,0,0,0,0,,,,,none
293,292,1814411529427916,1814411529594166,1814411529683291,1814411530094583,cpu_fallback,89125,166250,0,0,0,0,,,,,none
294,293,1814411530094583,1814411530204458,1814411530218208,1814411530761249,cpu_fallback,13750,109875,0,0,0,0,,,,,none
295,294,1814411530761249,1814411530903750,1814411530917291,1814411531427916,cpu_fallback,13541,142501,0,0,0,0,,,,,none
296,295,1814411531427916,1814411531519583,1814411531533500,1814411532094583,cpu_fallback,13917,91667,0,0,0,0,,,,,none
297,296,1814411532094583,1814411532262583,1814411532306875,1814411532761249,gpu_delivered,44292,168000,0,0,0,4.4936314225196838e-08,,,,,none
298,297,1814411532761249,1814411532883875,1814411532900750,1814411533427916,gpu_delivered,16875,122626,0,0,0,3.166496753692627e-08,,,,,none
299,298,1814411533427916,1814411533624708,1814411533642708,1814411534094583,gpu_delivered,18000,196792,0,0,0,4.5169144868850708e-08,,,,,none
300,299,1814411534094583,1814411534216083,1814411534232875,1814411534761249,gpu_delivered,16792,121500,0,0,0,3.748573362827301e-08,,,,,none
301,300,1814411534761249,1814411534903708,1814411534920500,1814411535427916,gpu_delivered,16792,142459,0,0,0,5.4249539971351624e-08,,,,,none
302,301,1814411535427916,1814411535562416,1814411535578458,1814411536094583,gpu_delivered,16042,134500,0,0,0,4.2840838432312012e-08,,,,,none
303,302,1814411536094583,1814411536172500,1814411536188250,1814411536761249,gpu_delivered,15750,77917,0,0,0,4.1356543079018593e-08,,,,,none
304,303,1814411536761249,1814411536911500,1814411536927833,1814411537427916,gpu_delivered,16333,150251,0,0,0,4.6100467443466187e-08,,,,,none
305,304,1814411537427916,1814411537563541,1814411537582541,1814411538094583,cpu_fallback,19000,135625,0,0,0,0,,,,,none
306,305,1814411538094583,1814411538231416,1814411538248583,1814411538761249,gpu_delivered,17167,136833,0,0,0,4.5634806156158447e-08,,,,,none
307,306,1814411538761249,1814411538897166,1814411538914708,1814411539427916,gpu_delivered,17542,135917,0,0,0,7.543712854385376e-08,,,,,none
308,307,1814411539427916,1814411539565625,1814411539581250,1814411540094583,gpu_delivered,15625,137709,0,0,0,4.8894435167312622e-08,,,,,none
309,308,1814411540094583,1814411540245250,1814411540260500,1814411540761249,gpu_delivered,15250,150667,0,0,0,5.5413693189620972e-08,,,,,none
310,309,1814411540761249,1814411540896541,1814411540912625,1814411541427916,cpu_fallback,16084,135292,0,0,0,0,,,,,none
311,310,1814411541427916,1814411541567291,1814411541584791,1814411542094583,cpu_fallback,17500,139375,0,0,0,0,,,,,none
312,311,1814411542094583,1814411542234750,1814411542251250,1814411542761249,gpu_delivered,16500,140167,0,0,0,3.3527612686157227e-08,,,,,none
313,312,1814411542761249,1814411542905791,1814411542923166,1814411543427916,cpu_fallback,17375,144542,0,0,0,0,,,,,none
314,313,1814411543427916,1814411543489583,1814411543509791,1814411544094583,cpu_fallback,20208,61667,0,0,0,0,,,,,none
315,314,1814411544094583,1814411544256708,1814411544272916,1814411544761249,gpu_delivered,16208,162125,0,0,0,4.6566128730773926e-08,,,,,none
316,315,1814411544761249,1814411544894791,1814411544932375,1814411545427916,cpu_fallback,37584,133542,0,0,0,0,,,,,none
317,316,1814411545427916,1814411545450166,1814411545466583,1814411546094583,cpu_fallback,16417,22250,0,0,0,0,,,,,none
318,317,1814411546094583,1814411546263250,1814411546280166,1814411546761249,gpu_delivered,16916,168667,0,0,0,4.4703483581542969e-08,,,,,none
319,318,1814411546761249,1814411546888833,1814411546906000,1814411547427916,cpu_fallback,17167,127584,0,0,0,0,,,,,none
320,319,1814411547427916,1814411547563708,1814411547580041,1814411548094583,gpu_delivered,16333,135792,0,0,0,4.6100467443466187e-08,,,,,none
321,320,1814411548094583,1814411548242833,1814411548261750,1814411548761249,cpu_fallback,18917,148250,0,0,0,0,,,,,none
322,321,1814411548761249,1814411548895000,1814411548911750,1814411549427916,cpu_fallback,16750,133751,0,0,0,0,,,,,none
323,322,1814411549427916,1814411549455958,1814411549472000,1814411550094583,gpu_delivered,16042,28042,0,0,0,4.2840838432312012e-08,,,,,none
324,323,1814411550094583,1814411550259708,1814411550276375,1814411550761249,gpu_delivered,16667,165125,0,0,0,6.3329935073852539e-08,,,,,none
325,324,1814411550761249,1814411550897833,1814411550935750,1814411551427916,gpu_delivered,37917,136584,0,0,0,4.0745362639427185e-08,,,,,none
326,325,1814411551427916,1814411551567791,1814411551585708,1814411552094583,gpu_delivered,17917,139875,0,0,0,3.9581209421157837e-08,,,,,none
327,326,1814411552094583,1814411552237125,1814411552254791,1814411552761249,gpu_delivered,17666,142542,0,0,0,4.5634806156158447e-08,,,,,none
328,327,1814411552761249,1814411552898041,1814411552916208,1814411553427916,gpu_delivered,18167,136792,0,0,0,3.8649886846542358e-08,,,,,none
329,328,1814411553427916,1814411553561958,1814411553578583,1814411554094583,gpu_delivered,16625,134042,0,0,0,4.7031790018081665e-08,,,,,none
330,329,1814411554094583,1814411554230583,1814411554247666,1814411554761249,gpu_delivered,17083,136000,0,0,0,4.6566128730773926e-08,,,,,none
331,330,1814411554761249,1814411554876375,1814411554892541,1814411555427916,gpu_delivered,16166,115126,0,0,0,4.7031790018081665e-08,,,,,none
332,331,1814411555427916,1814411555577708,1814411555607625,1814411556094583,gpu_delivered,29917,149792,0,0,0,3.2596290111541748e-08,,,,,none
333,332,1814411556094583,1814411556178208,1814411556196625,1814411556761249,gpu_delivered,18417,83625,0,0,0,5.3230905905365944e-08,,,,,none
334,333,1814411556761249,1814411556912541,1814411556943041,1814411557427916,gpu_delivered,30500,151292,0,0,0,3.0733644962310791e-08,,,,,none
335,334,1814411557427916,1814411557538791,1814411557556458,1814411558094583,gpu_delivered,17667,110875,0,0,0,3.4458935260772705e-08,,,,,none
336,335,1814411558094583,1814411558245166,1814411558266125,1814411558761249,gpu_delivered,20959,150583,0,0,0,6.4261257648468018e-08,,,,,none
337,336,1814411558761249,1814411558891750,1814411558908083,1814411559427916,gpu_delivered,16333,130501,0,0,0,6.1932951211929321e-08,,,,,none
338,337,1814411559427916,1814411559562625,1814411559578916,1814411560094583,gpu_delivered,16291,134709,0,0,0,5.7392753660678864e-08,,,,,none
339,338,1814411560094583,1814411560230041,1814411560247000,1814411560761249,gpu_delivered,16959,135458,0,0,0,3.7369318306446075e-08,,,,,none
340,339,1814411560761249,1814411560953416,1814411560968625,1814411561427916,gpu_delivered,15209,192167,0,0,0,4.5401975512504578e-08,,,,,none
341,340,1814411561427916,1814411561573250,1814411561605250,1814411562094583,cpu_fallback,32000,145334,0,0,0,0,,,,,none
342,341,1814411562094583,1814411562225166,1814411562243208,1814411562761249,cpu_fallback,18042,130583,0,0,0,0,,,,,none
343,342,1814411562761249,1814411562897083,1814411562913541,1814411563427916,gpu_delivered,16458,135834,0,0,0,3.771856427192688e-08,,,,,none
344,343,1814411563427916,1814411563563875,1814411563582000,1814411564094583,cpu_fallback,18125,135959,0,0,0,0,,,,,none
345,344,1814411564094583,1814411564176583,1814411564193083,1814411564761249,gpu_delivered,16500,82000,0,0,0,3.7020072340965271e-08,,,,,none
346,345,1814411564761249,1814411564909750,1814411564926625,1814411565427916,cpu_fallback,16875,148501,0,0,0,0,,,,,none
347,346,1814411565427916,1814411565538375,1814411565554250,1814411566094583,gpu_delivered,15875,110459,0,0,0,3.4458935260772705e-08,,,,,none
348,347,1814411566094583,1814411566236916,1814411566253083,1814411566761249,gpu_delivered,16167,142333,0,0,0,3.5157427191734314e-08,,,,,none
349,348,1814411566761249,1814411566896291,1814411566914000,1814411567427916,gpu_delivered,17709,135042,0,0,0,4.6333298087120056e-08,,,,,none
350,349,1814411567427916,1814411567563875,1814411567580708,1814411568094583,cpu_fallback,16833,135959,0,0,0,0,,,,,none
351,350,1814411568094583,1814411568232291,1814411568249291,1814411568761249,gpu_delivered,17000,137708,0,0,0,4.5634806156158447e-08,,,,,none
352,351,1814411568761249,1814411568899125,1814411568916291,1814411569427916,gpu_delivered,17166,137876,0,0,0,5.2154064178466797e-08,,,,,none
353,352,1814411569427916,1814411569570041,1814411569587083,1814411570094583,gpu_delivered,17042,142125,0,0,0,4.8908987082540989e-08,,,,,none
354,353,1814411570094583,1814411570237750,1814411570255125,1814411570761249,gpu_delivered,17375,143167,0,0,0,3.7369318306446075e-08,,,,,none
355,354,1814411570761249,1814411570805416,1814411570823666,1814411571427916,cpu_fallback,18250,44167,0,0,0,0,,,,,none
356,355,1814411571427916,1814411571570375,1814411571587000,1814411572094583,gpu_delivered,16625,142459,0,0,0,4.5634806156158447e-08,,,,,none
357,356,1814411572094583,1814411572151833,1814411572167833,1814411572761249,gpu_delivered,16000,57250,0,0,0,6.891787052154541e-08,,,,,none
358,357,1814411572761249,1814411572822833,1814411572837916,1814411573427916,cpu_fallback,15083,61584,0,0,0,0,,,,,none
359,358,1814411573427916,1814411573585458,1814411573602333,1814411574094583,gpu_delivered,16875,157542,0,0,0,4.9360096454620361e-08,,,,,none
360,359,1814411574094583,1814411574281958,1814411574300333,1814411574761249,cpu_fallback,18375,187375,0,0,0,0,,,,,none
361,360,1814411574761249,1814411574921375,1814411574948083,1814411575427916,gpu_delivered,26708,160126,0,0,0,3.9115548133850098e-08,,,,,none
362,361,1814411575427916,1814411575450125,1814411575474833,1814411576094583,cpu_fallback,24708,22209,0,0,0,0,,,,,none
363,362,1814411576094583,1814411576274375,1814411576312625,1814411576761249,gpu_delivered,38250,179792,0,0,0,3.8533471524715424e-08,,,,,none
364,363,1814411576761249,1814411576885958,1814411576903875,1814411577427916,gpu_delivered,17917,124709,0,0,0,3.3964170143008232e-08,,,,,none
365,364,1814411577427916,1814411577567208,1814411577583750,1814411578094583,gpu_delivered,16542,139292,0,0,0,4.0978193283081055e-08,,,,,none
366,365,1814411578094583,1814411578229125,1814411578246000,1814411578761249,gpu_delivered,16875,134542,0,0,0,5.6810677051544189e-08,,,,,none
367,366,1814411578761249,1814411578900916,1814411578919541,1814411579427916,cpu_fallback,18625,139667,0,0,0,0,,,,,none
368,367,1814411579427916,1814411579562625,1814411579578916,1814411580094583,cpu_fallback,16291,134709,0,0,0,0,,,,,none
369,368,1814411580094583,1814411580232083,1814411580249666,1814411580761249,cpu_fallback,17583,137500,0,0,0,0,,,,,none
370,369,1814411580761249,1814411580823916,1814411580860208,1814411581427916,cpu_fallback,36292,62667,0,0,0,0,,,,,none
371,370,1814411581427916,1814411581583000,1814411581600500,1814411582094583,gpu_delivered,17500,155084,0,0,0,5.6810677051544189e-08,,,,,none
372,371,1814411582094583,1814411582227625,1814411582245875,1814411582761249,cpu_fallback,18250,133042,0,0,0,0,,,,,none
373,372,1814411582761249,1814411582819291,1814411582836666,1814411583427916,cpu_fallback,17375,58042,0,0,0,0,,,,,none
374,373,1814411583427916,1814411583587208,1814411583619083,1814411584094583,gpu_delivered,31875,159292,0,0,0,4.5634806156158447e-08,,,,,none
375,374,1814411584094583,1814411584221708,1814411584239500,1814411584761249,gpu_delivered,17792,127125,0,0,0,3.3061951398849487e-08,,,,,none
376,375,1814411584761249,1814411584907916,1814411584925458,1814411585427916,gpu_delivered,17542,146667,0,0,0,3.9173755794763565e-08,,,,,none
377,376,1814411585427916,1814411585568291,1814411585584416,1814411586094583,cpu_fallback,16125,140375,0,0,0,0,,,,,none
378,377,1814411586094583,1814411586234416,1814411586252625,1814411586761249,gpu_delivered,18209,139833,0,0,0,3.8213329389691353e-08,,,,,none
379,378,1814411586761249,1814411586948250,1814411586967625,1814411587427916,gpu_delivered,19375,187001,0,0,0,4.2840838432312012e-08,,,,,none
380,379,1814411587427916,1814411587452375,1814411587470666,1814411588094583,cpu_fallback,18291,24459,0,0,0,0,,,,,none
381,380,1814411588094583,1814411588253500,1814411588270791,1814411588761249,gpu_delivered,17291,158917,0,0,0,3.3993273973464966e-08,,,,,none
382,381,1814411588761249,1814411588900166,1814411588918125,1814411589427916,cpu_fallback,17959,138917,0,0,0,0,,,,,none
383,382,1814411589427916,1814411589475958,1814411589492500,1814411590094583,cpu_fallback,16542,48042,0,0,0,0,,,,,none
384,383,1814411590094583,1814411590256458,1814411590273250,1814411590761249,gpu_delivered,16792,161875,0,0,0,6.3097104430198669e-08,,,,,none
385,384,1814411590761249,1814411590888750,1814411590904375,1814411591427916,cpu_fallback,15625,127501,0,0,0,0,,,,,none
386,385,1814411591427916,1814411591564791,1814411591581708,1814411592094583,gpu_delivered,16917,136875,0,0,0,4.2375177145004272e-08,,,,,none
387,386,1814411592094583,1814411592244791,1814411592260708,1814411592761249,cpu_fallback,15917,150208,0,0,0,0,,,,,none
388,387,1814411592761249,1814411592895041,1814411592911083,1814411593427916,gpu_delivered,16042,133792,0,0,0,3.9814040064811707e-08,,,,,none
389,388,1814411593427916,1814411593574083,1814411593589916,1814411594094583,cpu_fallback,15833,146167,0,0,0,0,,,,,none
390,389,1814411594094583,1814411594304291,1814411594320125,1814411594761249,cpu_fallback,15834,209708,0,0,0,0,,,,,none
391,390,1814411594761249,1814411594884083,1814411594901500,1814411595427916,cpu_fallback,17417,122834,0,0,0,0,,,,,none
392,391,1814411595427916,1814411595596958,1814411595612625,1814411596094583,gpu_delivered,15667,169042,0,0,0,5.6097633205354214e-08,,,,,none
393,392,1814411596094583,1814411596308458,1814411596324583,1814411596761249,gpu_delivered,16125,213875,0,0,0,3.8184225559234619e-08,,,,,none
394,393,1814411596761249,1814411596885291,1814411596901791,1814411597427916,cpu_fallback,16500,124042,0,0,0,0,,,,,none
395,394,1814411597427916,1814411597568166,1814411597584625,1814411598094583,gpu_delivered,16459,140250,0,0,0,4.0046870708465576e-08,,,,,none
396,395,1814411598094583,1814411598283125,1814411598298041,1814411598761249,gpu_delivered,14916,188542,0,0,0,5.4948031902313232e-08,,,,,none
397,396,1814411598761249,1814411598887708,1814411598903625,1814411599427916,gpu_delivered,15917,126459,0,0,0,5.8673322200775146e-08,,,,,none
398,397,1814411599427916,1814411599589541,1814411599608166,1814411600094583,cpu_fallback,18625,161625,0,0,0,0,,,,,none
399,398,1814411600094583,1814411600233708,1814411600250666,1814411600761249,cpu_fallback,16958,139125,0,0,0,0,,,,,none
400,399,1814411600761249,1814411600897791,1814411600915625,1814411601427916,cpu_fallback,17834,136542,0,0,0,0,,,,,none
401,400,1814411601427916,1814411601565416,1814411601580875,1814411602094583,cpu_fallback,15459,137500,0,0,0,0,,,,,none
402,401,1814411602094583,1814411602213541,1814411602230041,1814411602761249,gpu_delivered,16500,118958,0,0,0,5.6548742577433586e-08,,,,,none
403,402,1814411602761249,1814411602904666,1814411602921625,1814411603427916,gpu_delivered,16959,143417,0,0,0,3.5797711461782455e-08,,,,,none
404,403,1814411603427916,1814411603564583,1814411603580666,1814411604094583,gpu_delivered,16083,136667,0,0,0,3.8184225559234619e-08,,,,,none
405,404,1814411604094583,1814411604244000,1814411604261083,1814411604761249,gpu_delivered,17083,149417,0,0,0,3.5390257835388184e-08,,,,,none
406,405,1814411604761249,1814411604905500,1814411604921708,1814411605427916,cpu_fallback,16208,144251,0,0,0,0,,,,,none
407,406,1814411605427916,1814411605613291,1814411605630583,1814411606094583,gpu_delivered,17292,185375,0,0,0,5.5413693189620972e-08,,,,,none
408,407,1814411606094583,1814411606220625,1814411606236916,1814411606761249,cpu_fallback,16291,126042,0,0,0,0,,,,,none
409,408,1814411606761249,1814411606918583,1814411606936791,1814411607427916,gpu_delivered,18208,157334,0,0,0,3.4924596548080444e-08,,,,,none
410,409,1814411607427916,1814411607566375,1814411607581333,1814411608094583,gpu_delivered,14958,138459,0,0,0,4.4703483581542969e-08,,,,,none
411,410,1814411608094583,1814411608125458,1814411608141500,1814411608761249,cpu_fallback,16042,30875,0,0,0,0,,,,,none
412,411,1814411608761249,1814411608923708,1814411608939875,1814411609427916,gpu_delivered,16167,162459,0,0,0,5.657784640789032e-08,,,,,none
413,412,1814411609427916,1814411609562166,1814411609578291,1814411610094583,cpu_fallback,16125,134250,0,0,0,0,,,,,none
414,413,1814411610094583,1814411610234583,1814411610250625,1814411610761249,cpu_fallback,16042,140000,0,0,0,0,,,,,none
415,414,1814411610761249,1814411610897583,1814411610914333,1814411611427916,gpu_delivered,16750,136334,0,0,0,5.9138983488082886e-08,,,,,none
416,415,1814411611427916,1814411611464166,1814411611481041,1814411612094583,cpu_fallback,16875,36250,0,0,0,0,,,,,none
417,416,1814411612094583,1814411612257583,1814411612276333,1814411612761249,gpu_delivered,18750,163000,0,0,0,4.5169144868850708e-08,,,,,none
418,417,1814411612761249,1814411612787291,1814411612803208,1814411613427916,cpu_fallback,15917,26042,0,0,0,0,,,,,none
419,418,1814411613427916,1814411613581791,1814411613598791,1814411614094583,gpu_delivered,17000,153875,0,0,0,3.4458935260772705e-08,,,,,none
420,419,1814411614094583,1814411614226500,1814411614258000,1814411614761249,gpu_delivered,31500,131917,0,0,0,3.795139491558075e-08,,,,,none
421,420,1814411614761249,1814411614896833,1814411614926541,1814411615427916,gpu_delivered,29708,135584,0,0,0,3.2596290111541748e-08,,,,,none
422,421,1814411615427916,1814411615573333,1814411615589875,1814411616094583,gpu_delivered,16542,145417,0,0,0,3.9115548133850098e-08,,,,,none
423,422,1814411616094583,1814411616269708,1814411616286708,1814411616761249,gpu_delivered,17000,175125,0,0,0,3.8417056202888489e-08,,,,,none
424,423,1814411616761249,1814411616891000,1814411616908000,1814411617427916,cpu_fallback,17000,129751,0,0,0,0,,,,,none
425,424,1814411617427916,1814411617597583,1814411617616750,1814411618094583,gpu_delivered,19167,169667,0,0,0,3.4458935260772705e-08,,,,,none
426,425,1814411618094583,1814411618252208,1814411618267958,1814411618761249,cpu_fallback,15750,157625,0,0,0,0,,,,,none
427,426,1814411618761249,1814411618912583,1814411618929458,1814411619427916,gpu_delivered,16875,151334,0,0,0,5.9255398809909821e-08,,,,,none
428,427,1814411619427916,1814411619580666,1814411619595708,1814411620094583,gpu_delivered,15042,152750,0,0,0,4.8428773880004883e-08,,,,,none
429,428,1814411620094583,1814411620230666,1814411620245791,1814411620761249,gpu_delivered,15125,136083,0,0,0,3.9581209421157837e-08,,,,,none
430,429,1814411620761249,1814411620900458,1814411620945708,1814411621427916,cpu_fallback,45250,139209,0,0,0,0,,,,,none
431,430,1814411621427916,1814411621589083,1814411621669125,1814411622094583,gpu_delivered,80042,161167,0,0,0,4.0512531995773315e-08,,,,,none
432,431,1814411622094583,1814411622221291,1814411622237583,1814411622761249,cpu_fallback,16292,126708,0,0,0,0,,,,,none
433,432,1814411622761249,1814411622928750,1814411622945666,1814411623427916,gpu_delivered,16916,167501,0,0,0,3.5855919122695923e-08,,,,,none
434,433,1814411623427916,1814411623569416,1814411623584916,1814411624094583,cpu_fallback,15500,141500,0,0,0,0,,,,,none
435,434,1814411624094583,1814411624111916,1814411624129250,1814411624761249,cpu_fallback,17334,17333,0,0,0,0,,,,,none
436,435,1814411624761249,1814411624925500,1814411624949166,1814411625427916,gpu_delivered,23666,164251,0,0,0,6.3795596361160278e-08,,,,,none
437,436,1814411625427916,1814411625552625,1814411625567916,1814411626094583,gpu_delivered,15291,124709,0,0,0,4.1793100535869598e-08,,,,,none
438,437,1814411626094583,1814411626162291,1814411626177250,1814411626761249,gpu_delivered,14959,67708,0,0,0,5.005858838558197e-08,,,,,none
439,438,1814411626761249,1814411626916666,1814411626936166,1814411627427916,gpu_delivered,19500,155417,0,0,0,3.4458935260772705e-08,,,,,none
440,439,1814411627427916,1814411627560166,1814411627578625,1814411628094583,gpu_delivered,18459,132250,0,0,0,4.5634806156158447e-08,,,,,none
441,440,1814411628094583,1814411628234541,1814411628252125,1814411628761249,gpu_delivered,17584,139958,0,0,0,6.2398612499237061e-08,,,,,none
442,441,1814411628761249,1814411628895291,1814411628911375,1814411629427916,gpu_delivered,16084,134042,0,0,0,4.8894435167312622e-08,,,,,none
443,442,1814411629427916,1814411629565500,1814411629582458,1814411630094583,gpu_delivered,16958,137584,0,0,0,5.3085386753082275e-08,,,,,none
444,443,1814411630094583,1814411630230958,1814411630247583,1814411630761249,gpu_delivered,16625,136375,0,0,0,5.7276338338851929e-08,,,,,none
445,444,1814411630761249,1814411630899458,1814411630916875,1814411631427916,gpu_delivered,17417,138209,0,0,0,4.8894435167312622e-08,,,,,none
446,445,1814411631427916,1814411631564250,1814411631581250,1814411632094583,gpu_delivered,17000,136334,0,0,0,6.5658241510391235e-08,,,,,none
447,446,1814411632094583,1814411632244041,1814411632262083,1814411632761249,gpu_delivered,18042,149458,0,0,0,4.9127265810966492e-08,,,,,none
448,447,1814411632761249,1814411632912166,1814411632928041,1814411633427916,gpu_delivered,15875,150917,0,0,0,4.0978193283081055e-08,,,,,none
449,448,1814411633427916,1814411633574750,1814411633593916,1814411634094583,gpu_delivered,19166,146834,0,0,0,3.6321580410003662e-08,,,,,none
450,449,1814411634094583,1814411634256500,1814411634273333,1814411634761249,gpu_delivered,16833,161917,0,0,0,4.9825757741928101e-08,,,,,none
451,450,1814411634761249,1814411634890666,1814411634906125,1814411635427916,gpu_delivered,15459,129417,0,0,0,5.0873495638370514e-08,,,,,none
452,451,1814411635427916,1814411635564291,1814411635579041,1814411636094583,gpu_delivered,14750,136375,0,0,0,3.2829120755195618e-08,,,,,none
453,452,1814411636094583,1814411636263458,1814411636279541,1814411636761249,gpu_delivered,16083,168875,0,0,0,4.1909515857696533e-08,,,,,none
454,453,1814411636761249,1814411636927333,1814411636943583,1814411637427916,gpu_delivered,16250,166084,0,0,0,4.6566128730773926e-08,,,,,none
455,454,1814411637427916,1814411637571250,1814411637599041,1814411638094583,gpu_delivered,27791,143334,0,0,0,7.8231096267700195e-08,,,,,none
456,455,1814411638094583,1814411638231250,1814411638258541,1814411638761249,cpu_fallback,27291,136667,0,0,0,0,,,,,none
457,456,1814411638761249,1814411638893750,1814411638911041,1814411639427916,cpu_fallback,17291,132501,0,0,0,0,,,,,none
458,457,1814411639427916,1814411639565000,1814411639580208,1814411640094583,gpu_delivered,15208,137084,0,0,0,5.0524249672889709e-08,,,,,none
459,458,1814411640094583,1814411640228250,1814411640256625,1814411640761249,gpu_delivered,28375,133667,0,0,0,4.0279701352119446e-08,,,,,none
460,459,1814411640761249,1814411640819708,1814411640836708,1814411641427916,gpu_delivered,17000,58459,0,0,0,3.9581209421157837e-08,,,,,none
461,460,1814411641427916,1814411641588083,1814411641621125,1814411642094583,gpu_delivered,33042,160167,0,0,0,4.1793100535869598e-08,,,,,none
462,461,1814411642094583,1814411642230000,1814411642247750,1814411642761249,gpu_delivered,17750,135417,0,0,0,3.9755832403898239e-08,,,,,none
463,462,1814411642761249,1814411642950458,1814411642966583,1814411643427916,gpu_delivered,16125,189209,0,0,0,3.2596290111541748e-08,,,,,none
464,463,1814411643427916,1814411643559875,1814411643577166,1814411644094583,cpu_fallback,17291,131959,0,0,0,0,,,,,none
465,464,1814411644094583,1814411644247166,1814411644264791,1814411644761249,cpu_fallback,17625,152583,0,0,0,0,,,,,none
466,465,1814411644761249,1814411644894625,1814411644910916,1814411645427916,gpu_delivered,16291,133376,0,0,0,4.5867636799812317e-08,,,,,none
467,466,1814411645427916,1814411645581625,1814411645601208,1814411646094583,gpu_delivered,19583,153709,0,0,0,3.4458935260772705e-08,,,,,none
468,467,1814411646094583,1814411646227041,1814411646243041,1814411646761249,cpu_fallback,16000,132458,0,0,0,0,,,,,none
469,468,1814411646761249,1814411646844416,1814411646889416,1814411647427916,gpu_delivered,45000,83167,0,0,0,5.1222741603851318e-08,,,,,none
470,469,1814411647427916,1814411647579208,1814411647598000,1814411648094583,gpu_delivered,18792,151292,0,0,0,3.4204276744276285e-08,,,,,none
471,470,1814411648094583,1814411648141291,1814411648173083,1814411648761249,gpu_delivered,31792,46708,0,0,0,5.4948031902313232e-08,,,,,none
472,471,1814411648761249,1814411648911791,1814411648927916,1814411649427916,gpu_delivered,16125,150542,0,0,0,6.1467289924621582e-08,,,,,none
473,472,1814411649427916,1814411649562166,1814411649579333,1814411650094583,gpu_delivered,17167,134250,0,0,0,7.6368451118469238e-08,,,,,none
474,473,1814411650094583,1814411650230958,1814411650246916,1814411650761249,gpu_delivered,15958,136375,0,0,0,5.2968971431255341e-08,,,,,none
475,474,1814411650761249,1814411650896791,1814411650916791,1814411651427916,gpu_delivered,20000,135542,0,0,0,6.7986547946929932e-08,,,,,none
476,475,1814411651427916,1814411651565083,1814411651581208,1814411652094583,gpu_delivered,16125,137167,0,0,0,5.9531885199248791e-08,,,,,none
477,476,1814411652094583,1814411652270916,1814411652289125,1814411652761249,gpu_delivered,18209,176333,0,0,0,5.4948031902313232e-08,,,,,none
478,477,1814411652761249,1814411652949250,1814411652965500,1814411653427916,gpu_delivered,16250,188001,0,0,0,3.8184225559234619e-08,,,,,none
479,478,1814411653427916,1814411653551541,1814411653567208,1814411654094583,cpu_fallback,15667,123625,0,0,0,0,,,,,none
480,479,1814411654094583,1814411654236541,1814411654251958,1814411654761249,gpu_delivered,15417,141958,0,0,0,4.377216100692749e-08,,,,,none
481,480,1814411654761249,1814411654905583,1814411654924208,1814411655427916,cpu_fallback,18625,144334,0,0,0,0,,,,,none
482,481,1814411655427916,1814411655506333,1814411655522875,1814411656094583,cpu_fallback,16542,78417,0,0,0,0,,,,,none
483,482,1814411656094583,1814411656249583,1814411656265750,1814411656761249,gpu_delivered,16167,155000,0,0,0,3.7252902984619141e-08,,,,,none
484,483,1814411656761249,1814411656890083,1814411656904500,1814411657427916,cpu_fallback,14417,128834,0,0,0,0,,,,,none
485,484,1814411657427916,1814411657577708,1814411657594125,1814411658094583,cpu_fallback,16417,149792,0,0,0,0,,,,,none
486,485,1814411658094583,1814411658134416,1814411658152750,1814411658761249,cpu_fallback,18334,39833,0,0,0,0,,,,,none
487,486,1814411658761249,1814411658786416,1814411658802375,1814411659427916,gpu_delivered,15959,25167,0,0,0,4.6100467443466187e-08,,,,,none
488,487,1814411659427916,1814411659594166,1814411659611833,1814411660094583,gpu_delivered,17667,166250,0,0,0,5.8673322200775146e-08,,,,,none
489,488,1814411660094583,1814411660232958,1814411660251416,1814411660761249,cpu_fallback,18458,138375,0,0,0,0,,,,,none
490,489,1814411660761249,1814411660901500,1814411660918541,1814411661427916,cpu_fallback,17041,140251,0,0,0,0,,,,,none
491,490,1814411661427916,1814411661565416,1814411661581083,1814411662094583,cpu_fallback,15667,137500,0,0,0,0,,,,,none
492,491,1814411662094583,1814411662232000,1814411662249416,1814411662761249,gpu_delivered,17416,137417,0,0,0,4.1909515857696533e-08,,,,,none
493,492,1814411662761249,1814411662906458,1814411662924416,1814411663427916,gpu_delivered,17958,145209,0,0,0,3.771856427192688e-08,,,,,none
494,493,1814411663427916,1814411663580958,1814411663597583,1814411664094583,gpu_delivered,16625,153042,0,0,0,4.6100467443466187e-08,,,,,none
495,494,1814411664094583,1814411664250500,1814411664266083,1814411664761249,gpu_delivered,15583,155917,0,0,0,5.5413693189620972e-08,,,,,none
496,495,1814411664761249,1814411664891750,1814411664906791,1814411665427916,gpu_delivered,15041,130501,0,0,0,4.2840838432312012e-08,,,,,none
497,496,1814411665427916,1814411665564583,1814411665580750,1814411666094583,gpu_delivered,16167,136667,0,0,0,4.1909515857696533e-08,,,,,none
498,497,1814411666094583,1814411666227708,1814411666242333,1814411666761249,gpu_delivered,14625,133125,0,0,0,4.1676685214042664e-08,,,,,none
499,498,1814411666761249,1814411666885625,1814411666900375,1814411667427916,gpu_delivered,14750,124376,0,0,0,3.2829120755195618e-08,,,,,none
500,499,1814411667427916,1814411667580625,1814411667596208,1814411668094583,gpu_delivered,15583,152709,0,0,0,4.2375177145004272e-08,,,,,none
501,500,1814411668094583,1814411668228708,1814411668247958,1814411668761249,cpu_fallback,19250,134125,0,0,0,0,,,,,none
502,501,1814411668761249,1814411668903541,1814411668920791,1814411669427916,gpu_delivered,17250,142292,0,0,0,4.8894435167312622e-08,,,,,none
503,502,1814411669427916,1814411669564166,1814411669580125,1814411670094583,gpu_delivered,15959,136250,0,0,0,4.9825757741928101e-08,,,,,none
504,503,1814411670094583,1814411670250541,1814411670271208,1814411670761249,gpu_delivered,20667,155958,0,0,0,4.377216100692749e-08,,,,,none
505,504,1814411670761249,1814411670894125,1814411670908875,1814411671427916,cpu_fallback,14750,132876,0,0,0,0,,,,,none
506,505,1814411671427916,1814411671554166,1814411671572458,1814411672094583,gpu_delivered,18292,126250,0,0,0,4.0512531995773315e-08,,,,,none
507,506,1814411672094583,1814411672244875,1814411672263458,1814411672761249,cpu_fallback,18583,150292,0,0,0,0,,,,,none
508,507,1814411672761249,1814411672919541,1814411672937333,1814411673427916,gpu_delivered,17792,158292,0,0,0,3.3527612686157227e-08,,,,,none
509,508,1814411673427916,1814411673555125,1814411673569416,1814411674094583,gpu_delivered,14291,127209,0,0,0,3.0733644962310791e-08,,,,,none
510,509,1814411674094583,1814411674234000,1814411674250541,1814411674761249,gpu_delivered,16541,139417,0,0,0,3.8649886846542358e-08,,,,,none
511,510,1814411674761249,1814411674880041,1814411674920958,1814411675427916,gpu_delivered,40917,118792,0,0,0,3.6321580410003662e-08,,,,,none
512,511,1814411675427916,1814411675625083,1814411675643583,1814411676094583,gpu_delivered,18500,197167,0,0,0,3.5390257835388184e-08,,,,,none
513,512,1814411676094583,1814411676217791,1814411676235583,1814411676761249,gpu_delivered,17792,123208,0,0,0,6.5425410866737366e-08,,,,,none
514,513,1814411676761249,1814411676907416,1814411676946041,1814411677427916,gpu_delivered,38625,146167,0,0,0,4.9942173063755035e-08,,,,,none
515,514,1814411677427916,1814411677566041,1814411677582833,1814411678094583,gpu_delivered,16792,138125,0,0,0,4.5634806156158447e-08,,,,,none
516,515,1814411678094583,1814411678229916,1814411678255958,1814411678761249,gpu_delivered,26042,135333,0,0,0,4.0978193283081055e-08,,,,,none
517,516,1814411678761249,1814411678898166,1814411678914625,1814411679427916,gpu_delivered,16459,136917,0,0,0,4.0978193283081055e-08,,,,,none
518,517,1814411679427916,1814411679567666,1814411679586000,1814411680094583,gpu_delivered,18334,139750,0,0,0,4.1909515857696533e-08,,,,,none
519,518,1814411680094583,1814411680228916,1814411680247333,1814411680761249,gpu_delivered,18417,134333,0,0,0,4.2375177145004272e-08,,,,,none
520,519,1814411680761249,1814411680823208,1814411680839666,1814411681427916,gpu_delivered,16458,61959,0,0,0,4.7031790018081665e-08,,,,,none
521,520,1814411681427916,1814411681648416,1814411681665333,1814411682094583,gpu_delivered,16917,220500,0,0,0,3.5623088479042053e-08,,,,,none
522,521,1814411682094583,1814411682242708,1814411682260791,1814411682761249,gpu_delivered,18083,148125,0,0,0,3.7252902984619141e-08,,,,,none
523,522,1814411682761249,1814411682895000,1814411682912875,1814411683427916,cpu_fallback,17875,133751,0,0,0,0,,,,,none
524,523,1814411683427916,1814411683599416,1814411683617416,1814411684094583,cpu_fallback,18000,171500,0,0,0,0,,,,,none
525,524,1814411684094583,1814411684225833,1814411684247250,1814411684761249,gpu_delivered,21417,131250,0,0,0,4.9360096454620361e-08,,,,,none
526,525,1814411684761249,1814411684897916,1814411684913541,1814411685427916,gpu_delivered,15625,136667,0,0,0,3.5157427191734314e-08,,,,,none
527,526,1814411685427916,1814411685584291,1814411685602333,1814411686094583,cpu_fallback,18042,156375,0,0,0,0,,,,,none
528,527,1814411686094583,1814411686228833,1814411686245375,1814411686761249,gpu_delivered,16542,134250,0,0,0,3.3993273973464966e-08,,,,,none
529,528,1814411686761249,1814411686914000,1814411686929833,1814411687427916,gpu_delivered,15833,152751,0,0,0,3.119930624961853e-08,,,,,none
530,529,1814411687427916,1814411687560041,1814411687577291,1814411688094583,cpu_fallback,17250,132125,0,0,0,0,,,,,none
531,530,1814411688094583,1814411688198583,1814411688215166,1814411688761249,cpu_fallback,16583,104000,0,0,0,0,,,,,none
532,531,1814411688761249,1814411688845375,1814411688861000,1814411689427916,gpu_delivered,15625,84126,0,0,0,4.6566128730773926e-08,,,,,none
533,532,1814411689427916,1814411689583291,1814411689599791,1814411690094583,gpu_delivered,16500,155375,0,0,0,5.5879354476928711e-08,,,,,none
534,533,1814411690094583,1814411690226750,1814411690241916,1814411690761249,gpu_delivered,15166,132167,0,0,0,5.7276338338851929e-08,,,,,none
535,534,1814411690761249,1814411690897833,1814411690914000,1814411691427916,cpu_fallback,16167,136584,0,0,0,0,,,,,none
536,535,1814411691427916,1814411691569250,1814411691585541,1814411692094583,cpu_fallback,16291,141334,0,0,0,0,,,,,none
537,536,1814411692094583,1814411692232166,1814411692248583,1814411692761249,gpu_delivered,16417,137583,0,0,0,5.5879354476928711e-08,,,,,none
538,537,1814411692761249,1814411692899875,1814411692919166,1814411693427916,gpu_delivered,19291,138626,0,0,0,2.8870999813079834e-08,,,,,none
539,538,1814411693427916,1814411693589833,1814411693606000,1814411694094583,gpu_delivered,16167,161917,0,0,0,3.5390257835388184e-08,,,,,none
540,539,1814411694094583,1814411694225500,1814411694242250,1814411694761249,gpu_delivered,16750,130917,0,0,0,4.1909515857696533e-08,,,,,none
541,540,1814411694761249,1814411694895916,1814411694912458,1814411695427916,gpu_delivered,16542,134667,0,0,0,3.8184225559234619e-08,,,,,none
542,541,1814411695427916,1814411695492458,1814411695509291,1814411696094583,gpu_delivered,16833,64542,0,0,0,3.9581209421157837e-08,,,,,none
543,542,1814411696094583,1814411696249958,1814411696268541,1814411696761249,gpu_delivered,18583,155375,0,0,0,3.4924596548080444e-08,,,,,none
544,543,1814411696761249,1814411696889958,1814411696907416,1814411697427916,gpu_delivered,17458,128709,0,0,0,4.2840838432312012e-08,,,,,none
545,544,1814411697427916,1814411697570750,1814411697588833,1814411698094583,gpu_delivered,18083,142834,0,0,0,4.8428773880004883e-08,,,,,none
546,545,1814411698094583,1814411698133500,1814411698150708,1814411698761249,cpu_fallback,17208,38917,0,0,0,0,,,,,none
547,546,1814411698761249,1814411698921541,1814411698937916,1814411699427916,gpu_delivered,16375,160292,0,0,0,5.029141902923584e-08,,,,,none
548,547,1814411699427916,1814411699533583,1814411699549916,1814411700094583,gpu_delivered,16333,105667,0,0,0,6.5658241510391235e-08,,,,,none
549,548,1814411700094583,1814411700193875,1814411700209791,1814411700761249,gpu_delivered,15916,99292,0,0,0,6.1700120568275452e-08,,,,,none
550,549,1814411700761249,1814411700913041,1814411700929375,1814411701427916,gpu_delivered,16334,151792,0,0,0,3.8708094507455826e-08,,,,,none
551,550,1814411701427916,1814411701561416,1814411701578458,1814411702094583,gpu_delivered,17042,133500,0,0,0,3.3411197364330292e-08,,,,,none
552,551,1814411702094583,1814411702119916,1814411702137708,1814411702761249,cpu_fallback,17792,25333,0,0,0,0,,,,,none
553,552,1814411702761249,1814411702934000,1814411702953333,1814411703427916,gpu_delivered,19333,172751,0,0,0,5.6810677051544189e-08,,,,,none
554,553,1814411703427916,1814411703560375,1814411703577875,1814411704094583,gpu_delivered,17500,132459,0,0,0,3.771856427192688e-08,,,,,none
555,554,1814411704094583,1814411704244708,1814411704260291,1814411704761249,cpu_fallback,15583,150125,0,0,0,0,,,,,none
556,555,1814411704761249,1814411704876000,1814411704908625,1814411705427916,gpu_delivered,32625,114751,0,0,0,2.9802322387695312e-08,,,,,none
557,556,1814411705427916,1814411705568208,1814411705598625,1814411706094583,gpu_delivered,30417,140292,0,0,0,2.7706846594810486e-08,,,,,none
558,557,1814411706094583,1814411706230750,1814411706247125,1814411706761249,gpu_delivered,16375,136167,0,0,0,4.2375177145004272e-08,,,,,none
559,558,1814411706761249,1814411706810333,1814411706841000,1814411707427916,cpu_fallback,30667,49084,0,0,0,0,,,,,none
560,559,1814411707427916,1814411707595000,1814411707612250,1814411708094583,gpu_delivered,17250,167084,0,0,0,3.8970028981566429e-08,,,,,none
561,560,1814411708094583,1814411708227541,1814411708245083,1814411708761249,cpu_fallback,17542,132958,0,0,0,0,,,,,none
562,561,1814411708761249,1814411708901000,1814411708918291,1814411709427916,cpu_fallback,17291,139751,0,0,0,0,,,,,none
563,562,1814411709427916,1814411709569166,1814411709585750,1814411710094583,gpu_delivered,16584,141250,0,0,0,6.7055225372314453e-08,,,,,none
564,563,1814411710094583,1814411710229708,1814411710244625,1814411710761249,gpu_delivered,14917,135125,0,0,0,4.9360096454620361e-08,,,,,none
565,564,1814411710761249,1814411710967041,1814411710982708,1814411711427916,gpu_delivered,15667,205792,0,0,0,4.2840838432312012e-08,,,,,none
566,565,1814411711427916,1814411711548541,1814411711567041,1814411712094583,cpu_fallback,18500,120625,0,0,0,0,,,,,none
567,566,1814411712094583,1814411712300375,1814411712317166,1814411712761249,gpu_delivered,16791,205792,0,0,0,4.0978193283081055e-08,,,,,none
568,567,1814411712761249,1814411712877583,1814411712894458,1814411713427916,gpu_delivered,16875,116334,0,0,0,4.109460860490799e-08,,,,,none
569,568,1814411713427916,1814411713569166,1814411713586083,1814411714094583,gpu_delivered,16917,141250,0,0,0,4.6275090426206589e-08,,,,,none
570,569,1814411714094583,1814411714254541,1814411714291000,1814411714761249,gpu_delivered,36459,159958,0,0,0,3.6321580410003662e-08,,,,,none
571,570,1814411714761249,1814411714883666,1814411714910916,1814411715427916,cpu_fallback,27250,122417,0,0,0,0,,,,,none
572,571,1814411715427916,1814411715565083,1814411715586166,1814411716094583,gpu_delivered,21083,137167,0,0,0,4.0978193283081055e-08,,,,,none
573,572,1814411716094583,1814411716237041,1814411716254125,1814411716761249,cpu_fallback,17084,142458,0,0,0,0,,,,,none
574,573,1814411716761249,1814411716902708,1814411716919625,1814411717427916,gpu_delivered,16917,141459,0,0,0,4.4237822294235229e-08,,,,,none
575,574,1814411717427916,1814411717594416,1814411717632875,1814411718094583,cpu_fallback,38459,166500,0,0,0,0,,,,,none
576,575,1814411718094583,1814411718219208,1814411718235750,1814411718761249,gpu_delivered,16542,124625,0,0,0,3.2596290111541748e-08,,,,,none
577,576,1814411718761249,1814411718933375,1814411718949250,1814411719427916,gpu_delivered,15875,172126,0,0,0,3.4458935260772705e-08,,,,,none
578,577,1814411719427916,1814411719563166,1814411719579333,1814411720094583,cpu_fallback,16167,135250,0,0,0,0,,,,,none
579,578,1814411720094583,1814411720227541,1814411720242333,1814411720761249,cpu_fallback,14792,132958,0,0,0,0,,,,,none
580,579,1814411720761249,1814411720872291,1814411720886875,1814411721427916,gpu_delivered,14584,111042,0,0,0,5.4831616580486298e-08,,,,,none
581,580,1814411721427916,1814411721572333,1814411721588333,1814411722094583,gpu_delivered,16000,144417,0,0,0,4.0046870708465576e-08,,,,,none
582,581,1814411722094583,1814411722229333,1814411722245958,1814411722761249,gpu_delivered,16625,134750,0,0,0,5.1222741603851318e-08,,,,,none
583,582,1814411722761249,1814411722900250,1814411722916375,1814411723427916,gpu_delivered,16125,139001,0,0,0,5.1222741603851318e-08,,,,,none
584,583,1814411723427916,1814411723582583,1814411723601083,1814411724094583,cpu_fallback,18500,154667,0,0,0,0,,,,,none
585,584,1814411724094583,1814411724235333,1814411724252500,1814411724761249,gpu_delivered,17167,140750,0,0,0,2.7706846594810486e-08,,,,,none
586,585,1814411724761249,1814411724915250,1814411724944750,1814411725427916,cpu_fallback,29500,154001,0,0,0,0,,,,,none
587,586,1814411725427916,1814411725559916,1814411725575750,1814411726094583,cpu_fallback,15834,132000,0,0,0,0,,,,,none
588,587,1814411726094583,1814411726275833,1814411726292333,1814411726761249,gpu_delivered,16500,181250,0,0,0,3.3993273973464966e-08,,,,,none
589,588,1814411726761249,1814411726897833,1814411726914875,1814411727427916,gpu_delivered,17042,136584,0,0,0,3.4458935260772705e-08,,,,,none
590,589,1814411727427916,1814411727470833,1814411727485916,1814411728094583,cpu_fallback,15083,42917,0,0,0,0,,,,,none
591,590,1814411728094583,1814411728250666,1814411728265333,1814411728761249,gpu_delivered,14667,156083,0,0,0,3.9348378777503967e-08,,,,,none
592,591,1814411728761249,1814411728872166,1814411728888041,1814411729427916,gpu_delivered,15875,110917,0,0,0,4.7497451305389404e-08,,,,,none
593,592,1814411729427916,1814411729522666,1814411729539208,1814411730094583,gpu_delivered,16542,94750,0,0,0,7.1246176958084106e-08,,,,,none
594,593,1814411730094583,1814411730259500,1814411730277916,1814411730761249,gpu_delivered,18416,164917,0,0,0,5.2657924243248999e-08,,,,,none
595,594,1814411730761249,1814411730818708,1814411730837083,1814411731427916,cpu_fallback,18375,57459,0,0,0,0,,,,,none
596,595,1814411731427916,1814411731590750,1814411731606625,1814411732094583,gpu_delivered,15875,162834,0,0,0,5.6199496611952782e-08,,,,,none
597,596,1814411732094583,1814411732111833,1814411732126250,1814411732761249,cpu_fallback,14417,17250,0,0,0,0,,,,,none
598,597,1814411732761249,1814411732930083,1814411732947500,1814411733427916,gpu_delivered,17417,168834,0,0,0,4.2375177145004272e-08,,,,,none
599,598,1814411733427916,1814411733578375,1814411733595333,1814411734094583,cpu_fallback,16958,150459,0,0,0,0,,,,,none
600,599,1814411734094583,1814411734203083,1814411734220666,1814411734761249,gpu_delivered,17583,108500,0,0,0,4.4703483581542969e-08,,,,,none
601,600,1814411734761249,1814411734911083,1814411734927625,1814411735427916,gpu_delivered,16542,149834,0,0,0,5.4016709327697754e-08,,,,,none
602,601,1814411735427916,1814411735562875,1814411735581333,1814411736094583,gpu_delivered,18458,134959,0,0,0,5.4948031902313232e-08,,,,,none
603,602,1814411736094583,1814411736235291,1814411736250625,1814411736761249,cpu_fallback,15334,140708,0,0,0,0,,,,,none
604,603,1814411736761249,1814411736896083,1814411736916750,1814411737427916,gpu_delivered,20667,134834,0,0,0,3.9639417082071304e-08,,,,,none
605,604,1814411737427916,1814411737562750,1814411737579000,1814411738094583,gpu_delivered,16250,134834,0,0,0,4.0978193283081055e-08,,,,,none
606,605,1814411738094583,1814411738234583,1814411738249291,1814411738761249,cpu_fallback,14708,140000,0,0,0,0,,,,,none
607,606,1814411738761249,1814411738808583,1814411738847500,1814411739427916,cpu_fallback,38917,47334,0,0,0,0,,,,,none
608,607,1814411739427916,1814411739586791,1814411739602166,1814411740094583,gpu_delivered,15375,158875,0,0,0,3.2130628824234009e-08,,,,,none
609,608,1814411740094583,1814411740240916,1814411740256666,1814411740761249,gpu_delivered,15750,146333,0,0,0,4.5634806156158447e-08,,,,,none
610,609,1814411740761249,1814411740897166,1814411740912083,1814411741427916,gpu_delivered,14917,135917,0,0,0,6.4261257648468018e-08,,,,,none
611,610,1814411741427916,1814411741561458,1814411741575833,1814411742094583,gpu_delivered,14375,133542,0,0,0,5.9371814131736755e-08,,,,,none
612,611,1814411742094583,1814411742261291,1814411742279833,1814411742761249,gpu_delivered,18542,166708,0,0,0,4.6682544052600861e-08,,,,,none
613,612,1814411742761249,1814411742903250,1814411742921583,1814411743427916,cpu_fallback,18333,142001,0,0,0,0,,,,,none
614,613,1814411743427916,1814411743563708,1814411743579916,1814411744094583,gpu_delivered,16208,135792,0,0,0,4.9825757741928101e-08,,,,,none
615,614,1814411744094583,1814411744253250,1814411744268250,1814411744761249,gpu_delivered,15000,158667,0,0,0,3.7252902984619141e-08,,,,,none
616,615,1814411744761249,1814411744897083,1814411744914708,1814411745427916,gpu_delivered,17625,135834,0,0,0,3.9348378777503967e-08,,,,,none
617,616,1814411745427916,1814411745566708,1814411745582375,1814411746094583,gpu_delivered,15667,138792,0,0,0,4.7963112592697144e-08,,,,,none
618,617,1814411746094583,1814411746196875,1814411746211625,1814411746761249,gpu_delivered,14750,102292,0,0,0,4.3306499719619751e-08,,,,,none
619,618,1814411746761249,1814411746905458,1814411746920500,1814411747427916,gpu_delivered,15042,144209,0,0,0,2.9336661100387573e-08,,,,,none
620,619,1814411747427916,1814411747473916,1814411747490583,1814411748094583,cpu_fallback,16667,46000,0,0,0,0,,,,,none
621,620,1814411748094583,1814411748271166,1814411748287083,1814411748761249,gpu_delivered,15917,176583,0,0,0,4.9360096454620361e-08,,,,,none
622,621,1814411748761249,1814411748897458,1814411748916041,1814411749427916,gpu_delivered,18583,136209,0,0,0,5.5879354476928711e-08,,,,,none
623,622,1814411749427916,1814411749587958,1814411749604666,1814411750094583,gpu_delivered,16708,160042,0,0,0,7.4971467256546021e-08,,,,,none
624,623,1814411750094583,1814411750234333,1814411750251375,1814411750761249,cpu_fallback,17042,139750,0,0,0,0,,,,,none
625,624,1814411750761249,1814411750895208,1814411750910625,1814411751427916,cpu_fallback,15417,133959,0,0,0,0,,,,,none
626,625,1814411751427916,1814411751593916,1814411751610916,1814411752094583,gpu_delivered,17000,166000,0,0,0,3.7252902984619141e-08,,,,,none
627,626,1814411752094583,1814411752187208,1814411752204083,1814411752761249,cpu_fallback,16875,92625,0,0,0,0,,,,,none
628,627,1814411752761249,1814411752913083,1814411752933958,1814411753427916,gpu_delivered,20875,151834,0,0,0,3.6787241697311401e-08,,,,,none
629,628,1814411753427916,1814411753572500,1814411753588500,1814411754094583,gpu_delivered,16000,144584,0,0,0,3.5390257835388184e-08,,,,,none
630,629,1814411754094583,1814411754227625,1814411754243916,1814411754761249,gpu_delivered,16291,133042,0,0,0,3.6321580410003662e-08,,,,,none
631,630,1814411754761249,1814411754895666,1814411754910833,1814411755427916,gpu_delivered,15167,134417,0,0,0,5.4016709327697754e-08,,,,,none
632,631,1814411755427916,1814411755567083,1814411755587083,1814411756094583,gpu_delivered,20000,139167,0,0,0,6.5308995544910431e-08,,,,,none
633,632,1814411756094583,1814411756178541,1814411756195208,1814411756761249,gpu_delivered,16667,83958,0,0,0,3.9115548133850098e-08,,,,,none
634,633,1814411756761249,1814411756801250,1814411756816750,1814411757427916,gpu_delivered,15500,40001,0,0,0,3.4458935260772705e-08,,,,,none
635,634,1814411757427916,1814411757591916,1814411757608500,1814411758094583,gpu_delivered,16584,164000,0,0,0,3.8184225559234619e-08,,,,,none
636,635,1814411758094583,1814411758226208,1814411758244750,1814411758761249,cpu_fallback,18542,131625,0,0,0,0,,,,,none
637,636,1814411758761249,1814411758852500,1814411758870083,1814411759427916,gpu_delivered,17583,91251,0,0,0,4.1909515857696533e-08,,,,,none
638,637,1814411759427916,1814411759576333,1814411759591583,1814411760094583,gpu_delivered,15250,148417,0,0,0,6.0535967350006104e-08,,,,,none
639,638,1814411760094583,1814411760230333,1814411760247625,1814411760761249,cpu_fallback,17292,135750,0,0,0,0,,,,,none
640,639,1814411760761249,1814411760903333,1814411760920083,1814411761427916,gpu_delivered,16750,142084,0,0,0,4.3335603550076485e-08,,,,,none
641,640,1814411761427916,1814411761578875,1814411761595375,1814411762094583,gpu_delivered,16500,150959,0,0,0,4.2608007788658142e-08,,,,,none
642,641,1814411762094583,1814411762241708,1814411762259958,1814411762761249,gpu_delivered,18250,147125,0,0,0,4.4703483581542969e-08,,,,,none
643,642,1814411762761249,1814411762917000,1814411762933916,1814411763427916,gpu_delivered,16916,155751,0,0,0,5.7509168982505798e-08,,,,,none
644,643,1814411763427916,1814411763561333,1814411763580208,1814411764094583,gpu_delivered,18875,133417,0,0,0,4.8894435167312622e-08,,,,,none
645,644,1814411764094583,1814411764233125,1814411764249833,1814411764761249,gpu_delivered,16708,138542,0,0,0,3.4458935260772705e-08,,,,,none
646,645,1814411764761249,1814411764900375,1814411764917041,1814411765427916,gpu_delivered,16666,139126,0,0,0,4.4703483581542969e-08,,,,,none
647,646,1814411765427916,1814411765570416,1814411765587000,1814411766094583,cpu_fallback,16584,142500,0,0,0,0,,,,,none
648,647,1814411766094583,1814411766234250,1814411766250125,1814411766761249,gpu_delivered,15875,139667,0,0,0,4.2069586925208569e-08,,,,,none
649,648,1814411766761249,1814411766917750,1814411766938208,1814411767427916,cpu_fallback,20458,156501,0,0,0,0,,,,,none
650,649,1814411767427916,1814411767443791,1814411767460083,1814411768094583,cpu_fallback,16292,15875,0,0,0,0,,,,,none
651,650,1814411768094583,1814411768260708,1814411768277875,1814411768761249,gpu_delivered,17167,166125,0,0,0,6.7986547946929932e-08,,,,,none
652,651,1814411768761249,1814411768888583,1814411768904333,1814411769427916,gpu_delivered,15750,127334,0,0,0,5.4715201258659363e-08,,,,,none
653,652,1814411769427916,1814411769547875,1814411769567000,1814411770094583,gpu_delivered,19125,119959,0,0,0,4.0978193283081055e-08,,,,,none
654,653,1814411770094583,1814411770235666,1814411770252541,1814411770761249,gpu_delivered,16875,141083,0,0,0,5.634501576423645e-08,,,,,none
655,654,1814411770761249,1814411770894583,1814411770910166,1814411771427916,gpu_delivered,15583,133334,0,0,0,7.4971467256546021e-08,,,,,none
656,655,1814411771427916,1814411771569125,1814411771585125,1814411772094583,gpu_delivered,16000,141209,0,0,0,4.2375177145004272e-08,,,,,none
657,656,1814411772094583,1814411772211500,1814411772239666,1814411772761249,gpu_delivered,28166,116917,0,0,0,3.3760443329811096e-08,,,,,none
658,657,1814411772761249,1814411772902875,1814411772921708,1814411773427916,gpu_delivered,18833,141626,0,0,0,3.6321580410003662e-08,,,,,none
659,658,1814411773427916,1814411773596250,1814411773611708,1814411774094583,gpu_delivered,15458,168334,0,0,0,4.5634806156158447e-08,,,,,none
660,659,1814411774094583,1814411774219583,1814411774234375,1814411774761249,cpu_fallback,14792,125000,0,0,0,0,,,,,none
661,660,1814411774761249,1814411774854500,1814411774873250,1814411775427916,gpu_delivered,18750,93251,0,0,0,4.2840838432312012e-08,,,,,none
662,661,1814411775427916,1814411775588875,1814411775607583,1814411776094583,gpu_delivered,18708,160959,0,0,0,4.6100467443466187e-08,,,,,none
663,662,1814411776094583,1814411776221416,1814411776236500,1814411776761249,cpu_fallback,15084,126833,0,0,0,0,,,,,none
664,663,1814411776761249,1814411776803083,1814411776833750,1814411777427916,cpu_fallback,30667,41834,0,0,0,0,,,,,none
665,664,1814411777427916,1814411777494583,1814411777516541,1814411778094583,gpu_delivered,21958,66667,0,0,0,4.4936314225196838e-08,,,,,none
666,665,1814411778094583,1814411778187666,1814411778204208,1814411778761249,gpu_delivered,16542,93083,0,0,0,4.1909515857696533e-08,,,,,none
667,666,1814411778761249,1814411778908416,1814411778926041,1814411779427916,gpu_delivered,17625,147167,0,0,0,3.2596290111541748e-08,,,,,none
668,667,1814411779427916,1814411779616333,1814411779633916,1814411780094583,gpu_delivered,17583,188417,0,0,0,4.7031790018081665e-08,,,,,none
669,668,1814411780094583,1814411780255083,1814411780307958,1814411780761249,gpu_delivered,52875,160500,0,0,0,4.5634806156158447e-08,,,,,none
670,669,1814411780761249,1814411780912666,1814411780954541,1814411781427916,cpu_fallback,41875,151417,0,0,0,0,,,,,none
671,670,1814411781427916,1814411781567666,1814411781585250,1814411782094583,cpu_fallback,17584,139750,0,0,0,0,,,,,none
672,671,1814411782094583,1814411782264625,1814411782280958,1814411782761249,gpu_delivered,16333,170042,0,0,0,6.7637301981449127e-08,,,,,none
673,672,1814411782761249,1814411782890750,1814411782907833,1814411783427916,cpu_fallback,17083,129501,0,0,0,0,,,,,none
674,673,1814411783427916,1814411783589208,1814411783606625,1814411784094583,gpu_delivered,17417,161292,0,0,0,4.1909515857696533e-08,,,,,none
675,674,1814411784094583,1814411784228958,1814411784245250,1814411784761249,cpu_fallback,16292,134375,0,0,0,0,,,,,none
676,675,1814411784761249,1814411784968250,1814411784986625,1814411785427916,gpu_delivered,18375,207001,0,0,0,3.3527612686157227e-08,,,,,none
677,676,1814411785427916,1814411785563125,1814411785580750,1814411786094583,cpu_fallback,17625,135209,0,0,0,0,,,,,none
678,677,1814411786094583,1814411786238833,1814411786272458,1814411786761249,gpu_delivered,33625,144250,0,0,0,2.8870999813079834e-08,,,,,none
679,678,1814411786761249,1814411786895541,1814411786912166,1814411787427916,cpu_fallback,16625,134292,0,0,0,0,,,,,none
680,679,1814411787427916,1814411787458250,1814411787473375,1814411788094583,cpu_fallback,15125,30334,0,0,0,0,,,,,none
681,680,1814411788094583,1814411788139750,1814411788172750,1814411788761249,gpu_delivered,33000,45167,0,0,0,3.3993273973464966e-08,,,,,none
682,681,1814411788761249,1814411788927666,1814411788950541,1814411789427916,gpu_delivered,22875,166417,0,0,0,4.7963112592697144e-08,,,,,none
683,682,1814411789427916,1814411789474958,1814411789519333,1814411790094583,cpu_fallback,44375,47042,0,0,0,0,,,,,none
684,683,1814411790094583,1814411790248041,1814411790267541,1814411790761249,gpu_delivered,19500,153458,0,0,0,6.7055225372314453e-08,,,,,none
685,684,1814411790761249,1814411790910041,1814411790925750,1814411791427916,gpu_delivered,15709,148792,0,0,0,5.4948031902313232e-08,,,,,none
686,685,1814411791427916,1814411791559416,1814411791575958,1814411792094583,gpu_delivered,16542,131500,0,0,0,4.8894435167312622e-08,,,,,none
687,686,1814411792094583,1814411792273166,1814411792290583,1814411792761249,gpu_delivered,17417,178583,0,0,0,3.3993273973464966e-08,,,,,none
688,687,1814411792761249,1814411792901958,1814411792920458,1814411793427916,cpu_fallback,18500,140709,0,0,0,0,,,,,none
689,688,1814411793427916,1814411793565041,1814411793582083,1814411794094583,cpu_fallback,17042,137125,0,0,0,0,,,,,none
690,689,1814411794094583,1814411794255708,1814411794271541,1814411794761249,gpu_delivered,15833,161125,0,0,0,5.0757080316543579e-08,,,,,none
691,690,1814411794761249,1814411794902916,1814411794918291,1814411795427916,gpu_delivered,15375,141667,0,0,0,5.9604644775390625e-08,,,,,none
692,691,1814411795427916,1814411795586375,1814411795602500,1814411796094583,gpu_delivered,16125,158459,0,0,0,6.1001628637313843e-08,,,,,none
693,692,1814411796094583,1814411796264375,1814411796280708,1814411796761249,gpu_delivered,16333,169792,0,0,0,3.3527612686157227e-08,,,,,none
694,693,1814411796761249,1814411796891208,1814411796907625,1814411797427916,gpu_delivered,16417,129959,0,0,0,4.0512531995773315e-08,,,,,none
695,694,1814411797427916,1814411797488000,1814411797505250,1814411798094583,cpu_fallback,17250,60084,0,0,0,0,,,,,none
696,695,1814411798094583,1814411798251583,1814411798270458,1814411798761249,gpu_delivered,18875,157000,0,0,0,4.0512531995773315e-08,,,,,none
697,696,1814411798761249,1814411798918500,1814411798934875,1814411799427916,gpu_delivered,16375,157251,0,0,0,6.4261257648468018e-08,,,,,none
698,697,1814411799427916,1814411799557666,1814411799573333,1814411800094583,gpu_delivered,15667,129750,0,0,0,4.3539330363273621e-08,,,,,none
699,698,1814411800094583,1814411800236125,1814411800252041,1814411800761249,gpu_delivered,15916,141542,0,0,0,5.4948031902313232e-08,,,,,none
700,699,1814411800761249,1814411800771666,1814411800789750,1814411801427916,cpu_fallback,18084,10417,0,0,0,0,,,,,none
701,700,1814411801427916,1814411801463625,1814411801481041,1814411802094583,gpu_delivered,17416,35709,0,0,0,6.0535967350006104e-08,,,,,none
702,701,1814411802094583,1814411802259000,1814411802275125,1814411802761249,gpu_delivered,16125,164417,0,0,0,4.7613866627216339e-08,,,,,none
703,702,1814411802761249,1814411802889958,1814411802905875,1814411803427916,cpu_fallback,15917,128709,0,0,0,0,,,,,none
704,703,1814411803427916,1814411803569083,1814411803583666,1814411804094583,gpu_delivered,14583,141167,0,0,0,3.166496753692627e-08,,,,,none
705,704,1814411804094583,1814411804294041,1814411804321166,1814411804761249,gpu_delivered,27125,199458,0,0,0,3.3993273973464966e-08,,,,,none
706,705,1814411804761249,1814411804900000,1814411804916833,1814411805427916,cpu_fallback,16833,138751,0,0,0,0,,,,,none
707,706,1814411805427916,1814411805566291,1814411805585166,1814411806094583,gpu_delivered,18875,138375,0,0,0,3.2130628824234009e-08,,,,,none
708,707,1814411806094583,1814411806240541,1814411806257500,1814411806761249,gpu_delivered,16959,145958,0,0,0,4.2840838432312012e-08,,,,,none
709,708,1814411806761249,1814411806896791,1814411806912208,1814411807427916,gpu_delivered,15417,135542,0,0,0,4.377216100692749e-08,,,,,none
710,709,1814411807427916,1814411807612375,1814411807627250,1814411808094583,gpu_delivered,14875,184459,0,0,0,6.1467289924621582e-08,,,,,none
711,710,1814411808094583,1814411808232708,1814411808249333,1814411808761249,gpu_delivered,16625,138125,0,0,0,3.5506673157215118e-08,,,,,none
712,711,1814411808761249,1814411808901875,1814411808916500,1814411809427916,gpu_delivered,14625,140626,0,0,0,5.4948031902313232e-08,,,,,none
713,712,1814411809427916,1814411809598375,1814411809614833,1814411810094583,cpu_fallback,16458,170459,0,0,0,0,,,,,none
714,713,1814411810094583,1814411810219416,1814411810246958,1814411810761249,gpu_delivered,27542,124833,0,0,0,5.029141902923584e-08,,,,,none
715,714,1814411810761249,1814411810850958,1814411810866833,1814411811427916,cpu_fallback,15875,89709,0,0,0,0,,,,,none
716,715,1814411811427916,1814411811573416,1814411811588541,1814411812094583,gpu_delivered,15125,145500,0,0,0,3.7252902984619141e-08,,,,,none
717,716,1814411812094583,1814411812226041,1814411812241833,1814411812761249,cpu_fallback,15792,131458,0,0,0,0,,,,,none
718,717,1814411812761249,1814411812895458,1814411812910291,1814411813427916,gpu_delivered,14833,134209,0,0,0,3.6088749766349792e-08,,,,,none
719,718,1814411813427916,1814411813564375,1814411813581750,1814411814094583,gpu_delivered,17375,136459,0,0,0,4.5634806156158447e-08,,,,,none
720,719,1814411814094583,1814411814239583,1814411814257916,1814411814761249,cpu_fallback,18333,145000,0,0,0,0,,,,,none
721,720,1814411814761249,1814411814782000,1814411814799416,1814411815427916,cpu_fallback,17416,20751,0,0,0,0,,,,,none
722,721,1814411815427916,1814411815595791,1814411815611416,1814411816094583,gpu_delivered,15625,167875,0,0,0,3.4924596548080444e-08,,,,,none
723,722,1814411816094583,1814411816273125,1814411816289041,1814411816761249,gpu_delivered,15916,178542,0,0,0,3.119930624961853e-08,,,,,none
724,723,1814411816761249,1814411816861916,1814411816877375,1814411817427916,gpu_delivered,15459,100667,0,0,0,4.9360096454620361e-08,,,,,none
725,724,1814411817427916,1814411817602875,1814411817630041,1814411818094583,gpu_delivered,27166,174959,0,0,0,3.5855919122695923e-08,,,,,none
726,725,1814411818094583,1814411818221875,1814411818297541,1814411818761249,gpu_delivered,75666,127292,0,0,0,3.0267983675003052e-08,,,,,none
727,726,1814411818761249,1814411818885250,1814411818900708,1814411819427916,cpu_fallback,15458,124001,0,0,0,0,,,,,none
728,727,1814411819427916,1814411819576833,1814411819597875,1814411820094583,gpu_delivered,21042,148917,0,0,0,5.7741999626159668e-08,,,,,none
729,728,1814411820094583,1814411820241583,1814411820259125,1814411820761249,gpu_delivered,17542,147000,0,0,0,7.2643160820007324e-08,,,,,none
730,729,1814411820761249,1814411820897458,1814411820913125,1814411821427916,gpu_delivered,15667,136209,0,0,0,5.4249539971351624e-08,,,,,none
731,730,1814411821427916,1814411821592625,1814411821607666,1814411822094583,cpu_fallback,15041,164709,0,0,0,0,,,,,none
732,731,1814411822094583,1814411822227583,1814411822247958,1814411822761249,cpu_fallback,20375,133000,0,0,0,0,,,,,none
733,732,1814411822761249,1814411822899166,1814411822916541,1814411823427916,gpu_delivered,17375,137917,0,0,0,4.7264620661735535e-08,,,,,none
734,733,1814411823427916,1814411823619291,1814411823634750,1814411824094583,gpu_delivered,15459,191375,0,0,0,3.4458935260772705e-08,,,,,none
735,734,1814411824094583,1814411824216208,1814411824231166,1814411824761249,gpu_delivered,14958,121625,0,0,0,4.0978193283081055e-08,,,,,none
736,735,1814411824761249,1814411824794833,1814411824813125,1814411825427916,gpu_delivered,18292,33584,0,0,0,3.8184225559234619e-08,,,,,none
737,736,1814411825427916,1814411825528458,1814411825543083,1814411826094583,gpu_delivered,14625,100542,0,0,0,4.0512531995773315e-08,,,,,none
738,737,1814411826094583,1814411826241250,1814411826263125,1814411826761249,gpu_delivered,21875,146667,0,0,0,3.3993273973464966e-08,,,,,none
739,738,1814411826761249,1814411826907583,1814411826923083,1814411827427916,gpu_delivered,15500,146334,0,0,0,4.0046870708465576e-08,,,,,none
740,739,1814411827427916,1814411827602333,1814411827619500,1814411828094583,gpu_delivered,17167,174417,0,0,0,4.0978193283081055e-08,,,,,none
741,740,1814411828094583,1814411828227208,1814411828266291,1814411828761249,gpu_delivered,39083,132625,0,0,0,7.2643160820007324e-08,,,,,none
742,741,1814411828761249,1814411828954291,1814411828972916,1814411829427916,gpu_delivered,18625,193042,0,0,0,3.8417056202888489e-08,,,,,none
743,742,1814411829427916,1814411829570166,1814411829587000,1814411830094583,gpu_delivered,16834,142250,0,0,0,4.6566128730773926e-08,,,,,none
744,743,1814411830094583,1814411830231208,1814411830247333,1814411830761249,gpu_delivered,16125,136625,0,0,0,5.9604644775390625e-08,,,,,none
745,744,1814411830761249,1814411830898541,1814411830919375,1814411831427916,cpu_fallback,20834,137292,0,0,0,0,,,,,none
746,745,1814411831427916,1814411831530958,1814411831548250,1814411832094583,gpu_delivered,17292,103042,0,0,0,3.9639417082071304e-08,,,,,none
747,746,1814411832094583,1814411832154125,1814411832171083,1814411832761249,gpu_delivered,16958,59542,0,0,0,4.4703483581542969e-08,,,,,none
748,747,1814411832761249,1814411832914583,1814411832931208,1814411833427916,gpu_delivered,16625,153334,0,0,0,4.2375177145004272e-08,,,,,none
749,748,1814411833427916,1814411833562791,1814411833580625,1814411834094583,gpu_delivered,17834,134875,0,0,0,6.1467289924621582e-08,,,,,none
750,749,1814411834094583,1814411834230583,1814411834247625,1814411834761249,gpu_delivered,17042,136000,0,0,0,4.4470652937889099e-08,,,,,none
751,750,1814411834761249,1814411834903500,1814411834920250,1814411835427916,cpu_fallback,16750,142251,0,0,0,0,,,,,none
752,751,1814411835427916,1814411835578166,1814411835594833,1814411836094583,cpu_fallback,16667,150250,0,0,0,0,,,,,none
753,752,1814411836094583,1814411836226166,1814411836240666,1814411836761249,cpu_fallback,14500,131583,0,0,0,0,,,,,none
754,753,1814411836761249,1814411836902000,1814411836916875,1814411837427916,cpu_fallback,14875,140751,0,0,0,0,,,,,none
755,754,1814411837427916,1814411837516625,1814411837534791,1814411838094583,gpu_delivered,18166,88709,0,0,0,3.2072421163320541e-08,,,,,none
756,755,1814411838094583,1814411838275291,1814411838291833,1814411838761249,gpu_delivered,16542,180708,0,0,0,4.0512531995773315e-08,,,,,none
757,756,1814411838761249,1814411838808041,1814411838824958,1814411839427916,cpu_fallback,16917,46792,0,0,0,0,,,,,none
758,757,1814411839427916,1814411839540625,1814411839558375,1814411840094583,gpu_delivered,17750,112709,0,0,0,3.5855919122695923e-08,,,,,none
759,758,1814411840094583,1814411840236166,1814411840251166,1814411840761249,gpu_delivered,15000,141583,0,0,0,5.4715201258659363e-08,,,,,none
760,759,1814411840761249,1814411840904291,1814411840921833,1814411841427916,gpu_delivered,17542,143042,0,0,0,5.4016709327697754e-08,,,,,none
761,760,1814411841427916,1814411841563583,1814411841585375,1814411842094583,gpu_delivered,21792,135667,0,0,0,6.3097104430198669e-08,,,,,none
762,761,1814411842094583,1814411842238916,1814411842256791,1814411842761249,gpu_delivered,17875,144333,0,0,0,3.771856427192688e-08,,,,,none
763,762,1814411842761249,1814411842921166,1814411842937500,1814411843427916,gpu_delivered,16334,159917,0,0,0,4.7497451305389404e-08,,,,,none
764,763,1814411843427916,1814411843504291,1814411843519250,1814411844094583,gpu_delivered,14959,76375,0,0,0,4.6566128730773926e-08,,,,,none
765,764,1814411844094583,1814411844200125,1814411844215791,1814411844761249,cpu_fallback,15666,105542,0,0,0,0,,,,,none
766,765,1814411844761249,1814411844820583,1814411844838375,1814411845427916,gpu_delivered,17792,59334,0,0,0,4.2840838432312012e-08,,,,,none
767,766,1814411845427916,1814411845658666,1814411845675875,1814411846094583,gpu_delivered,17209,230750,0,0,0,4.4703483581542969e-08,,,,,none
768,767,1814411846094583,1814411846128791,1814411846145458,1814411846761249,cpu_fallback,16667,34208,0,0,0,0,,,,,none
769,768,1814411846761249,1814411846930041,1814411846947125,1814411847427916,gpu_delivered,17084,168792,0,0,0,3.8184225559234619e-08,,,,,none
770,769,1814411847427916,1814411847556666,1814411847571791,1814411848094583,cpu_fallback,15125,128750,0,0,0,0,,,,,none
771,770,1814411848094583,1814411848243083,1814411848258291,1814411848761249,gpu_delivered,15208,148500,0,0,0,4.8428773880004883e-08,,,,,none
772,771,1814411848761249,1814411848893000,1814411848907541,1814411849427916,gpu_delivered,14541,131751,0,0,0,3.5506673157215118e-08,,,,,none
773,772,1814411849427916,1814411849570708,1814411849586416,1814411850094583,gpu_delivered,15708,142792,0,0,0,3.119930624961853e-08,,,,,none
774,773,1814411850094583,1814411850229833,1814411850246833,1814411850761249,cpu_fallback,17000,135250,0,0,0,0,,,,,none
775,774,1814411850761249,1814411850813291,1814411850831833,1814411851427916,cpu_fallback,18542,52042,0,0,0,0,,,,,none
776,775,1814411851427916,1814411851587166,1814411851615000,1814411852094583,gpu_delivered,27834,159250,0,0,0,7.3108822107315063e-08,,,,,none
777,776,1814411852094583,1814411852256416,1814411852274833,1814411852761249,cpu_fallback,18417,161833,0,0,0,0,,,,,none
778,777,1814411852761249,1814411852893583,1814411852909333,1814411853427916,gpu_delivered,15750,132334,0,0,0,5.5413693189620972e-08,,,,,none
779,778,1814411853427916,1814411853567958,1814411853585833,1814411854094583,cpu_fallback,17875,140042,0,0,0,0,,,,,none
780,779,1814411854094583,1814411854230583,1814411854249541,1814411854761249,gpu_delivered,18958,136000,0,0,0,5.7043507695198059e-08,,,,,none
781,780,1814411854761249,1814411854896666,1814411854914291,1814411855427916,gpu_delivered,17625,135417,0,0,0,4.0512531995773315e-08,,,,,none
782,781,1814411855427916,1814411855578875,1814411855593833,1814411856094583,gpu_delivered,14958,150959,0,0,0,3.3527612686157227e-08,,,,,none
783,782,1814411856094583,1814411856233291,1814411856251791,1814411856761249,gpu_delivered,18500,138708,0,0,0,3.2596290111541748e-08,,,,,none
784,783,1814411856761249,1814411856898541,1814411856924000,1814411857427916,gpu_delivered,25459,137292,0,0,0,3.3993273973464966e-08,,,,,none
785,784,1814411857427916,1814411857564250,1814411857591041,1814411858094583,gpu_delivered,26791,136334,0,0,0,3.3061951398849487e-08,,,,,none
786,785,1814411858094583,1814411858230708,1814411858246500,1814411858761249,gpu_delivered,15792,136125,0,0,0,4.4703483581542969e-08,,,,,none
787,786,1814411858761249,1814411858900000,1814411858929416,1814411859427916,gpu_delivered,29416,138751,0,0,0,3.6554411053657532e-08,,,,,none
788,787,1814411859427916,1814411859560333,1814411859577458,1814411860094583,gpu_delivered,17125,132417,0,0,0,4.377216100692749e-08,,,,,none
789,788,1814411860094583,1814411860236458,1814411860253416,1814411860761249,cpu_fallback,16958,141875,0,0,0,0,,,,,none
790,789,1814411860761249,1814411860919416,1814411860939458,1814411861427916,gpu_delivered,20042,158167,0,0,0,6.4261257648468018e-08,,,,,none
791,790,1814411861427916,1814411861562958,1814411861578125,1814411862094583,cpu_fallback,15167,135042,0,0,0,0,,,,,none
792,791,1814411862094583,1814411862238083,1814411862252375,1814411862761249,gpu_delivered,14292,143500,0,0,0,4.8195943236351013e-08,,,,,none
793,792,1814411862761249,1814411862892875,1814411862919083,1814411863427916,gpu_delivered,26208,131626,0,0,0,5.6810677051544189e-08,,,,,none
794,793,1814411863427916,1814411863563250,1814411863580625,1814411864094583,gpu_delivered,17375,135334,0,0,0,4.2840838432312012e-08,,,,,none
795,794,1814411864094583,1814411864250666,1814411864269000,1814411864761249,gpu_delivered,18334,156083,0,0,0,3.8649886846542358e-08,,,,,none
796,795,1814411864761249,1814411864892250,1814411864909541,1814411865427916,gpu_delivered,17291,131001,0,0,0,4.7497451305389404e-08,,,,,none
797,796,1814411865427916,1814411865579625,1814411865596875,1814411866094583,gpu_delivered,17250,151709,0,0,0,4.4703483581542969e-08,,,,,none
798,797,1814411866094583,1814411866226291,1814411866252541,1814411866761249,gpu_delivered,26250,131708,0,0,0,4.7963112592697144e-08,,,,,none
799,798,1814411866761249,1814411866897250,1814411866913708,1814411867427916,gpu_delivered,16458,136001,0,0,0,5.4482370615005493e-08,,,,,none
800,799,1814411867427916,1814411867446083,1814411867461125,1814411868094583,gpu_delivered,15042,18167,0,0,0,3.9115548133850098e-08,,,,,none
801,800,1814411868094583,1814411868280916,1814411868298541,1814411868761249,gpu_delivered,17625,186333,0,0,0,3.6321580410003662e-08,,,,,none
802,801,1814411868761249,1814411868904000,1814411868920833,1814411869427916,gpu_delivered,16833,142751,0,0,0,4.1909515857696533e-08,,,,,none
803,802,1814411869427916,1814411869479666,1814411869494166,1814411870094583,gpu_delivered,14500,51750,0,0,0,3.771856427192688e-08,,,,,none
804,803,1814411870094583,1814411870248333,1814411870276541,1814411870761249,gpu_delivered,28208,153750,0,0,0,3.5390257835388184e-08,,,,,none
805,804,1814411870761249,1814411870924708,1814411870960083,1814411871427916,gpu_delivered,35375,163459,0,0,0,3.8649886846542358e-08,,,,,none
806,805,1814411871427916,1814411871599791,1814411871618166,1814411872094583,gpu_delivered,18375,171875,0,0,0,6.28642737865448e-08,,,,,none
807,806,1814411872094583,1814411872225666,1814411872242458,1814411872761249,gpu_delivered,16792,131083,0,0,0,5.6810677051544189e-08,,,,,none
808,807,1814411872761249,1814411872927666,1814411872943416,1814411873427916,cpu_fallback,15750,166417,0,0,0,0,,,,,none
809,808,1814411873427916,1814411873557583,1814411873572958,1814411874094583,gpu_delivered,15375,129667,0,0,0,4.8428773880004883e-08,,,,,none
810,809,1814411874094583,1814411874233208,1814411874250166,1814411874761249,gpu_delivered,16958,138625,0,0,0,5.4016709327697754e-08,,,,,none
811,810,1814411874761249,1814411874908791,1814411874926333,1814411875427916,gpu_delivered,17542,147542,0,0,0,4.1356543079018593e-08,,,,,none
812,811,1814411875427916,1814411875568625,1814411875584791,1814411876094583,gpu_delivered,16166,140709,0,0,0,3.8649886846542358e-08,,,,,none
813,812,1814411876094583,1814411876255041,1814411876272958,1814411876761249,cpu_fallback,17917,160458,0,0,0,0,,,,,none
814,813,1814411876761249,1814411876950208,1814411876970041,1814411877427916,gpu_delivered,19833,188959,0,0,0,3.0267983675003052e-08,,,,,none
815,814,1814411877427916,1814411877560291,1814411877577250,1814411878094583,gpu_delivered,16959,132375,0,0,0,3.5157427191734314e-08,,,,,none
816,815,1814411878094583,1814411878174666,1814411878192333,1814411878761249,cpu_fallback,17667,80083,0,0,0,0,,,,,none
817,816,1814411878761249,1814411878919375,1814411878936458,1814411879427916,gpu_delivered,17083,158126,0,0,0,3.6321580410003662e-08,,,,,none
818,817,1814411879427916,1814411879568583,1814411879587291,1814411880094583,cpu_fallback,18708,140667,0,0,0,0,,,,,none
819,818,1814411880094583,1814411880240375,1814411880257333,1814411880761249,gpu_delivered,16958,145792,0,0,0,5.657784640789032e-08,,,,,none
820,819,1814411880761249,1814411880898500,1814411880935666,1814411881427916,gpu_delivered,37166,137251,0,0,0,5.1688402891159058e-08,,,,,none
821,820,1814411881427916,1814411881507291,1814411881524333,1814411882094583,gpu_delivered,17042,79375,0,0,0,5.5646523833274841e-08,,,,,none
822,821,1814411882094583,1814411882248416,1814411882277291,1814411882761249,gpu_delivered,28875,153833,0,0,0,3.6321580410003662e-08,,,,,none
823,822,1814411882761249,1814411882898916,1814411882914041,1814411883427916,gpu_delivered,15125,137667,0,0,0,4.5532942749559879e-08,,,,,none
824,823,1814411883427916,1814411883563250,1814411883578958,1814411884094583,gpu_delivered,15708,135334,0,0,0,4.4994521886110306e-08,,,,,none
825,824,1814411884094583,1814411884236625,1814411884254666,1814411884761249,gpu_delivered,18041,142042,0,0,0,4.7497451305389404e-08,,,,,none
826,825,1814411884761249,1814411884922791,1814411884941250,1814411885427916,gpu_delivered,18459,161542,0,0,0,2.8870999813079834e-08,,,,,none
827,826,1814411885427916,1814411885623375,1814411885640916,1814411886094583,gpu_delivered,17541,195459,0,0,0,5.5879354476928711e-08,,,,,none
828,827,1814411886094583,1814411886222208,1814411886239583,1814411886761249,gpu_delivered,17375,127625,0,0,0,5.7974830269813538e-08,,,,,none
829,828,1814411886761249,1814411886910166,1814411886925875,1814411887427916,gpu_delivered,15709,148917,0,0,0,4.7963112592697144e-08,,,,,none
830,829,1814411887427916,1814411887582125,1814411887597666,1814411888094583,gpu_delivered,15541,154209,0,0,0,3.9581209421157837e-08,,,,,none
831,830,1814411888094583,1814411888226666,1814411888242041,1814411888761249,cpu_fallback,15375,132083,0,0,0,0,,,,,none
832,831,1814411888761249,1814411888898083,1814411888918000,1814411889427916,cpu_fallback,19917,136834,0,0,0,0,,,,,none
833,832,1814411889427916,1814411889562125,1814411889577583,1814411890094583,cpu_fallback,15458,134209,0,0,0,0,,,,,none
834,833,1814411890094583,1814411890217833,1814411890239125,1814411890761249,cpu_fallback,21292,123250,0,0,0,0,,,,,none
835,834,1814411890761249,1814411890901041,1814411890915125,1814411891427916,gpu_delivered,14084,139792,0,0,0,7.4971467256546021e-08,,,,,none
836,835,1814411891427916,1814411891540416,1814411891556458,1814411892094583,gpu_delivered,16042,112500,0,0,0,5.1222741603851318e-08,,,,,none
837,836,1814411892094583,1814411892243458,1814411892280250,1814411892761249,gpu_delivered,36792,148875,0,0,0,3.2596290111541748e-08,,,,,none
838,837,1814411892761249,1814411892896208,1814411892912708,1814411893427916,gpu_delivered,16500,134959,0,0,0,4.0512531995773315e-08,,,,,none
839,838,1814411893427916,1814411893563041,1814411893578083,1814411894094583,gpu_delivered,15042,135125,0,0,0,4.4237822294235229e-08,,,,,none
840,839,1814411894094583,1814411894168625,1814411894184041,1814411894761249,cpu_fallback,15416,74042,0,0,0,0,,,,,none
841,840,1814411894761249,1814411894826000,1814411894842500,1814411895427916,gpu_delivered,16500,64751,0,0,0,3.5390257835388184e-08,,,,,none
842,841,1814411895427916,1814411895585041,1814411895605083,1814411896094583,gpu_delivered,20042,157125,0,0,0,4.1909515857696533e-08,,,,,none
843,842,1814411896094583,1814411896260291,1814411896276416,1814411896761249,gpu_delivered,16125,165708,0,0,0,4.0978193283081055e-08,,,,,none
844,843,1814411896761249,1814411896890250,1814411896908166,1814411897427916,gpu_delivered,17916,129001,0,0,0,3.2829120755195618e-08,,,,,none
845,844,1814411897427916,1814411897491541,1814411897520625,1814411898094583,gpu_delivered,29084,63625,0,0,0,2.7706846594810486e-08,,,,,none
846,845,1814411898094583,1814411898248000,1814411898264250,1814411898761249,gpu_delivered,16250,153417,0,0,0,4.3655745685100555e-08,,,,,none
847,846,1814411898761249,1814411898888708,1814411898907666,1814411899427916,gpu_delivered,18958,127459,0,0,0,4.6566128730773926e-08,,,,,none
848,847,1814411899427916,1814411899571958,1814411899590125,1814411900094583,gpu_delivered,18167,144042,0,0,0,5.3085386753082275e-08,,,,,none
849,848,1814411900094583,1814411900247208,1814411900265041,1814411900761249,gpu_delivered,17833,152625,0,0,0,3.8184225559234619e-08,,,,,none
850,849,1814411900761249,1814411900899375,1814411900916625,1814411901427916,cpu_fallback,17250,138126,0,0,0,0,,,,,none
851,850,1814411901427916,1814411901574291,1814411901589791,1814411902094583,gpu_delivered,15500,146375,0,0,0,4.6333298087120056e-08,,,,,none
852,851,1814411902094583,1814411902229250,1814411902243708,1814411902761249,gpu_delivered,14458,134667,0,0,0,5.6526914704591036e-08,,,,,none
853,852,1814411902761249,1814411902899000,1814411902913416,1814411903427916,gpu_delivered,14416,137751,0,0,0,3.7252902984619141e-08,,,,,none
854,853,1814411903427916,1814411903569125,1814411903587916,1814411904094583,gpu_delivered,18791,141209,0,0,0,4.181856638751924e-08,,,,,none
855,854,1814411904094583,1814411904235750,1814411904253208,1814411904761249,cpu_fallback,17458,141167,0,0,0,0,,,,,none
856,855,1814411904761249,1814411904908166,1814411904925041,1814411905427916,cpu_fallback,16875,146917,0,0,0,0,,,,,none
857,856,1814411905427916,1814411905569000,1814411905586208,1814411906094583,gpu_delivered,17208,141084,0,0,0,4.9360096454620361e-08,,,,,none
858,857,1814411906094583,1814411906239208,1814411906257208,1814411906761249,gpu_delivered,18000,144625,0,0,0,4.0396116673946381e-08,,,,,none
859,858,1814411906761249,1814411906899541,1814411906914750,1814411907427916,gpu_delivered,15209,138292,0,0,0,5.0873495638370514e-08,,,,,none
860,859,1814411907427916,1814411907486291,1814411907500791,1814411908094583,cpu_fallback,14500,58375,0,0,0,0,,,,,none
861,860,1814411908094583,1814411908246208,1814411908261000,1814411908761249,gpu_delivered,14792,151625,0,0,0,3.0733644962310791e-08,,,,,none
862,861,1814411908761249,1814411908890958,1814411908906625,1814411909427916,gpu_delivered,15667,129709,0,0,0,3.0733644962310791e-08,,,,,none
863,862,1814411909427916,1814411909500375,1814411909529916,1814411910094583,gpu_delivered,29541,72459,0,0,0,4.1443854570388794e-08,,,,,none
864,863,1814411910094583,1814411910244833,1814411910262250,1814411910761249,gpu_delivered,17417,150250,0,0,0,4.6566128730773926e-08,,,,,none
865,864,1814411910761249,1814411910910250,1814411910927916,1814411911427916,cpu_fallback,17666,149001,0,0,0,0,,,,,none
866,865,1814411911427916,1814411911562000,1814411911581500,1814411912094583,cpu_fallback,19500,134084,0,0,0,0,,,,,none
867,866,1814411912094583,1814411912158666,1814411912176041,1814411912761249,gpu_delivered,17375,64083,0,0,0,5.9138983488082886e-08,,,,,none
868,867,1814411912761249,1814411912914166,1814411912930500,1814411913427916,gpu_delivered,16334,152917,0,0,0,5.6810677051544189e-08,,,,,none
869,868,1814411913427916,1814411913558666,1814411913574708,1814411914094583,gpu_delivered,16042,130750,0,0,0,5.9604644775390625e-08,,,,,none
870,869,1814411914094583,1814411914249083,1814411914265833,1814411914761249,gpu_delivered,16750,154500,0,0,0,4.0046870708465576e-08,,,,,none
871,870,1814411914761249,1814411914892875,1814411914909375,1814411915427916,gpu_delivered,16500,131626,0,0,0,4.0046870708465576e-08,,,,,none
872,871,1814411915427916,1814411915515666,1814411915531958,1814411916094583,cpu_fallback,16292,87750,0,0,0,0,,,,,none
873,872,1814411916094583,1814411916261708,1814411916278333,1814411916761249,gpu_delivered,16625,167125,0,0,0,3.9115548133850098e-08,,,,,none
874,873,1814411916761249,1814411916889833,1814411916905916,1814411917427916,gpu_delivered,16083,128584,0,0,0,4.9127265810966492e-08,,,,,none
875,874,1814411917427916,1814411917566500,1814411917583625,1814411918094583,gpu_delivered,17125,138584,0,0,0,4.6798959374427795e-08,,,,,none
876,875,1814411918094583,1814411918230791,1814411918248625,1814411918761249,cpu_fallback,17834,136208,0,0,0,0,,,,,none
877,876,1814411918761249,1814411918899416,1814411918915916,1814411919427916,gpu_delivered,16500,138167,0,0,0,4.5634806156158447e-08,,,,,none
878,877,1814411919427916,1814411919563458,1814411919578958,1814411920094583,gpu_delivered,15500,135542,0,0,0,4.4645275920629501e-08,,,,,none
879,878,1814411920094583,1814411920202083,1814411920217541,1814411920761249,gpu_delivered,15458,107500,0,0,0,3.8649886846542358e-08,,,,,none
880,879,1814411920761249,1814411920815791,1814411920854416,1814411921427916,gpu_delivered,38625,54542,0,0,0,4.5634806156158447e-08,,,,,none
881,880,1814411921427916,1814411921591833,1814411921610375,1814411922094583,gpu_delivered,18542,163917,0,0,0,5.4948031902313232e-08,,,,,none
882,881,1814411922094583,1814411922134500,1814411922151541,1814411922761249,cpu_fallback,17041,39917,0,0,0,0,,,,,none
883,882,1814411922761249,1814411922931500,1814411922948333,1814411923427916,gpu_delivered,16833,170251,0,0,0,4.8894435167312622e-08,,,,,none
884,883,1814411923427916,1814411923557000,1814411923571791,1814411924094583,gpu_delivered,14791,129084,0,0,0,4.8894435167312622e-08,,,,,none
885,884,1814411924094583,1814411924150208,1814411924165291,1814411924761249,gpu_delivered,15083,55625,0,0,0,3.5390257835388184e-08,,,,,none
886,885,1814411924761249,1814411924789625,1814411924807958,1814411925427916,gpu_delivered,18333,28376,0,0,0,4.2840838432312012e-08,,,,,none
887,886,1814411925427916,1814411925513833,1814411925545958,1814411926094583,gpu_delivered,32125,85917,0,0,0,3.9115548133850098e-08,,,,,none
888,887,1814411926094583,1814411926254291,1814411926270583,1814411926761249,gpu_delivered,16292,159708,0,0,0,5.0757080316543579e-08,,,,,none
889,888,1814411926761249,1814411926890000,1814411926906291,1814411927427916,gpu_delivered,16291,128751,0,0,0,4.9476511776447296e-08,,,,,none
890,889,1814411927427916,1814411927520500,1814411927539041,1814411928094583,gpu_delivered,18541,92584,0,0,0,5.9138983488082886e-08,,,,,none
891,890,1814411928094583,1814411928245750,1814411928261750,1814411928761249,cpu_fallback,16000,151167,0,0,0,0,,,,,none
892,891,1814411928761249,1814411928893041,1814411928910041,1814411929427916,gpu_delivered,17000,131792,0,0,0,3.6787241697311401e-08,,,,,none
893,892,1814411929427916,1814411929604708,1814411929623083,1814411930094583,gpu_delivered,18375,176792,0,0,0,4.8894435167312622e-08,,,,,none
894,893,1814411930094583,1814411930222416,1814411930238333,1814411930761249,cpu_fallback,15917,127833,0,0,0,0,,,,,none
895,894,1814411930761249,1814411930941916,1814411930958791,1814411931427916,gpu_delivered,16875,180667,0,0,0,3.8417056202888489e-08,,,,,none
896,895,1814411931427916,1814411931524625,1814411931539541,1814411932094583,gpu_delivered,14916,96709,0,0,0,5.9604644775390625e-08,,,,,none
897,896,1814411932094583,1814411932121000,1814411932135250,1814411932761249,gpu_delivered,14250,26417,0,0,0,6.3329935073852539e-08,,,,,none
898,897,1814411932761249,1814411932901291,1814411932919291,1814411933427916,gpu_delivered,18000,140042,0,0,0,4.9127265810966492e-08,,,,,none
899,898,1814411933427916,1814411933581791,1814411933599375,1814411934094583,gpu_delivered,17584,153875,0,0,0,4.6100467443466187e-08,,,,,none
900,899,1814411934094583,1814411934235375,1814411934251500,1814411934761249,gpu_delivered,16125,140792,0,0,0,4.2840838432312012e-08,,,,,none
901,900,1814411934761249,1814411934909500,1814411934926083,1814411935427916,cpu_fallback,16583,148251,0,0,0,0,,,,,none
902,901,1814411935427916,1814411935549208,1814411935566500,1814411936094583,gpu_delivered,17292,121292,0,0,0,3.8184225559234619e-08,,,,,none
903,902,1814411936094583,1814411936236958,1814411936252750,1814411936761249,gpu_delivered,15792,142375,0,0,0,3.6321580410003662e-08,,,,,none
904,903,1814411936761249,1814411936899916,1814411936916250,1814411937427916,gpu_delivered,16334,138667,0,0,0,4.1909515857696533e-08,,,,,none
905,904,1814411937427916,1814411937581416,1814411937597666,1814411938094583,cpu_fallback,16250,153500,0,0,0,0,,,,,none
906,905,1814411938094583,1814411938237083,1814411938270625,1814411938761249,gpu_delivered,33542,142500,0,0,0,6.3329935073852539e-08,,,,,none
907,906,1814411938761249,1814411938891416,1814411938906041,1814411939427916,cpu_fallback,14625,130167,0,0,0,0,,,,,none
908,907,1814411939427916,1814411939577375,1814411939592291,1814411940094583,cpu_fallback,14916,149459,0,0,0,0,,,,,none
909,908,1814411940094583,1814411940243375,1814411940259416,1814411940761249,gpu_delivered,16041,148792,0,0,0,4.7963112592697144e-08,,,,,none
910,909,1814411940761249,1814411940896583,1814411940912500,1814411941427916,gpu_delivered,15917,135334,0,0,0,3.8649886846542358e-08,,,,,none
911,910,1814411941427916,1814411941539208,1814411941553875,1814411942094583,gpu_delivered,14667,111292,0,0,0,4.5169144868850708e-08,,,,,none
912,911,1814411942094583,1814411942246833,1814411942264500,1814411942761249,gpu_delivered,17667,152250,0,0,0,3.3527612686157227e-08,,,,,none
913,912,1814411942761249,1814411942788750,1814411942804416,1814411943427916,cpu_fallback,15666,27501,0,0,0,0,,,,,none
914,913,1814411943427916,1814411943491541,1814411943507583,1814411944094583,gpu_delivered,16042,63625,0,0,0,4.7031790018081665e-08,,,,,none
915,914,1814411944094583,1814411944284125,1814411944302333,1814411944761249,gpu_delivered,18208,189542,0,0,0,4.1443854570388794e-08,,,,,none
916,915,1814411944761249,1814411944892250,1814411944910666,1814411945427916,gpu_delivered,18416,131001,0,0,0,4.8428773880004883e-08,,,,,none
917,916,1814411945427916,1814411945573375,1814411945590625,1814411946094583,gpu_delivered,17250,145459,0,0,0,4.4703483581542969e-08,,,,,none
918,917,1814411946094583,1814411946251333,1814411946288708,1814411946761249,cpu_fallback,37375,156750,0,0,0,0,,,,,none
919,918,1814411946761249,1814411946900916,1814411946922875,1814411947427916,gpu_delivered,21959,139667,0,0,0,5.0989910960197449e-08,,,,,none
920,919,1814411947427916,1814411947543666,1814411947559250,1814411948094583,gpu_delivered,15584,115750,0,0,0,3.8649886846542358e-08,,,,,none
921,920,1814411948094583,1814411948241666,1814411948257583,1814411948761249,gpu_delivered,15917,147083,0,0,0,4.2840838432312012e-08,,,,,none
922,921,1814411948761249,1814411948897041,1814411948946666,1814411949427916,gpu_delivered,49625,135792,0,0,0,3.0267983675003052e-08,,,,,none
923,922,1814411949427916,1814411949574458,1814411949592333,1814411950094583,gpu_delivered,17875,146542,0,0,0,4.8894435167312622e-08,,,,,none
924,923,1814411950094583,1814411950196958,1814411950216208,1814411950761249,gpu_delivered,19250,102375,0,0,0,4.377216100692749e-08,,,,,none
925,924,1814411950761249,1814411950916208,1814411950932416,1814411951427916,gpu_delivered,16208,154959,0,0,0,4.7497451305389404e-08,,,,,none
926,925,1814411951427916,1814411951556458,1814411951571000,1814411952094583,gpu_delivered,14542,128542,0,0,0,5.8673322200775146e-08,,,,,none
927,926,1814411952094583,1814411952231833,1814411952245875,1814411952761249,gpu_delivered,14042,137250,0,0,0,4.8079527914524078e-08,,,,,none
928,927,1814411952761249,1814411952923250,1814411952938750,1814411953427916,gpu_delivered,15500,162001,0,0,0,3.9115548133850098e-08,,,,,none
929,928,1814411953427916,1814411953557625,1814411953573875,1814411954094583,gpu_delivered,16250,129709,0,0,0,3.2829120755195618e-08,,,,,none
930,929,1814411954094583,1814411954108416,1814411954139000,1814411954761249,cpu_fallback,30584,13833,0,0,0,0,,,,,none
931,930,1814411954761249,1814411954926416,1814411954944750,1814411955427916,gpu_delivered,18334,165167,0,0,0,3.166496753692627e-08,,,,,none
932,931,1814411955427916,1814411955509833,1814411955525333,1814411956094583,gpu_delivered,15500,81917,0,0,0,3.901368472725153e-08,,,,,none
933,932,1814411956094583,1814411956246333,1814411956263041,1814411956761249,gpu_delivered,16708,151750,0,0,0,2.7008354663848877e-08,,,,,none
934,933,1814411956761249,1814411956775875,1814411956790666,1814411957427916,cpu_fallback,14791,14626,0,0,0,0,,,,,none
935,934,1814411957427916,1814411957597833,1814411957613708,1814411958094583,gpu_delivered,15875,169917,0,0,0,3.6787241697311401e-08,,,,,none
936,935,1814411958094583,1814411958223958,1814411958253750,1814411958761249,cpu_fallback,29792,129375,0,0,0,0,,,,,none
937,936,1814411958761249,1814411958895166,1814411958913500,1814411959427916,gpu_delivered,18334,133917,0,0,0,4.2840838432312012e-08,,,,,none
938,937,1814411959427916,1814411959498333,1814411959514416,1814411960094583,gpu_delivered,16083,70417,0,0,0,4.0978193283081055e-08,,,,,none
939,938,1814411960094583,1814411960249500,1814411960264958,1814411960761249,gpu_delivered,15458,154917,0,0,0,3.9115548133850098e-08,,,,,none
940,939,1814411960761249,1814411960903625,1814411960955000,1814411961427916,cpu_fallback,51375,142376,0,0,0,0,,,,,none
941,940,1814411961427916,1814411961556916,1814411961583625,1814411962094583,cpu_fallback,26709,129000,0,0,0,0,,,,,none
942,941,1814411962094583,1814411962231250,1814411962248375,1814411962761249,cpu_fallback,17125,136667,0,0,0,0,,,,,none
943,942,1814411962761249,1814411962873583,1814411962890416,1814411963427916,gpu_delivered,16833,112334,0,0,0,4.1909515857696533e-08,,,,,none
944,943,1814411963427916,1814411963569041,1814411963586708,1814411964094583,gpu_delivered,17667,141125,0,0,0,3.4546246752142906e-08,,,,,none
945,944,1814411964094583,1814411964232583,1814411964249666,1814411964761249,gpu_delivered,17083,138000,0,0,0,6.3329935073852539e-08,,,,,none
946,945,1814411964761249,1814411964894791,1814411964911375,1814411965427916,cpu_fallback,16584,133542,0,0,0,0,,,,,none
947,946,1814411965427916,1814411965562416,1814411965578791,1814411966094583,cpu_fallback,16375,134500,0,0,0,0,,,,,none
948,947,1814411966094583,1814411966230958,1814411966247791,1814411966761249,gpu_delivered,16833,136375,0,0,0,3.771856427192688e-08,,,,,none
949,948,1814411966761249,1814411966776166,1814411966792250,1814411967427916,cpu_fallback,16084,14917,0,0,0,0,,,,,none
950,949,1814411967427916,1814411967599166,1814411967635416,1814411968094583,gpu_delivered,36250,171250,0,0,0,4.4354237616062164e-08,,,,,none
951,950,1814411968094583,1814411968139625,1814411968159791,1814411968761249,cpu_fallback,20166,45042,0,0,0,0,,,,,none
952,951,1814411968761249,1814411968918708,1814411968940708,1814411969427916,gpu_delivered,22000,157459,0,0,0,4.3306499719619751e-08,,,,,none
953,952,1814411969427916,1814411969556208,1814411969573791,1814411970094583,cpu_fallback,17583,128292,0,0,0,0,,,,,none
954,953,1814411970094583,1814411970133375,1814411970150500,1814411970761249,gpu_delivered,17125,38792,0,0,0,5.029141902923584e-08,,,,,none
955,954,1814411970761249,1814411970848500,1814411970865541,1814411971427916,gpu_delivered,17041,87251,0,0,0,5.005858838558197e-08,,,,,none
956,955,1814411971427916,1814411971573916,1814411971591083,1814411972094583,gpu_delivered,17167,146000,0,0,0,7.6834112405776978e-08,,,,,none
957,956,1814411972094583,1814411972251833,1814411972268333,1814411972761249,gpu_delivered,16500,157250,0,0,0,5.6694261729717255e-08,,,,,none
958,957,1814411972761249,1814411972890000,1814411972906458,1814411973427916,gpu_delivered,16458,128751,0,0,0,6.3912011682987213e-08,,,,,none
959,958,1814411973427916,1814411973564250,1814411973580166,1814411974094583,gpu_delivered,15916,136334,0,0,0,4.6566128730773926e-08,,,,,none
960,959,1814411974094583,1814411974233041,1814411974273125,1814411974761249,gpu_delivered,40084,138458,0,0,0,3.2479874789714813e-08,,,,,none
961,960,1814411974761249,1814411974813416,1814411974837625,1814411975427916,gpu_delivered,24209,52167,0,0,0,3.1897798180580139e-08,,,,,none
962,961,1814411975427916,1814411975450916,1814411975480000,1814411976094583,gpu_delivered,29084,23000,0,0,0,4.1909515857696533e-08,,,,,none
963,962,1814411976094583,1814411976260041,1814411976277583,1814411976761249,gpu_delivered,17542,165458,0,0,0,2.514570951461792e-08,,,,,none
964,963,1814411976761249,1814411976904125,1814411976922583,1814411977427916,cpu_fallback,18458,142876,0,0,0,0,,,,,none
965,964,1814411977427916,1814411977563416,1814411977587500,1814411978094583,cpu_fallback,24084,135500,0,0,0,0,,,,,none
966,965,1814411978094583,1814411978227125,1814411978241750,1814411978761249,gpu_delivered,14625,132542,0,0,0,6.891787052154541e-08,,,,,none
967,966,1814411978761249,1814411978903458,1814411978920333,1814411979427916,gpu_delivered,16875,142209,0,0,0,3.7252902984619141e-08,,,,,none
968,967,1814411979427916,1814411979564166,1814411979581583,1814411980094583,gpu_delivered,17417,136250,0,0,0,2.9802322387695312e-08,,,,,none
969,968,1814411980094583,1814411980232625,1814411980250750,1814411980761249,gpu_delivered,18125,138042,0,0,0,4.2375177145004272e-08,,,,,none
970,969,1814411980761249,1814411980897041,1814411980925666,1814411981427916,gpu_delivered,28625,135792,0,0,0,4.2840838432312012e-08,,,,,none
971,970,1814411981427916,1814411981523791,1814411981540958,1814411982094583,gpu_delivered,17167,95875,0,0,0,5.4016709327697754e-08,,,,,none
972,971,1814411982094583,1814411982238750,1814411982258708,1814411982761249,cpu_fallback,19958,144167,0,0,0,0,,,,,none
973,972,1814411982761249,1814411982823541,1814411982840666,1814411983427916,cpu_fallback,17125,62292,0,0,0,0,,,,,none
974,973,1814411983427916,1814411983582375,1814411983599041,1814411984094583,gpu_delivered,16666,154459,0,0,0,5.4016709327697754e-08,,,,,none
975,974,1814411984094583,1814411984227583,1814411984245625,1814411984761249,cpu_fallback,18042,133000,0,0,0,0,,,,,none
976,975,1814411984761249,1814411984897458,1814411984914208,1814411985427916,gpu_delivered,16750,136209,0,0,0,4.7381035983562469e-08,,,,,none
977,976,1814411985427916,1814411985610333,1814411985626916,1814411986094583,gpu_delivered,16583,182417,0,0,0,3.9814040064811707e-08,,,,,none
978,977,1814411986094583,1814411986220708,1814411986240500,1814411986761249,gpu_delivered,19792,126125,0,0,0,3.9115548133850098e-08,,,,,none
979,978,1814411986761249,1814411986899625,1814411986916750,1814411987427916,gpu_delivered,17125,138376,0,0,0,3.6321580410003662e-08,,,,,none
980,979,1814411987427916,1814411987487333,1814411987505791,1814411988094583,gpu_delivered,18458,59417,0,0,0,3.3527612686157227e-08,,,,,none
981,980,1814411988094583,1814411988250291,1814411988266375,1814411988761249,gpu_delivered,16084,155708,0,0,0,3.2596290111541748e-08,,,,,none
982,981,1814411988761249,1814411988915125,1814411988931041,1814411989427916,gpu_delivered,15916,153876,0,0,0,4.7497451305389404e-08,,,,,none
983,982,1814411989427916,1814411989559166,1814411989575333,1814411990094583,gpu_delivered,16167,131250,0,0,0,3.6321580410003662e-08,,,,,none
984,983,1814411990094583,1814411990234875,1814411990250625,1814411990761249,gpu_delivered,15750,140292,0,0,0,4.2142346501350403e-08,,,,,none
985,984,1814411990761249,1814411990896375,1814411990923458,1814411991427916,gpu_delivered,27083,135126,0,0,0,6.0535967350006104e-08,,,,,none
986,985,1814411991427916,1814411991561833,1814411991578625,1814411992094583,gpu_delivered,16792,133917,0,0,0,5.2154064178466797e-08,,,,,none
987,986,1814411992094583,1814411992137416,1814411992154000,1814411992761249,cpu_fallback,16584,42833,0,0,0,0,,,,,none
988,987,1814411992761249,1814411992918458,1814411992935791,1814411993427916,gpu_delivered,17333,157209,0,0,0,4.9825757741928101e-08,,,,,none
989,988,1814411993427916,1814411993561666,1814411993591583,1814411994094583,gpu_delivered,29917,133750,0,0,0,4.7686626203358173e-08,,,,,none
990,989,1814411994094583,1814411994229291,1814411994246416,1814411994761249,gpu_delivered,17125,134708,0,0,0,3.6321580410003662e-08,,,,,none
991,990,1814411994761249,1814411994912875,1814411994934125,1814411995427916,cpu_fallback,21250,151626,0,0,0,0,,,,,none
992,991,1814411995427916,1814411995560666,1814411995577500,1814411996094583,cpu_fallback,16834,132750,0,0,0,0,,,,,none
993,992,1814411996094583,1814411996232000,1814411996249500,1814411996761249,cpu_fallback,17500,137417,0,0,0,0,,,,,none
994,993,1814411996761249,1814411996901416,1814411996918500,1814411997427916,gpu_delivered,17084,140167,0,0,0,4.0978193283081055e-08,,,,,none
995,994,1814411997427916,1814411997574291,1814411997590666,1814411998094583,gpu_delivered,16375,146375,0,0,0,6.7986547946929932e-08,,,,,none
996,995,1814411998094583,1814411998233625,1814411998251291,1814411998761249,gpu_delivered,17666,139042,0,0,0,3.905734047293663e-08,,,,,none
997,996,1814411998761249,1814411998797250,1814411998814500,1814411999427916,cpu_fallback,17250,36001,0,0,0,0,,,,,none
998,997,1814411999427916,1814411999491291,1814411999508791,1814412000094583,cpu_fallback,17500,63375,0,0,0,0,,,,,none
999,998,1814412000094583,1814412000297250,1814412000315041,1814412000761249,cpu_fallback,17791,202667,0,0,0,0,,,,,none
1000,999,1814412000761249,1814412000880875,1814412000897625,1814412001427916,gpu_delivered,16750,119626,0,0,0,5.2386894822120667e-08,,,,,none
