block,delivered_input_sequence,scheduled_ns,start_ns,end_ns,deadline_ns,selected,callback_ns,start_lateness_ns,deadline_missed,mismatch_count,nonfinite_mismatch_count,max_finite_abs_error,first_mismatch_channel,first_mismatch_frame,first_actual,first_expected,first_mismatch_kind
0,,1814409010934750,1814409010934916,1814409010962875,1814409011601416,priming,27959,166,0,0,0,0,,,,,none
1,0,1814409011601416,1814409011772500,1814409011787541,1814409012268083,gpu_delivered,15041,171084,0,0,0,3.2596290111541748e-08,,,,,none
2,1,1814409012268083,1814409012395708,1814409012413208,1814409012934750,gpu_delivered,17500,127625,0,0,0,4.7031790018081665e-08,,,,,none
3,2,1814409012934750,1814409012962958,1814409012978916,1814409013601416,cpu_fallback,15958,28208,0,0,0,0,,,,,none
4,3,1814409013601416,1814409013671666,1814409013699458,1814409014268083,cpu_fallback,27792,70250,0,0,0,0,,,,,none
5,4,1814409014268083,1814409014416291,1814409014436083,1814409014934750,cpu_fallback,19792,148208,0,0,0,0,,,,,none
6,5,1814409014934750,1814409015067250,1814409015091625,1814409015601416,cpu_fallback,24375,132500,0,0,0,0,,,,,none
7,6,1814409015601416,1814409015735791,1814409015752333,1814409016268083,cpu_fallback,16542,134375,0,0,0,0,,,,,none
8,7,1814409016268083,1814409016403500,1814409016417125,1814409016934750,cpu_fallback,13625,135417,0,0,0,0,,,,,none
9,8,1814409016934750,1814409017072958,1814409017096416,1814409017601416,cpu_fallback,23458,138208,0,0,0,0,,,,,none
10,9,1814409017601416,1814409017681916,1814409017698458,1814409018268083,cpu_fallback,16542,80500,0,0,0,0,,,,,none
11,10,1814409018268083,1814409018425958,1814409018440458,1814409018934750,cpu_fallback,14500,157875,0,0,0,0,,,,,none
12,11,1814409018934750,1814409018941083,1814409018955000,1814409019601416,cpu_fallback,13917,6333,0,0,0,0,,,,,none
13,12,1814409019601416,1814409019769291,1814409019785750,1814409020268083,gpu_delivered,16459,167875,0,0,0,4.6566128730773926e-08,,,,,none
14,13,1814409020268083,1814409020396166,1814409020411083,1814409020934750,gpu_delivered,14917,128083,0,0,0,5.6170392781496048e-08,,,,,none
15,14,1814409020934750,1814409021071458,1814409021085375,1814409021601416,gpu_delivered,13917,136708,0,0,0,4.377216100692749e-08,,,,,none
16,15,1814409021601416,1814409021736625,1814409021749875,1814409022268083,gpu_delivered,13250,135209,0,0,0,3.9115548133850098e-08,,,,,none
17,16,1814409022268083,1814409022403000,1814409022416708,1814409022934750,gpu_delivered,13708,134917,0,0,0,4.2375177145004272e-08,,,,,none
18,17,1814409022934750,1814409023073583,1814409023100500,1814409023601416,cpu_fallback,26917,138833,0,0,0,0,,,,,none
19,18,1814409023601416,1814409023736458,1814409023752750,1814409024268083,gpu_delivered,16292,135042,0,0,0,5.9371814131736755e-08,,,,,none
20,19,1814409024268083,1814409024405708,1814409024423625,1814409024934750,gpu_delivered,17917,137625,0,0,0,3.119930624961853e-08,,,,,none
21,20,1814409024934750,1814409025071333,1814409025086958,1814409025601416,gpu_delivered,15625,136583,0,0,0,4.7963112592697144e-08,,,,,none
22,21,1814409025601416,1814409025752083,1814409025769000,1814409026268083,gpu_delivered,16917,150667,0,0,0,6.891787052154541e-08,,,,,none
23,22,1814409026268083,1814409026402708,1814409026434041,1814409026934750,gpu_delivered,31333,134625,0,0,0,4.109460860490799e-08,,,,,none
24,23,1814409026934750,1814409027070458,1814409027103291,1814409027601416,gpu_delivered,32833,135708,0,0,0,4.6333298087120056e-08,,,,,none
25,24,1814409027601416,1814409027735458,1814409027750958,1814409028268083,gpu_delivered,15500,134042,0,0,0,3.9581209421157837e-08,,,,,none
26,25,1814409028268083,1814409028337833,1814409028352000,1814409028934750,gpu_delivered,14167,69750,0,0,0,3.9115548133850098e-08,,,,,none
27,26,1814409028934750,1814409029093416,1814409029109708,1814409029601416,gpu_delivered,16292,158666,0,0,0,3.5390257835388184e-08,,,,,none
28,27,1814409029601416,1814409029732875,1814409029759208,1814409030268083,gpu_delivered,26333,131459,0,0,0,3.6321580410003662e-08,,,,,none
29,28,1814409030268083,1814409030295416,1814409030318791,1814409030934750,gpu_delivered,23375,27333,0,0,0,3.3527612686157227e-08,,,,,none
30,29,1814409030934750,1814409031019291,1814409031034583,1814409031601416,cpu_fallback,15292,84541,0,0,0,0,,,,,none
31,30,1814409031601416,1814409031629208,1814409031654833,1814409032268083,cpu_fallback,25625,27792,0,0,0,0,,,,,none
32,31,1814409032268083,1814409032432250,1814409032448875,1814409032934750,cpu_fallback,16625,164167,0,0,0,0,,,,,none
33,32,1814409032934750,1814409033063541,1814409033079458,1814409033601416,cpu_fallback,15917,128791,0,0,0,0,,,,,none
34,33,1814409033601416,1814409033749625,1814409033765000,1814409034268083,cpu_fallback,15375,148209,0,0,0,0,,,,,none
35,34,1814409034268083,1814409034404750,1814409034421666,1814409034934750,cpu_fallback,16916,136667,0,0,0,0,,,,,none
36,35,1814409034934750,1814409035009250,1814409035022958,1814409035601416,cpu_fallback,13708,74500,0,0,0,0,,,,,none
37,36,1814409035601416,1814409035755666,1814409035770958,1814409036268083,cpu_fallback,15292,154250,0,0,0,0,,,,,none
38,37,1814409036268083,1814409036319166,1814409036334875,1814409036934750,gpu_delivered,15709,51083,0,0,0,4.3539330363273621e-08,,,,,none
39,38,1814409036934750,1814409037091625,1814409037107833,1814409037601416,gpu_delivered,16208,156875,0,0,0,3.3993273973464966e-08,,,,,none
40,39,1814409037601416,1814409037641000,1814409037655333,1814409038268083,gpu_delivered,14333,39584,0,0,0,3.3993273973464966e-08,,,,,none
41,40,1814409038268083,1814409038441000,1814409038457500,1814409038934750,gpu_delivered,16500,172917,0,0,0,3.4458935260772705e-08,,,,,none
42,41,1814409038934750,1814409039027041,1814409039040750,1814409039601416,gpu_delivered,13709,92291,0,0,0,4.2840838432312012e-08,,,,,none
43,42,1814409039601416,1814409039750833,1814409039766875,1814409040268083,gpu_delivered,16042,149417,0,0,0,4.9360096454620361e-08,,,,,none
44,43,1814409040268083,1814409040422208,1814409040436625,1814409040934750,gpu_delivered,14417,154125,0,0,0,3.795139491558075e-08,,,,,none
45,44,1814409040934750,1814409041064708,1814409041079166,1814409041601416,gpu_delivered,14458,129958,0,0,0,4.9476511776447296e-08,,,,,none
46,45,1814409041601416,1814409041747416,1814409041787958,1814409042268083,gpu_delivered,40542,146000,0,0,0,3.2654497772455215e-08,,,,,none
47,46,1814409042268083,1814409042395083,1814409042412583,1814409042934750,gpu_delivered,17500,127000,0,0,0,4.0978193283081055e-08,,,,,none
48,47,1814409042934750,1814409043079333,1814409043100458,1814409043601416,gpu_delivered,21125,144583,0,0,0,3.6321580410003662e-08,,,,,none
49,48,1814409043601416,1814409043703625,1814409043719375,1814409044268083,gpu_delivered,15750,102209,0,0,0,7.1711838245391846e-08,,,,,none
50,49,1814409044268083,1814409044410541,1814409044425083,1814409044934750,gpu_delivered,14542,142458,0,0,0,5.9837475419044495e-08,,,,,none
51,50,1814409044934750,1814409045068125,1814409045082333,1814409045601416,gpu_delivered,14208,133375,0,0,0,3.4924596548080444e-08,,,,,none
52,51,1814409045601416,1814409045739166,1814409045754333,1814409046268083,gpu_delivered,15167,137750,0,0,0,5.4424162954092026e-08,,,,,none
53,52,1814409046268083,1814409046405083,1814409046420458,1814409046934750,gpu_delivered,15375,137000,0,0,0,4.6566128730773926e-08,,,,,none
54,53,1814409046934750,1814409047012958,1814409047029125,1814409047601416,gpu_delivered,16167,78208,0,0,0,4.4703483581542969e-08,,,,,none
55,54,1814409047601416,1814409047679208,1814409047704208,1814409048268083,gpu_delivered,25000,77792,0,0,0,3.6787241697311401e-08,,,,,none
56,55,1814409048268083,1814409048420541,1814409048436958,1814409048934750,cpu_fallback,16417,152458,0,0,0,0,,,,,none
57,56,1814409048934750,1814409049072500,1814409049086458,1814409049601416,cpu_fallback,13958,137750,0,0,0,0,,,,,none
58,57,1814409049601416,1814409049741375,1814409049757541,1814409050268083,cpu_fallback,16166,139959,0,0,0,0,,,,,none
59,58,1814409050268083,1814409050378000,1814409050394750,1814409050934750,cpu_fallback,16750,109917,0,0,0,0,,,,,none
60,59,1814409050934750,1814409051076958,1814409051090458,1814409051601416,cpu_fallback,13500,142208,0,0,0,0,,,,,none
61,60,1814409051601416,1814409051741291,1814409051754791,1814409052268083,cpu_fallback,13500,139875,0,0,0,0,,,,,none
62,61,1814409052268083,1814409052405208,1814409052423333,1814409052934750,gpu_delivered,18125,137125,0,0,0,5.3085386753082275e-08,,,,,none
63,62,1814409052934750,1814409053076166,1814409053093625,1814409053601416,gpu_delivered,17459,141416,0,0,0,5.9604644775390625e-08,,,,,none
64,63,1814409053601416,1814409053745166,1814409053786583,1814409054268083,gpu_delivered,41417,143750,0,0,0,5.5879354476928711e-08,,,,,none
65,64,1814409054268083,1814409054407666,1814409054474958,1814409054934750,gpu_delivered,67292,139583,0,0,0,4.4703483581542969e-08,,,,,none
66,65,1814409054934750,1814409055067625,1814409055093666,1814409055601416,gpu_delivered,26041,132875,0,0,0,3.3760443329811096e-08,,,,,none
67,66,1814409055601416,1814409055739791,1814409055753000,1814409056268083,gpu_delivered,13209,138375,0,0,0,4.0978193283081055e-08,,,,,none
68,67,1814409056268083,1814409056308791,1814409056324916,1814409056934750,gpu_delivered,16125,40708,0,0,0,3.6729034036397934e-08,,,,,none
69,68,1814409056934750,1814409057091750,1814409057105500,1814409057601416,gpu_delivered,13750,157000,0,0,0,3.7078280001878738e-08,,,,,none
70,69,1814409057601416,1814409057678458,1814409057691708,1814409058268083,gpu_delivered,13250,77042,0,0,0,5.7741999626159668e-08,,,,,none
71,70,1814409058268083,1814409058327208,1814409058356500,1814409058934750,gpu_delivered,29292,59125,0,0,0,6.3329935073852539e-08,,,,,none
72,71,1814409058934750,1814409058948750,1814409058965416,1814409059601416,gpu_delivered,16666,14000,0,0,0,4.4237822294235229e-08,,,,,none
73,72,1814409059601416,1814409059768250,1814409059784333,1814409060268083,gpu_delivered,16083,166834,0,0,0,3.7369318306446075e-08,,,,,none
74,73,1814409060268083,1814409060396625,1814409060412791,1814409060934750,gpu_delivered,16166,128542,0,0,0,4.1851308196783066e-08,,,,,none
75,74,1814409060934750,1814409061072416,1814409061087833,1814409061601416,gpu_delivered,15417,137666,0,0,0,3.6321580410003662e-08,,,,,none
76,75,1814409061601416,1814409061739041,1814409061754125,1814409062268083,gpu_delivered,15084,137625,0,0,0,3.8882717490196228e-08,,,,,none
77,76,1814409062268083,1814409062411958,1814409062427791,1814409062934750,gpu_delivered,15833,143875,0,0,0,4.6566128730773926e-08,,,,,none
78,77,1814409062934750,1814409063069208,1814409063083583,1814409063601416,gpu_delivered,14375,134458,0,0,0,4.0512531995773315e-08,,,,,none
79,78,1814409063601416,1814409063739041,1814409063754958,1814409064268083,gpu_delivered,15917,137625,0,0,0,4.4703483581542969e-08,,,,,none
80,79,1814409064268083,1814409064409625,1814409064433375,1814409064934750,gpu_delivered,23750,141542,0,0,0,3.6321580410003662e-08,,,,,none
81,80,1814409064934750,1814409065071041,1814409065087000,1814409065601416,cpu_fallback,15959,136291,0,0,0,0,,,,,none
82,81,1814409065601416,1814409065740333,1814409065756833,1814409066268083,cpu_fallback,16500,138917,0,0,0,0,,,,,none
83,82,1814409066268083,1814409066402833,1814409066417750,1814409066934750,cpu_fallback,14917,134750,0,0,0,0,,,,,none
84,83,1814409066934750,1814409067073875,1814409067088291,1814409067601416,cpu_fallback,14416,139125,0,0,0,0,,,,,none
85,84,1814409067601416,1814409067749875,1814409067765958,1814409068268083,cpu_fallback,16083,148459,0,0,0,0,,,,,none
86,85,1814409068268083,1814409068403916,1814409068419583,1814409068934750,cpu_fallback,15667,135833,0,0,0,0,,,,,none
87,86,1814409068934750,1814409069071666,1814409069086500,1814409069601416,cpu_fallback,14834,136916,0,0,0,0,,,,,none
88,87,1814409069601416,1814409069738125,1814409069754000,1814409070268083,cpu_fallback,15875,136709,0,0,0,0,,,,,none
89,88,1814409070268083,1814409070404333,1814409070419541,1814409070934750,cpu_fallback,15208,136250,0,0,0,0,,,,,none
90,89,1814409070934750,1814409071067708,1814409071094208,1814409071601416,gpu_delivered,26500,132958,0,0,0,4.377216100692749e-08,,,,,none
91,90,1814409071601416,1814409071739541,1814409071755208,1814409072268083,gpu_delivered,15667,138125,0,0,0,6.6123902797698975e-08,,,,,none
92,91,1814409072268083,1814409072405375,1814409072420750,1814409072934750,gpu_delivered,15375,137292,0,0,0,4.5110937207937241e-08,,,,,none
93,92,1814409072934750,1814409073081291,1814409073115416,1814409073601416,gpu_delivered,34125,146541,0,0,0,3.795139491558075e-08,,,,,none
94,93,1814409073601416,1814409073729958,1814409073749708,1814409074268083,gpu_delivered,19750,128542,0,0,0,4.8428773880004883e-08,,,,,none
95,94,1814409074268083,1814409074403916,1814409074419708,1814409074934750,gpu_delivered,15792,135833,0,0,0,6.5192580223083496e-08,,,,,none
96,95,1814409074934750,1814409075069916,1814409075085958,1814409075601416,gpu_delivered,16042,135166,0,0,0,4.5634806156158447e-08,,,,,none
97,96,1814409075601416,1814409075738666,1814409075753166,1814409076268083,gpu_delivered,14500,137250,0,0,0,7.2177499532699585e-08,,,,,none
98,97,1814409076268083,1814409076337583,1814409076352291,1814409076934750,gpu_delivered,14708,69500,0,0,0,3.3527612686157227e-08,,,,,none
99,98,1814409076934750,1814409076983583,1814409076997833,1814409077601416,gpu_delivered,14250,48833,0,0,0,4.377216100692749e-08,,,,,none
100,99,1814409077601416,1814409077682083,1814409077696375,1814409078268083,gpu_delivered,14292,80667,0,0,0,6.1001628637313843e-08,,,,,none
101,100,1814409078268083,1814409078419791,1814409078434583,1814409078934750,gpu_delivered,14792,151708,0,0,0,3.9581209421157837e-08,,,,,none
102,101,1814409078934750,1814409078946500,1814409078961500,1814409079601416,cpu_fallback,15000,11750,0,0,0,0,,,,,none
103,102,1814409079601416,1814409079777750,1814409079793958,1814409080268083,gpu_delivered,16208,176334,0,0,0,4.5634806156158447e-08,,,,,none
104,103,1814409080268083,1814409080397750,1814409080413791,1814409080934750,gpu_delivered,16041,129667,0,0,0,4.8894435167312622e-08,,,,,none
105,104,1814409080934750,1814409081076291,1814409081097958,1814409081601416,cpu_fallback,21667,141541,0,0,0,0,,,,,none
106,105,1814409081601416,1814409081776125,1814409081789750,1814409082268083,cpu_fallback,13625,174709,0,0,0,0,,,,,none
107,106,1814409082268083,1814409082327333,1814409082340916,1814409082934750,cpu_fallback,13583,59250,0,0,0,0,,,,,none
108,107,1814409082934750,1814409083143000,1814409083158000,1814409083601416,cpu_fallback,15000,208250,0,0,0,0,,,,,none
109,108,1814409083601416,1814409083705541,1814409083721583,1814409084268083,cpu_fallback,16042,104125,0,0,0,0,,,,,none
110,109,1814409084268083,1814409084415166,1814409084432041,1814409084934750,cpu_fallback,16875,147083,0,0,0,0,,,,,none
111,110,1814409084934750,1814409085071416,1814409085087750,1814409085601416,cpu_fallback,16334,136666,0,0,0,0,,,,,none
112,111,1814409085601416,1814409085739125,1814409085755250,1814409086268083,gpu_delivered,16125,137709,0,0,0,5.4482370615005493e-08,,,,,none
113,112,1814409086268083,1814409086404166,1814409086418666,1814409086934750,gpu_delivered,14500,136083,0,0,0,4.5169144868850708e-08,,,,,none
114,113,1814409086934750,1814409087071583,1814409087085875,1814409087601416,gpu_delivered,14292,136833,0,0,0,5.029141902923584e-08,,,,,none
115,114,1814409087601416,1814409087737416,1814409087751541,1814409088268083,gpu_delivered,14125,136000,0,0,0,3.9115548133850098e-08,,,,,none
116,115,1814409088268083,1814409088408333,1814409088422083,1814409088934750,gpu_delivered,13750,140250,0,0,0,4.1909515857696533e-08,,,,,none
117,116,1814409088934750,1814409089048083,1814409089061541,1814409089601416,gpu_delivered,13458,113333,0,0,0,3.5855919122695923e-08,,,,,none
118,117,1814409089601416,1814409089739750,1814409089753166,1814409090268083,gpu_delivered,13416,138334,0,0,0,3.3061951398849487e-08,,,,,none
119,118,1814409090268083,1814409090402458,1814409090415541,1814409090934750,gpu_delivered,13083,134375,0,0,0,3.2596290111541748e-08,,,,,none
120,119,1814409090934750,1814409091069000,1814409091095916,1814409091601416,gpu_delivered,26916,134250,0,0,0,4.2840838432312012e-08,,,,,none
121,120,1814409091601416,1814409091737625,1814409091751291,1814409092268083,gpu_delivered,13666,136209,0,0,0,3.6321580410003662e-08,,,,,none
122,121,1814409092268083,1814409092402625,1814409092418833,1814409092934750,gpu_delivered,16208,134542,0,0,0,4.7497451305389404e-08,,,,,none
123,122,1814409092934750,1814409093073458,1814409093089208,1814409093601416,gpu_delivered,15750,138708,0,0,0,6.4144842326641083e-08,,,,,none
124,123,1814409093601416,1814409093736208,1814409093751291,1814409094268083,gpu_delivered,15083,134792,0,0,0,4.4237822294235229e-08,,,,,none
125,124,1814409094268083,1814409094403291,1814409094418041,1814409094934750,gpu_delivered,14750,135208,0,0,0,4.6798959374427795e-08,,,,,none
126,125,1814409094934750,1814409095092000,1814409095106041,1814409095601416,gpu_delivered,14041,157250,0,0,0,5.3085386753082275e-08,,,,,none
127,126,1814409095601416,1814409095610958,1814409095637750,1814409096268083,cpu_fallback,26792,9542,0,0,0,0,,,,,none
128,127,1814409096268083,1814409096434666,1814409096450291,1814409096934750,gpu_delivered,15625,166583,0,0,0,4.534376785159111e-08,,,,,none
129,128,1814409096934750,1814409097065375,1814409097082000,1814409097601416,gpu_delivered,16625,130625,0,0,0,4.5634806156158447e-08,,,,,none
130,129,1814409097601416,1814409097740625,1814409097757458,1814409098268083,gpu_delivered,16833,139209,0,0,0,3.2130628824234009e-08,,,,,none
131,130,1814409098268083,1814409098323541,1814409098338791,1814409098934750,cpu_fallback,15250,55458,0,0,0,0,,,,,none
132,131,1814409098934750,1814409099094875,1814409099110625,1814409099601416,cpu_fallback,15750,160125,0,0,0,0,,,,,none
133,132,1814409099601416,1814409099728708,1814409099742291,1814409100268083,cpu_fallback,13583,127292,0,0,0,0,,,,,none
134,133,1814409100268083,1814409100409000,1814409100425375,1814409100934750,cpu_fallback,16375,140917,0,0,0,0,,,,,none
135,134,1814409100934750,1814409101075208,1814409101089958,1814409101601416,cpu_fallback,14750,140458,0,0,0,0,,,,,none
136,135,1814409101601416,1814409101625333,1814409101641166,1814409102268083,cpu_fallback,15833,23917,0,0,0,0,,,,,none
137,136,1814409102268083,1814409102437291,1814409102453958,1814409102934750,cpu_fallback,16667,169208,0,0,0,0,,,,,none
138,137,1814409102934750,1814409102987666,1814409103004375,1814409103601416,cpu_fallback,16709,52916,0,0,0,0,,,,,none
139,138,1814409103601416,1814409103761708,1814409103776916,1814409104268083,gpu_delivered,15208,160292,0,0,0,5.9604644775390625e-08,,,,,none
140,139,1814409104268083,1814409104422375,1814409104437458,1814409104934750,gpu_delivered,15083,154292,0,0,0,5.634501576423645e-08,,,,,none
141,140,1814409104934750,1814409105046958,1814409105063250,1814409105601416,gpu_delivered,16292,112208,0,0,0,5.972106009721756e-08,,,,,none
142,141,1814409105601416,1814409105758750,1814409105773833,1814409106268083,gpu_delivered,15083,157334,0,0,0,5.657784640789032e-08,,,,,none
143,142,1814409106268083,1814409106404333,1814409106428541,1814409106934750,gpu_delivered,24208,136250,0,0,0,4.1676685214042664e-08,,,,,none
144,143,1814409106934750,1814409107077750,1814409107093458,1814409107601416,gpu_delivered,15708,143000,0,0,0,4.1676685214042664e-08,,,,,none
145,144,1814409107601416,1814409107736916,1814409107752750,1814409108268083,gpu_delivered,15834,135500,0,0,0,3.4458935260772705e-08,,,,,none
146,145,1814409108268083,1814409108410125,1814409108425500,1814409108934750,cpu_fallback,15375,142042,0,0,0,0,,,,,none
147,146,1814409108934750,1814409109078000,1814409109092041,1814409109601416,gpu_delivered,14041,143250,0,0,0,4.6566128730773926e-08,,,,,none
148,147,1814409109601416,1814409109736250,1814409109753708,1814409110268083,gpu_delivered,17458,134834,0,0,0,3.3527612686157227e-08,,,,,none
149,148,1814409110268083,1814409110403625,1814409110418458,1814409110934750,gpu_delivered,14833,135542,0,0,0,3.5855919122695923e-08,,,,,none
150,149,1814409110934750,1814409111071750,1814409111087958,1814409111601416,gpu_delivered,16208,137000,0,0,0,4.7031790018081665e-08,,,,,none
151,150,1814409111601416,1814409111741041,1814409111757083,1814409112268083,gpu_delivered,16042,139625,0,0,0,5.1222741603851318e-08,,,,,none
152,151,1814409112268083,1814409112403541,1814409112418541,1814409112934750,gpu_delivered,15000,135458,0,0,0,4.0978193283081055e-08,,,,,none
153,152,1814409112934750,1814409113082500,1814409113098375,1814409113601416,gpu_delivered,15875,147750,0,0,0,4.377216100692749e-08,,,,,none
154,153,1814409113601416,1814409113738416,1814409113756875,1814409114268083,gpu_delivered,18459,137000,0,0,0,5.4948031902313232e-08,,,,,none
155,154,1814409114268083,1814409114407125,1814409114432625,1814409114934750,cpu_fallback,25500,139042,0,0,0,0,,,,,none
156,155,1814409114934750,1814409115068458,1814409115084125,1814409115601416,gpu_delivered,15667,133708,0,0,0,7.4505805969238281e-08,,,,,none
157,156,1814409115601416,1814409115611208,1814409115625125,1814409116268083,cpu_fallback,13917,9792,0,0,0,0,,,,,none
158,157,1814409116268083,1814409116438916,1814409116455458,1814409116934750,gpu_delivered,16542,170833,0,0,0,4.0803570300340652e-08,,,,,none
159,158,1814409116934750,1814409117067125,1814409117081666,1814409117601416,cpu_fallback,14541,132375,0,0,0,0,,,,,none
160,159,1814409117601416,1814409117725458,1814409117741875,1814409118268083,gpu_delivered,16417,124042,0,0,0,5.4948031902313232e-08,,,,,none
161,160,1814409118268083,1814409118368166,1814409118383708,1814409118934750,gpu_delivered,15542,100083,0,0,0,5.5413693189620972e-08,,,,,none
162,161,1814409118934750,1814409119080500,1814409119104333,1814409119601416,gpu_delivered,23833,145750,0,0,0,3.771856427192688e-08,,,,,none
163,162,1814409119601416,1814409119735666,1814409119752083,1814409120268083,gpu_delivered,16417,134250,0,0,0,4.1909515857696533e-08,,,,,none
164,163,1814409120268083,1814409120405875,1814409120420875,1814409120934750,gpu_delivered,15000,137792,0,0,0,3.9115548133850098e-08,,,,,none
165,164,1814409120934750,1814409121073541,1814409121087875,1814409121601416,gpu_delivered,14334,138791,0,0,0,3.6321580410003662e-08,,,,,none
166,165,1814409121601416,1814409121669875,1814409121684083,1814409122268083,gpu_delivered,14208,68459,0,0,0,3.7252902984619141e-08,,,,,none
167,166,1814409122268083,1814409122423958,1814409122438416,1814409122934750,gpu_delivered,14458,155875,0,0,0,3.2014213502407074e-08,,,,,none
168,167,1814409122934750,1814409123067375,1814409123083166,1814409123601416,gpu_delivered,15791,132625,0,0,0,4.1909515857696533e-08,,,,,none
169,168,1814409123601416,1814409123712000,1814409123728416,1814409124268083,gpu_delivered,16416,110584,0,0,0,3.8649886846542358e-08,,,,,none
170,169,1814409124268083,1814409124409916,1814409124425833,1814409124934750,gpu_delivered,15917,141833,0,0,0,6.263144314289093e-08,,,,,none
171,170,1814409124934750,1814409124964083,1814409124977291,1814409125601416,cpu_fallback,13208,29333,0,0,0,0,,,,,none
172,171,1814409125601416,1814409125767666,1814409125782875,1814409126268083,gpu_delivered,15209,166250,0,0,0,5.7945726439356804e-08,,,,,none
173,172,1814409126268083,1814409126397916,1814409126411625,1814409126934750,gpu_delivered,13709,129833,0,0,0,4.0512531995773315e-08,,,,,none
174,173,1814409126934750,1814409127043916,1814409127059625,1814409127601416,gpu_delivered,15709,109166,0,0,0,3.9115548133850098e-08,,,,,none
175,174,1814409127601416,1814409127743666,1814409127758250,1814409128268083,gpu_delivered,14584,142250,0,0,0,3.7252902984619141e-08,,,,,none
176,175,1814409128268083,1814409128403458,1814409128419291,1814409128934750,gpu_delivered,15833,135375,0,0,0,3.6088749766349792e-08,,,,,none
177,176,1814409128934750,1814409128966666,1814409128981750,1814409129601416,gpu_delivered,15084,31916,0,0,0,4.2375177145004272e-08,,,,,none
178,177,1814409129601416,1814409129765208,1814409129780875,1814409130268083,gpu_delivered,15667,163792,0,0,0,4.377216100692749e-08,,,,,none
179,178,1814409130268083,1814409130377916,1814409130393083,1814409130934750,gpu_delivered,15167,109833,0,0,0,4.5634806156158447e-08,,,,,none
180,179,1814409130934750,1814409131077875,1814409131092166,1814409131601416,cpu_fallback,14291,143125,0,0,0,0,,,,,none
181,180,1814409131601416,1814409131736583,1814409131752416,1814409132268083,gpu_delivered,15833,135167,0,0,0,4.4470652937889099e-08,,,,,none
182,181,1814409132268083,1814409132405625,1814409132421791,1814409132934750,gpu_delivered,16166,137542,0,0,0,4.8661604523658752e-08,,,,,none
183,182,1814409132934750,1814409133044333,1814409133058958,1814409133601416,gpu_delivered,14625,109583,0,0,0,4.0279701352119446e-08,,,,,none
184,183,1814409133601416,1814409133745291,1814409133762250,1814409134268083,gpu_delivered,16959,143875,0,0,0,4.9360096454620361e-08,,,,,none
185,184,1814409134268083,1814409134418541,1814409134433083,1814409134934750,gpu_delivered,14542,150458,0,0,0,5.029141902923584e-08,,,,,none
186,185,1814409134934750,1814409135067125,1814409135083291,1814409135601416,gpu_delivered,16166,132375,0,0,0,4.8428773880004883e-08,,,,,none
187,186,1814409135601416,1814409135739250,1814409135754208,1814409136268083,gpu_delivered,14958,137834,0,0,0,5.8440491557121277e-08,,,,,none
188,187,1814409136268083,1814409136299791,1814409136325833,1814409136934750,cpu_fallback,26042,31708,0,0,0,0,,,,,none
189,188,1814409136934750,1814409136964583,1814409136979708,1814409137601416,gpu_delivered,15125,29833,0,0,0,5.9604644775390625e-08,,,,,none
190,189,1814409137601416,1814409137766458,1814409137792291,1814409138268083,gpu_delivered,25833,165042,0,0,0,6.891787052154541e-08,,,,,none
191,190,1814409138268083,1814409138400833,1814409138429041,1814409138934750,gpu_delivered,28208,132750,0,0,0,4.7963112592697144e-08,,,,,none
192,191,1814409138934750,1814409139070666,1814409139085000,1814409139601416,gpu_delivered,14334,135916,0,0,0,4.0512531995773315e-08,,,,,none
193,192,1814409139601416,1814409139734166,1814409139748625,1814409140268083,gpu_delivered,14459,132750,0,0,0,3.3527612686157227e-08,,,,,none
194,193,1814409140268083,1814409140402375,1814409140415833,1814409140934750,gpu_delivered,13458,134292,0,0,0,3.166496753692627e-08,,,,,none
195,194,1814409140934750,1814409141068500,1814409141082125,1814409141601416,gpu_delivered,13625,133750,0,0,0,3.3527612686157227e-08,,,,,none
196,195,1814409141601416,1814409141687416,1814409141701666,1814409142268083,gpu_delivered,14250,86000,0,0,0,4.0046870708465576e-08,,,,,none
197,196,1814409142268083,1814409142418375,1814409142447625,1814409142934750,gpu_delivered,29250,150292,0,0,0,3.9115548133850098e-08,,,,,none
198,197,1814409142934750,1814409143067875,1814409143102125,1814409143601416,gpu_delivered,34250,133125,0,0,0,4.0512531995773315e-08,,,,,none
199,198,1814409143601416,1814409143735958,1814409143786750,1814409144268083,gpu_delivered,50792,134542,0,0,0,5.029141902923584e-08,,,,,none
200,199,1814409144268083,1814409144415041,1814409144451958,1814409144934750,gpu_delivered,36917,146958,0,0,0,4.7963112592697144e-08,,,,,none
201,200,1814409144934750,1814409145067208,1814409145083708,1814409145601416,gpu_delivered,16500,132458,0,0,0,7.2643160820007324e-08,,,,,none
202,201,1814409145601416,1814409145737333,1814409145752833,1814409146268083,gpu_delivered,15500,135917,0,0,0,5.1222741603851318e-08,,,,,none
203,202,1814409146268083,1814409146406750,1814409146423375,1814409146934750,cpu_fallback,16625,138667,0,0,0,0,,,,,none
204,203,1814409146934750,1814409147068458,1814409147083708,1814409147601416,cpu_fallback,15250,133708,0,0,0,0,,,,,none
205,204,1814409147601416,1814409147739916,1814409147753000,1814409148268083,cpu_fallback,13084,138500,0,0,0,0,,,,,none
206,205,1814409148268083,1814409148421000,1814409148445791,1814409148934750,cpu_fallback,24791,152917,0,0,0,0,,,,,none
207,206,1814409148934750,1814409149065791,1814409149082791,1814409149601416,cpu_fallback,17000,131041,0,0,0,0,,,,,none
208,207,1814409149601416,1814409149744166,1814409149760458,1814409150268083,cpu_fallback,16292,142750,0,0,0,0,,,,,none
209,208,1814409150268083,1814409150281083,1814409150295958,1814409150934750,cpu_fallback,14875,13000,0,0,0,0,,,,,none
210,209,1814409150934750,1814409151099000,1814409151114166,1814409151601416,gpu_delivered,15166,164250,0,0,0,4.7963112592697144e-08,,,,,none
211,210,1814409151601416,1814409151728833,1814409151743041,1814409152268083,gpu_delivered,14208,127417,0,0,0,4.2899046093225479e-08,,,,,none
212,211,1814409152268083,1814409152347750,1814409152363500,1814409152934750,gpu_delivered,15750,79667,0,0,0,4.377216100692749e-08,,,,,none
213,212,1814409152934750,1814409153021541,1814409153037458,1814409153601416,gpu_delivered,15917,86791,0,0,0,3.9115548133850098e-08,,,,,none
214,213,1814409153601416,1814409153754041,1814409153770458,1814409154268083,gpu_delivered,16417,152625,0,0,0,3.7252902984619141e-08,,,,,none
215,214,1814409154268083,1814409154397083,1814409154410500,1814409154934750,gpu_delivered,13417,129000,0,0,0,3.795139491558075e-08,,,,,none
216,215,1814409154934750,1814409155024041,1814409155062333,1814409155601416,gpu_delivered,38292,89291,0,0,0,4.5169144868850708e-08,,,,,none
217,216,1814409155601416,1814409155618500,1814409155638666,1814409156268083,gpu_delivered,20166,17084,0,0,0,4.5634806156158447e-08,,,,,none
218,217,1814409156268083,1814409156433250,1814409156452666,1814409156934750,gpu_delivered,19416,165167,0,0,0,4.9360096454620361e-08,,,,,none
219,218,1814409156934750,1814409157021916,1814409157037541,1814409157601416,gpu_delivered,15625,87166,0,0,0,4.9127265810966492e-08,,,,,none
220,219,1814409157601416,1814409157747416,1814409157760791,1814409158268083,gpu_delivered,13375,146000,0,0,0,4.6333298087120056e-08,,,,,none
221,220,1814409158268083,1814409158402291,1814409158420083,1814409158934750,gpu_delivered,17792,134208,0,0,0,5.5879354476928711e-08,,,,,none
222,221,1814409158934750,1814409159073041,1814409159090250,1814409159601416,gpu_delivered,17209,138291,0,0,0,3.4226104617118835e-08,,,,,none
223,222,1814409159601416,1814409159739958,1814409159764000,1814409160268083,gpu_delivered,24042,138542,0,0,0,3.2596290111541748e-08,,,,,none
224,223,1814409160268083,1814409160381916,1814409160396708,1814409160934750,gpu_delivered,14792,113833,0,0,0,5.1222741603851318e-08,,,,,none
225,224,1814409160934750,1814409161078208,1814409161091500,1814409161601416,gpu_delivered,13292,143458,0,0,0,3.771856427192688e-08,,,,,none
226,225,1814409161601416,1814409161690416,1814409161704750,1814409162268083,gpu_delivered,14334,89000,0,0,0,4.1909515857696533e-08,,,,,none
227,226,1814409162268083,1814409162415833,1814409162431375,1814409162934750,gpu_delivered,15542,147750,0,0,0,3.6088749766349792e-08,,,,,none
228,227,1814409162934750,1814409163079833,1814409163111875,1814409163601416,cpu_fallback,32042,145083,0,0,0,0,,,,,none
229,228,1814409163601416,1814409163734125,1814409163749875,1814409164268083,cpu_fallback,15750,132709,0,0,0,0,,,,,none
230,229,1814409164268083,1814409164409208,1814409164424208,1814409164934750,cpu_fallback,15000,141125,0,0,0,0,,,,,none
231,230,1814409164934750,1814409165070625,1814409165086500,1814409165601416,cpu_fallback,15875,135875,0,0,0,0,,,,,none
232,231,1814409165601416,1814409165740458,1814409165757666,1814409166268083,cpu_fallback,17208,139042,0,0,0,0,,,,,none
233,232,1814409166268083,1814409166335125,1814409166350541,1814409166934750,cpu_fallback,15416,67042,0,0,0,0,,,,,none
234,233,1814409166934750,1814409167029500,1814409167045750,1814409167601416,gpu_delivered,16250,94750,0,0,0,3.8184225559234619e-08,,,,,none
235,234,1814409167601416,1814409167751875,1814409167767000,1814409168268083,gpu_delivered,15125,150459,0,0,0,4.691537469625473e-08,,,,,none
236,235,1814409168268083,1814409168403083,1814409168419083,1814409168934750,gpu_delivered,16000,135000,0,0,0,3.2596290111541748e-08,,,,,none
237,236,1814409168934750,1814409169022333,1814409169036291,1814409169601416,gpu_delivered,13958,87583,0,0,0,3.6321580410003662e-08,,,,,none
238,237,1814409169601416,1814409169749583,1814409169766083,1814409170268083,gpu_delivered,16500,148167,0,0,0,5.029141902923584e-08,,,,,none
239,238,1814409170268083,1814409170351125,1814409170367208,1814409170934750,gpu_delivered,16083,83042,0,0,0,4.8428773880004883e-08,,,,,none
240,239,1814409170934750,1814409171085125,1814409171099791,1814409171601416,gpu_delivered,14666,150375,0,0,0,4.0046870708465576e-08,,,,,none
241,240,1814409171601416,1814409171731833,1814409171746458,1814409172268083,gpu_delivered,14625,130417,0,0,0,3.9697624742984772e-08,,,,,none
242,241,1814409172268083,1814409172381625,1814409172409125,1814409172934750,gpu_delivered,27500,113542,0,0,0,3.748573362827301e-08,,,,,none
243,242,1814409172934750,1814409173075833,1814409173091500,1814409173601416,gpu_delivered,15667,141083,0,0,0,4.1909515857696533e-08,,,,,none
244,243,1814409173601416,1814409173737000,1814409173753958,1814409174268083,gpu_delivered,16958,135584,0,0,0,5.5879354476928711e-08,,,,,none
245,244,1814409174268083,1814409174407458,1814409174421666,1814409174934750,gpu_delivered,14208,139375,0,0,0,6.7055225372314453e-08,,,,,none
246,245,1814409174934750,1814409175071625,1814409175086708,1814409175601416,gpu_delivered,15083,136875,0,0,0,5.5879354476928711e-08,,,,,none
247,246,1814409175601416,1814409175739541,1814409175754291,1814409176268083,gpu_delivered,14750,138125,0,0,0,5.6999851949512959e-08,,,,,none
248,247,1814409176268083,1814409176408000,1814409176424041,1814409176934750,gpu_delivered,16041,139917,0,0,0,5.3085386753082275e-08,,,,,none
249,248,1814409176934750,1814409177070000,1814409177086416,1814409177601416,gpu_delivered,16416,135250,0,0,0,6.0535967350006104e-08,,,,,none
250,249,1814409177601416,1814409177741750,1814409177757000,1814409178268083,gpu_delivered,15250,140334,0,0,0,3.7252902984619141e-08,,,,,none
251,250,1814409178268083,1814409178284333,1814409178298166,1814409178934750,gpu_delivered,13833,16250,0,0,0,4.5634806156158447e-08,,,,,none
252,251,1814409178934750,1814409179103791,1814409179120791,1814409179601416,gpu_delivered,17000,169041,0,0,0,4.0978193283081055e-08,,,,,none
253,252,1814409179601416,1814409179747791,1814409179762125,1814409180268083,cpu_fallback,14334,146375,0,0,0,0,,,,,none
254,253,1814409180268083,1814409180356875,1814409180371625,1814409180934750,cpu_fallback,14750,88792,0,0,0,0,,,,,none
255,254,1814409180934750,1814409181083000,1814409181098083,1814409181601416,cpu_fallback,15083,148250,0,0,0,0,,,,,none
256,255,1814409181601416,1814409181674208,1814409181689083,1814409182268083,cpu_fallback,14875,72792,0,0,0,0,,,,,none
257,256,1814409182268083,1814409182420083,1814409182436458,1814409182934750,gpu_delivered,16375,152000,0,0,0,4.0512531995773315e-08,,,,,none
258,257,1814409182934750,1814409183065208,1814409183080916,1814409183601416,gpu_delivered,15708,130458,0,0,0,3.9115548133850098e-08,,,,,none
259,258,1814409183601416,1814409183742125,1814409183759000,1814409184268083,gpu_delivered,16875,140709,0,0,0,5.1688402891159058e-08,,,,,none
260,259,1814409184268083,1814409184409125,1814409184423500,1814409184934750,gpu_delivered,14375,141042,0,0,0,3.7252902984619141e-08,,,,,none
261,260,1814409184934750,1814409185068541,1814409185083416,1814409185601416,gpu_delivered,14875,133791,0,0,0,7.2643160820007324e-08,,,,,none
262,261,1814409185601416,1814409185741708,1814409185755375,1814409186268083,gpu_delivered,13667,140292,0,0,0,7.1479007601737976e-08,,,,,none
263,262,1814409186268083,1814409186408791,1814409186423041,1814409186934750,gpu_delivered,14250,140708,0,0,0,6.1001628637313843e-08,,,,,none
264,263,1814409186934750,1814409187073875,1814409187089083,1814409187601416,gpu_delivered,15208,139125,0,0,0,3.9115548133850098e-08,,,,,none
265,264,1814409187601416,1814409187738000,1814409187752125,1814409188268083,gpu_delivered,14125,136584,0,0,0,3.3760443329811096e-08,,,,,none
266,265,1814409188268083,1814409188404041,1814409188418625,1814409188934750,gpu_delivered,14584,135958,0,0,0,4.9360096454620361e-08,,,,,none
267,266,1814409188934750,1814409188963125,1814409188979500,1814409189601416,gpu_delivered,16375,28375,0,0,0,4.8428773880004883e-08,,,,,none
268,267,1814409189601416,1814409189763041,1814409189788791,1814409190268083,gpu_delivered,25750,161625,0,0,0,7.1013346314430237e-08,,,,,none
269,268,1814409190268083,1814409190401416,1814409190416750,1814409190934750,gpu_delivered,15334,133333,0,0,0,4.1793100535869598e-08,,,,,none
270,269,1814409190934750,1814409191124458,1814409191141875,1814409191601416,gpu_delivered,17417,189708,0,0,0,3.9348378777503967e-08,,,,,none
271,270,1814409191601416,1814409191728166,1814409191742208,1814409192268083,gpu_delivered,14042,126750,0,0,0,4.5809429138898849e-08,,,,,none
272,271,1814409192268083,1814409192408500,1814409192423375,1814409192934750,gpu_delivered,14875,140417,0,0,0,3.2130628824234009e-08,,,,,none
273,272,1814409192934750,1814409193054250,1814409193071125,1814409193601416,cpu_fallback,16875,119500,0,0,0,0,,,,,none
274,273,1814409193601416,1814409193745916,1814409193761916,1814409194268083,gpu_delivered,16000,144500,0,0,0,4.2840838432312012e-08,,,,,none
275,274,1814409194268083,1814409194291125,1814409194305583,1814409194934750,gpu_delivered,14458,23042,0,0,0,5.0757080316543579e-08,,,,,none
276,275,1814409194934750,1814409195047958,1814409195063916,1814409195601416,gpu_delivered,15958,113208,0,0,0,4.7497451305389404e-08,,,,,none
277,276,1814409195601416,1814409195643833,1814409195673666,1814409196268083,gpu_delivered,29833,42417,0,0,0,6.3329935073852539e-08,,,,,none
278,277,1814409196268083,1814409196428583,1814409196443208,1814409196934750,cpu_fallback,14625,160500,0,0,0,0,,,,,none
279,278,1814409196934750,1814409197068791,1814409197085458,1814409197601416,cpu_fallback,16667,134041,0,0,0,0,,,,,none
280,279,1814409197601416,1814409197741500,1814409197758333,1814409198268083,gpu_delivered,16833,140084,0,0,0,3.3876858651638031e-08,,,,,none
281,280,1814409198268083,1814409198405375,1814409198419875,1814409198934750,gpu_delivered,14500,137292,0,0,0,3.8417056202888489e-08,,,,,none
282,281,1814409198934750,1814409199071791,1814409199086750,1814409199601416,gpu_delivered,14959,137041,0,0,0,3.2829120755195618e-08,,,,,none
283,282,1814409199601416,1814409199744250,1814409199757958,1814409200268083,gpu_delivered,13708,142834,0,0,0,3.9115548133850098e-08,,,,,none
284,283,1814409200268083,1814409200337833,1814409200353041,1814409200934750,gpu_delivered,15208,69750,0,0,0,4.1909515857696533e-08,,,,,none
285,284,1814409200934750,1814409201089208,1814409201104625,1814409201601416,gpu_delivered,15417,154458,0,0,0,3.8882717490196228e-08,,,,,none
286,285,1814409201601416,1814409201735083,1814409201750125,1814409202268083,gpu_delivered,15042,133667,0,0,0,3.1897798180580139e-08,,,,,none
287,286,1814409202268083,1814409202402625,1814409202419333,1814409202934750,gpu_delivered,16708,134542,0,0,0,5.1222741603851318e-08,,,,,none
288,287,1814409202934750,1814409203073875,1814409203087875,1814409203601416,gpu_delivered,14000,139125,0,0,0,6.28642737865448e-08,,,,,none
289,288,1814409203601416,1814409203736416,1814409203749875,1814409204268083,gpu_delivered,13459,135000,0,0,0,4.0046870708465576e-08,,,,,none
290,289,1814409204268083,1814409204412000,1814409204426541,1814409204934750,gpu_delivered,14541,143917,0,0,0,4.1909515857696533e-08,,,,,none
291,290,1814409204934750,1814409204951916,1814409204968000,1814409205601416,cpu_fallback,16084,17166,0,0,0,0,,,,,none
292,291,1814409205601416,1814409205769416,1814409205785041,1814409206268083,gpu_delivered,15625,168000,0,0,0,5.6810677051544189e-08,,,,,none
293,292,1814409206268083,1814409206437958,1814409206452500,1814409206934750,gpu_delivered,14542,169875,0,0,0,5.8207660913467407e-08,,,,,none
294,293,1814409206934750,1814409207063708,1814409207078166,1814409207601416,gpu_delivered,14458,128958,0,0,0,4.1443854570388794e-08,,,,,none
295,294,1814409207601416,1814409207771916,1814409207786083,1814409208268083,gpu_delivered,14167,170500,0,0,0,4.6566128730773926e-08,,,,,none
296,295,1814409208268083,1814409208399208,1814409208418791,1814409208934750,cpu_fallback,19583,131125,0,0,0,0,,,,,none
297,296,1814409208934750,1814409209072416,1814409209089208,1814409209601416,gpu_delivered,16792,137666,0,0,0,4.4936314225196838e-08,,,,,none
298,297,1814409209601416,1814409209738083,1814409209762250,1814409210268083,gpu_delivered,24167,136667,0,0,0,3.166496753692627e-08,,,,,none
299,298,1814409210268083,1814409210406666,1814409210421416,1814409210934750,gpu_delivered,14750,138583,0,0,0,4.5169144868850708e-08,,,,,none
300,299,1814409210934750,1814409211075958,1814409211089875,1814409211601416,gpu_delivered,13917,141208,0,0,0,3.748573362827301e-08,,,,,none
301,300,1814409211601416,1814409211749041,1814409211768083,1814409212268083,gpu_delivered,19042,147625,0,0,0,5.4249539971351624e-08,,,,,none
302,301,1814409212268083,1814409212403541,1814409212417875,1814409212934750,gpu_delivered,14334,135458,0,0,0,4.2840838432312012e-08,,,,,none
303,302,1814409212934750,1814409213074000,1814409213090583,1814409213601416,gpu_delivered,16583,139250,0,0,0,4.1356543079018593e-08,,,,,none
304,303,1814409213601416,1814409213729583,1814409213744833,1814409214268083,cpu_fallback,15250,128167,0,0,0,0,,,,,none
305,304,1814409214268083,1814409214408875,1814409214425125,1814409214934750,cpu_fallback,16250,140792,0,0,0,0,,,,,none
306,305,1814409214934750,1814409215097083,1814409215111750,1814409215601416,cpu_fallback,14667,162333,0,0,0,0,,,,,none
307,306,1814409215601416,1814409215731583,1814409215746291,1814409216268083,cpu_fallback,14708,130167,0,0,0,0,,,,,none
308,307,1814409216268083,1814409216407916,1814409216428166,1814409216934750,cpu_fallback,20250,139833,0,0,0,0,,,,,none
309,308,1814409216934750,1814409217073208,1814409217088416,1814409217601416,gpu_delivered,15208,138458,0,0,0,5.5413693189620972e-08,,,,,none
310,309,1814409217601416,1814409217736750,1814409217751708,1814409218268083,gpu_delivered,14958,135334,0,0,0,4.8894435167312622e-08,,,,,none
311,310,1814409218268083,1814409218405916,1814409218422208,1814409218934750,gpu_delivered,16292,137833,0,0,0,3.7252902984619141e-08,,,,,none
312,311,1814409218934750,1814409219073625,1814409219088708,1814409219601416,cpu_fallback,15083,138875,0,0,0,0,,,,,none
313,312,1814409219601416,1814409219738125,1814409219757041,1814409220268083,gpu_delivered,18916,136709,0,0,0,2.6077032089233398e-08,,,,,none
314,313,1814409220268083,1814409220405750,1814409220420333,1814409220934750,gpu_delivered,14583,137667,0,0,0,3.7020072340965271e-08,,,,,none
315,314,1814409220934750,1814409221045208,1814409221069916,1814409221601416,gpu_delivered,24708,110458,0,0,0,4.6566128730773926e-08,,,,,none
316,315,1814409221601416,1814409221743625,1814409221759541,1814409222268083,gpu_delivered,15916,142209,0,0,0,4.0046870708465576e-08,,,,,none
317,316,1814409222268083,1814409222403000,1814409222416625,1814409222934750,gpu_delivered,13625,134917,0,0,0,6.4261257648468018e-08,,,,,none
318,317,1814409222934750,1814409223022958,1814409223036083,1814409223601416,gpu_delivered,13125,88208,0,0,0,4.4703483581542969e-08,,,,,none
319,318,1814409223601416,1814409223749750,1814409223765833,1814409224268083,gpu_delivered,16083,148334,0,0,0,4.6566128730773926e-08,,,,,none
320,319,1814409224268083,1814409224402708,1814409224422250,1814409224934750,gpu_delivered,19542,134625,0,0,0,4.6100467443466187e-08,,,,,none
321,320,1814409224934750,1814409225079166,1814409225093708,1814409225601416,cpu_fallback,14542,144416,0,0,0,0,,,,,none
322,321,1814409225601416,1814409225739791,1814409225759083,1814409226268083,gpu_delivered,19292,138375,0,0,0,4.8894435167312622e-08,,,,,none
323,322,1814409226268083,1814409226404041,1814409226420000,1814409226934750,gpu_delivered,15959,135958,0,0,0,4.2840838432312012e-08,,,,,none
324,323,1814409226934750,1814409227067250,1814409227081000,1814409227601416,gpu_delivered,13750,132500,0,0,0,6.3329935073852539e-08,,,,,none
325,324,1814409227601416,1814409227746208,1814409227760625,1814409228268083,gpu_delivered,14417,144792,0,0,0,4.0745362639427185e-08,,,,,none
326,325,1814409228268083,1814409228368791,1814409228384291,1814409228934750,cpu_fallback,15500,100708,0,0,0,0,,,,,none
327,326,1814409228934750,1814409229007625,1814409229022375,1814409229601416,gpu_delivered,14750,72875,0,0,0,4.5634806156158447e-08,,,,,none
328,327,1814409229601416,1814409229667916,1814409229683333,1814409230268083,gpu_delivered,15417,66500,0,0,0,3.8649886846542358e-08,,,,,none
329,328,1814409230268083,1814409230423500,1814409230438458,1814409230934750,gpu_delivered,14958,155417,0,0,0,4.7031790018081665e-08,,,,,none
330,329,1814409230934750,1814409231063708,1814409231078500,1814409231601416,gpu_delivered,14792,128958,0,0,0,4.6566128730773926e-08,,,,,none
331,330,1814409231601416,1814409231748291,1814409231766875,1814409232268083,gpu_delivered,18584,146875,0,0,0,4.7031790018081665e-08,,,,,none
332,331,1814409232268083,1814409232402583,1814409232417833,1814409232934750,gpu_delivered,15250,134500,0,0,0,3.2596290111541748e-08,,,,,none
333,332,1814409232934750,1814409233070250,1814409233085625,1814409233601416,gpu_delivered,15375,135500,0,0,0,5.3230905905365944e-08,,,,,none
334,333,1814409233601416,1814409233746083,1814409233775000,1814409234268083,gpu_delivered,28917,144667,0,0,0,3.0733644962310791e-08,,,,,none
335,334,1814409234268083,1814409234399125,1814409234412291,1814409234934750,gpu_delivered,13166,131042,0,0,0,3.4458935260772705e-08,,,,,none
336,335,1814409234934750,1814409235077375,1814409235091833,1814409235601416,gpu_delivered,14458,142625,0,0,0,6.4261257648468018e-08,,,,,none
337,336,1814409235601416,1814409235737583,1814409235751250,1814409236268083,gpu_delivered,13667,136167,0,0,0,6.1932951211929321e-08,,,,,none
338,337,1814409236268083,1814409236406208,1814409236427208,1814409236934750,gpu_delivered,21000,138125,0,0,0,5.7392753660678864e-08,,,,,none
339,338,1814409236934750,1814409237073041,1814409237090791,1814409237601416,gpu_delivered,17750,138291,0,0,0,3.7369318306446075e-08,,,,,none
340,339,1814409237601416,1814409237742166,1814409237756916,1814409238268083,gpu_delivered,14750,140750,0,0,0,4.5401975512504578e-08,,,,,none
341,340,1814409238268083,1814409238402208,1814409238416875,1814409238934750,gpu_delivered,14667,134125,0,0,0,4.0046870708465576e-08,,,,,none
342,341,1814409238934750,1814409239072458,1814409239086083,1814409239601416,gpu_delivered,13625,137708,0,0,0,4.8428773880004883e-08,,,,,none
343,342,1814409239601416,1814409239745250,1814409239763333,1814409240268083,gpu_delivered,18083,143834,0,0,0,3.771856427192688e-08,,,,,none
344,343,1814409240268083,1814409240404250,1814409240420125,1814409240934750,gpu_delivered,15875,136167,0,0,0,3.9115548133850098e-08,,,,,none
345,344,1814409240934750,1814409241068125,1814409241083708,1814409241601416,gpu_delivered,15583,133375,0,0,0,3.7020072340965271e-08,,,,,none
346,345,1814409241601416,1814409241740708,1814409241753708,1814409242268083,gpu_delivered,13000,139292,0,0,0,4.6100467443466187e-08,,,,,none
347,346,1814409242268083,1814409242404750,1814409242421041,1814409242934750,gpu_delivered,16291,136667,0,0,0,3.4458935260772705e-08,,,,,none
348,347,1814409242934750,1814409243090125,1814409243125458,1814409243601416,gpu_delivered,35333,155375,0,0,0,3.5157427191734314e-08,,,,,none
349,348,1814409243601416,1814409243733916,1814409243749166,1814409244268083,cpu_fallback,15250,132500,0,0,0,0,,,,,none
350,349,1814409244268083,1814409244403750,1814409244418625,1814409244934750,gpu_delivered,14875,135667,0,0,0,5.2154064178466797e-08,,,,,none
351,350,1814409244934750,1814409245073375,1814409245101833,1814409245601416,gpu_delivered,28458,138625,0,0,0,4.5634806156158447e-08,,,,,none
352,351,1814409245601416,1814409245736791,1814409245750875,1814409246268083,gpu_delivered,14084,135375,0,0,0,5.2154064178466797e-08,,,,,none
353,352,1814409246268083,1814409246409625,1814409246424041,1814409246934750,gpu_delivered,14416,141542,0,0,0,4.8908987082540989e-08,,,,,none
354,353,1814409246934750,1814409247074250,1814409247094583,1814409247601416,cpu_fallback,20333,139500,0,0,0,0,,,,,none
355,354,1814409247601416,1814409247733083,1814409247748750,1814409248268083,cpu_fallback,15667,131667,0,0,0,0,,,,,none
356,355,1814409248268083,1814409248406166,1814409248425208,1814409248934750,cpu_fallback,19042,138083,0,0,0,0,,,,,none
357,356,1814409248934750,1814409249004416,1814409249019333,1814409249601416,cpu_fallback,14917,69666,0,0,0,0,,,,,none
358,357,1814409249601416,1814409249713875,1814409249727916,1814409250268083,cpu_fallback,14041,112459,0,0,0,0,,,,,none
359,358,1814409250268083,1814409250328875,1814409250342875,1814409250934750,gpu_delivered,14000,60792,0,0,0,4.9360096454620361e-08,,,,,none
360,359,1814409250934750,1814409251090083,1814409251112291,1814409251601416,gpu_delivered,22208,155333,0,0,0,3.3061951398849487e-08,,,,,none
361,360,1814409251601416,1814409251732666,1814409251754416,1814409252268083,gpu_delivered,21750,131250,0,0,0,3.9115548133850098e-08,,,,,none
362,361,1814409252268083,1814409252410333,1814409252425166,1814409252934750,gpu_delivered,14833,142250,0,0,0,3.9493897929787636e-08,,,,,none
363,362,1814409252934750,1814409253069666,1814409253090583,1814409253601416,gpu_delivered,20917,134916,0,0,0,3.8533471524715424e-08,,,,,none
364,363,1814409253601416,1814409253735083,1814409253749250,1814409254268083,gpu_delivered,14167,133667,0,0,0,3.3964170143008232e-08,,,,,none
365,364,1814409254268083,1814409254363625,1814409254378541,1814409254934750,gpu_delivered,14916,95542,0,0,0,4.0978193283081055e-08,,,,,none
366,365,1814409254934750,1814409255080083,1814409255094875,1814409255601416,gpu_delivered,14792,145333,0,0,0,5.6810677051544189e-08,,,,,none
367,366,1814409255601416,1814409255731916,1814409255746125,1814409256268083,gpu_delivered,14209,130500,0,0,0,5.4948031902313232e-08,,,,,none
368,367,1814409256268083,1814409256341625,1814409256361625,1814409256934750,cpu_fallback,20000,73542,0,0,0,0,,,,,none
369,368,1814409256934750,1814409257090208,1814409257104458,1814409257601416,gpu_delivered,14250,155458,0,0,0,4.6333298087120056e-08,,,,,none
370,369,1814409257601416,1814409257733458,1814409257748208,1814409258268083,gpu_delivered,14750,132042,0,0,0,4.0978193283081055e-08,,,,,none
371,370,1814409258268083,1814409258406541,1814409258421458,1814409258934750,gpu_delivered,14917,138458,0,0,0,5.6810677051544189e-08,,,,,none
372,371,1814409258934750,1814409259078791,1814409259095708,1814409259601416,gpu_delivered,16917,144041,0,0,0,3.6787241697311401e-08,,,,,none
373,372,1814409259601416,1814409259741208,1814409259783208,1814409260268083,cpu_fallback,42000,139792,0,0,0,0,,,,,none
374,373,1814409260268083,1814409260285958,1814409260301083,1814409260934750,gpu_delivered,15125,17875,0,0,0,4.5634806156158447e-08,,,,,none
375,374,1814409260934750,1814409260978708,1814409260992791,1814409261601416,gpu_delivered,14083,43958,0,0,0,3.3061951398849487e-08,,,,,none
376,375,1814409261601416,1814409261760625,1814409261775958,1814409262268083,gpu_delivered,15333,159209,0,0,0,3.9173755794763565e-08,,,,,none
377,376,1814409262268083,1814409262378833,1814409262397666,1814409262934750,cpu_fallback,18833,110750,0,0,0,0,,,,,none
378,377,1814409262934750,1814409263073333,1814409263086625,1814409263601416,cpu_fallback,13292,138583,0,0,0,0,,,,,none
379,378,1814409263601416,1814409263716500,1814409263735500,1814409264268083,cpu_fallback,19000,115084,0,0,0,0,,,,,none
380,379,1814409264268083,1814409264418166,1814409264432291,1814409264934750,cpu_fallback,14125,150083,0,0,0,0,,,,,none
381,380,1814409264934750,1814409265068625,1814409265084458,1814409265601416,cpu_fallback,15833,133875,0,0,0,0,,,,,none
382,381,1814409265601416,1814409265757416,1814409265775041,1814409266268083,cpu_fallback,17625,156000,0,0,0,0,,,,,none
383,382,1814409266268083,1814409266351708,1814409266366208,1814409266934750,cpu_fallback,14500,83625,0,0,0,0,,,,,none
384,383,1814409266934750,1814409267071833,1814409267089125,1814409267601416,cpu_fallback,17292,137083,0,0,0,0,,,,,none
385,384,1814409267601416,1814409267739750,1814409267755416,1814409268268083,cpu_fallback,15666,138334,0,0,0,0,,,,,none
386,385,1814409268268083,1814409268406500,1814409268421875,1814409268934750,cpu_fallback,15375,138417,0,0,0,0,,,,,none
387,386,1814409268934750,1814409269079750,1814409269093333,1814409269601416,gpu_delivered,13583,145000,0,0,0,5.1688402891159058e-08,,,,,none
388,387,1814409269601416,1814409269734916,1814409269748166,1814409270268083,gpu_delivered,13250,133500,0,0,0,3.9814040064811707e-08,,,,,none
389,388,1814409270268083,1814409270406625,1814409270421916,1814409270934750,gpu_delivered,15291,138542,0,0,0,3.3061951398849487e-08,,,,,none
390,389,1814409270934750,1814409271072083,1814409271086916,1814409271601416,gpu_delivered,14833,137333,0,0,0,3.2596290111541748e-08,,,,,none
391,390,1814409271601416,1814409271749250,1814409271763125,1814409272268083,gpu_delivered,13875,147834,0,0,0,4.9825757741928101e-08,,,,,none
392,391,1814409272268083,1814409272419250,1814409272447458,1814409272934750,gpu_delivered,28208,151167,0,0,0,5.6097633205354214e-08,,,,,none
393,392,1814409272934750,1814409273067083,1814409273080958,1814409273601416,gpu_delivered,13875,132333,0,0,0,3.8184225559234619e-08,,,,,none
394,393,1814409273601416,1814409273739791,1814409273754166,1814409274268083,gpu_delivered,14375,138375,0,0,0,4.6566128730773926e-08,,,,,none
395,394,1814409274268083,1814409274277750,1814409274291833,1814409274934750,cpu_fallback,14083,9667,0,0,0,0,,,,,none
396,395,1814409274934750,1814409275058625,1814409275148708,1814409275601416,gpu_delivered,90083,123875,0,0,0,5.4948031902313232e-08,,,,,none
397,396,1814409275601416,1814409275726791,1814409275739791,1814409276268083,cpu_fallback,13000,125375,0,0,0,0,,,,,none
398,397,1814409276268083,1814409276395791,1814409276415250,1814409276934750,cpu_fallback,19459,127708,0,0,0,0,,,,,none
399,398,1814409276934750,1814409277081125,1814409277095875,1814409277601416,gpu_delivered,14750,146375,0,0,0,6.0070306062698364e-08,,,,,none
400,399,1814409277601416,1814409277743291,1814409277758375,1814409278268083,cpu_fallback,15084,141875,0,0,0,0,,,,,none
401,400,1814409278268083,1814409278308125,1814409278327250,1814409278934750,cpu_fallback,19125,40042,0,0,0,0,,,,,none
402,401,1814409278934750,1814409279123041,1814409279141625,1814409279601416,gpu_delivered,18584,188291,0,0,0,5.6548742577433586e-08,,,,,none
403,402,1814409279601416,1814409279724750,1814409279739625,1814409280268083,gpu_delivered,14875,123334,0,0,0,3.5797711461782455e-08,,,,,none
404,403,1814409280268083,1814409280438583,1814409280453791,1814409280934750,cpu_fallback,15208,170500,0,0,0,0,,,,,none
405,404,1814409280934750,1814409281070291,1814409281104750,1814409281601416,cpu_fallback,34459,135541,0,0,0,0,,,,,none
406,405,1814409281601416,1814409281750333,1814409281767375,1814409282268083,gpu_delivered,17042,148917,0,0,0,4.0978193283081055e-08,,,,,none
407,406,1814409282268083,1814409282451000,1814409282470375,1814409282934750,cpu_fallback,19375,182917,0,0,0,0,,,,,none
408,407,1814409282934750,1814409283063958,1814409283081833,1814409283601416,gpu_delivered,17875,129208,0,0,0,4.1909515857696533e-08,,,,,none
409,408,1814409283601416,1814409283739208,1814409283756416,1814409284268083,gpu_delivered,17208,137792,0,0,0,3.4924596548080444e-08,,,,,none
410,409,1814409284268083,1814409284404458,1814409284421625,1814409284934750,gpu_delivered,17167,136375,0,0,0,4.4703483581542969e-08,,,,,none
411,410,1814409284934750,1814409285070916,1814409285086125,1814409285601416,gpu_delivered,15209,136166,0,0,0,4.2375177145004272e-08,,,,,none
412,411,1814409285601416,1814409285756291,1814409285774125,1814409286268083,gpu_delivered,17834,154875,0,0,0,5.657784640789032e-08,,,,,none
413,412,1814409286268083,1814409286463250,1814409286479583,1814409286934750,gpu_delivered,16333,195167,0,0,0,5.0757080316543579e-08,,,,,none
414,413,1814409286934750,1814409287032541,1814409287046708,1814409287601416,cpu_fallback,14167,97791,0,0,0,0,,,,,none
415,414,1814409287601416,1814409287611875,1814409287627458,1814409288268083,cpu_fallback,15583,10459,0,0,0,0,,,,,none
416,415,1814409288268083,1814409288291375,1814409288305333,1814409288934750,gpu_delivered,13958,23292,0,0,0,5.9138983488082886e-08,,,,,none
417,416,1814409288934750,1814409289127625,1814409289141916,1814409289601416,gpu_delivered,14291,192875,0,0,0,4.5169144868850708e-08,,,,,none
418,417,1814409289601416,1814409289728958,1814409289746750,1814409290268083,cpu_fallback,17792,127542,0,0,0,0,,,,,none
419,418,1814409290268083,1814409290396791,1814409290413458,1814409290934750,cpu_fallback,16667,128708,0,0,0,0,,,,,none
420,419,1814409290934750,1814409291077666,1814409291095708,1814409291601416,gpu_delivered,18042,142916,0,0,0,3.795139491558075e-08,,,,,none
421,420,1814409291601416,1814409291750750,1814409291765916,1814409292268083,gpu_delivered,15166,149334,0,0,0,3.2596290111541748e-08,,,,,none
422,421,1814409292268083,1814409292431333,1814409292478583,1814409292934750,gpu_delivered,47250,163250,0,0,0,3.9115548133850098e-08,,,,,none
423,422,1814409292934750,1814409293063833,1814409293077958,1814409293601416,gpu_delivered,14125,129083,0,0,0,3.8417056202888489e-08,,,,,none
424,423,1814409293601416,1814409293745708,1814409293764750,1814409294268083,gpu_delivered,19042,144292,0,0,0,4.8894435167312622e-08,,,,,none
425,424,1814409294268083,1814409294403625,1814409294421125,1814409294934750,cpu_fallback,17500,135542,0,0,0,0,,,,,none
426,425,1814409294934750,1814409295072916,1814409295099083,1814409295601416,gpu_delivered,26167,138166,0,0,0,5.029141902923584e-08,,,,,none
427,426,1814409295601416,1814409295647375,1814409295664041,1814409296268083,cpu_fallback,16666,45959,0,0,0,0,,,,,none
428,427,1814409296268083,1814409296430458,1814409296447791,1814409296934750,cpu_fallback,17333,162375,0,0,0,0,,,,,none
429,428,1814409296934750,1814409297066125,1814409297082333,1814409297601416,cpu_fallback,16208,131375,0,0,0,0,,,,,none
430,429,1814409297601416,1814409297741458,1814409297759958,1814409298268083,cpu_fallback,18500,140042,0,0,0,0,,,,,none
431,430,1814409298268083,1814409298429250,1814409298446083,1814409298934750,cpu_fallback,16833,161167,0,0,0,0,,,,,none
432,431,1814409298934750,1814409299129791,1814409299146000,1814409299601416,gpu_delivered,16209,195041,0,0,0,3.5855919122695923e-08,,,,,none
433,432,1814409299601416,1814409299728041,1814409299746416,1814409300268083,gpu_delivered,18375,126625,0,0,0,3.5855919122695923e-08,,,,,none
434,433,1814409300268083,1814409300406458,1814409300421791,1814409300934750,gpu_delivered,15333,138375,0,0,0,4.2840838432312012e-08,,,,,none
435,434,1814409300934750,1814409301068500,1814409301082416,1814409301601416,cpu_fallback,13916,133750,0,0,0,0,,,,,none
436,435,1814409301601416,1814409301738708,1814409301752750,1814409302268083,gpu_delivered,14042,137292,0,0,0,6.3795596361160278e-08,,,,,none
437,436,1814409302268083,1814409302427416,1814409302470083,1814409302934750,gpu_delivered,42667,159333,0,0,0,4.1793100535869598e-08,,,,,none
438,437,1814409302934750,1814409303075125,1814409303090666,1814409303601416,gpu_delivered,15541,140375,0,0,0,5.005858838558197e-08,,,,,none
439,438,1814409303601416,1814409303741416,1814409303756041,1814409304268083,cpu_fallback,14625,140000,0,0,0,0,,,,,none
440,439,1814409304268083,1814409304404208,1814409304424375,1814409304934750,gpu_delivered,20167,136125,0,0,0,4.5634806156158447e-08,,,,,none
441,440,1814409304934750,1814409305042791,1814409305074000,1814409305601416,gpu_delivered,31209,108041,0,0,0,6.2398612499237061e-08,,,,,none
442,441,1814409305601416,1814409305772916,1814409305787750,1814409306268083,gpu_delivered,14834,171500,0,0,0,4.8894435167312622e-08,,,,,none
443,442,1814409306268083,1814409306310000,1814409306323708,1814409306934750,cpu_fallback,13708,41917,0,0,0,0,,,,,none
444,443,1814409306934750,1814409307098291,1814409307115375,1814409307601416,gpu_delivered,17084,163541,0,0,0,5.7276338338851929e-08,,,,,none
445,444,1814409307601416,1814409307768333,1814409307783083,1814409308268083,gpu_delivered,14750,166917,0,0,0,4.8894435167312622e-08,,,,,none
446,445,1814409308268083,1814409308397750,1814409308415000,1814409308934750,gpu_delivered,17250,129667,0,0,0,6.5658241510391235e-08,,,,,none
447,446,1814409308934750,1814409309017708,1814409309031041,1814409309601416,gpu_delivered,13333,82958,0,0,0,4.9127265810966492e-08,,,,,none
448,447,1814409309601416,1814409309752083,1814409309767708,1814409310268083,gpu_delivered,15625,150667,0,0,0,4.0978193283081055e-08,,,,,none
449,448,1814409310268083,1814409310402916,1814409310419500,1814409310934750,cpu_fallback,16584,134833,0,0,0,0,,,,,none
450,449,1814409310934750,1814409310951750,1814409310966166,1814409311601416,gpu_delivered,14416,17000,0,0,0,4.9825757741928101e-08,,,,,none
451,450,1814409311601416,1814409311768416,1814409311782208,1814409312268083,gpu_delivered,13792,167000,0,0,0,5.0873495638370514e-08,,,,,none
452,451,1814409312268083,1814409312339166,1814409312364041,1814409312934750,gpu_delivered,24875,71083,0,0,0,3.2829120755195618e-08,,,,,none
453,452,1814409312934750,1814409313090250,1814409313107125,1814409313601416,gpu_delivered,16875,155500,0,0,0,4.1909515857696533e-08,,,,,none
454,453,1814409313601416,1814409313731083,1814409313746041,1814409314268083,gpu_delivered,14958,129667,0,0,0,4.6566128730773926e-08,,,,,none
455,454,1814409314268083,1814409314402625,1814409314418166,1814409314934750,gpu_delivered,15541,134542,0,0,0,7.8231096267700195e-08,,,,,none
456,455,1814409314934750,1814409315071125,1814409315090208,1814409315601416,gpu_delivered,19083,136375,0,0,0,4.4703483581542969e-08,,,,,none
457,456,1814409315601416,1814409315737708,1814409315754083,1814409316268083,gpu_delivered,16375,136292,0,0,0,5.4948031902313232e-08,,,,,none
458,457,1814409316268083,1814409316334416,1814409316348833,1814409316934750,gpu_delivered,14417,66333,0,0,0,5.0524249672889709e-08,,,,,none
459,458,1814409316934750,1814409317098250,1814409317134375,1814409317601416,gpu_delivered,36125,163500,0,0,0,4.0279701352119446e-08,,,,,none
460,459,1814409317601416,1814409317734375,1814409317766916,1814409318268083,gpu_delivered,32541,132959,0,0,0,3.9581209421157837e-08,,,,,none
461,460,1814409318268083,1814409318405208,1814409318421166,1814409318934750,gpu_delivered,15958,137125,0,0,0,4.1793100535869598e-08,,,,,none
462,461,1814409318934750,1814409319074125,1814409319087333,1814409319601416,gpu_delivered,13208,139375,0,0,0,3.9755832403898239e-08,,,,,none
463,462,1814409319601416,1814409319740375,1814409319759750,1814409320268083,gpu_delivered,19375,138959,0,0,0,3.2596290111541748e-08,,,,,none
464,463,1814409320268083,1814409320407166,1814409320423833,1814409320934750,gpu_delivered,16667,139083,0,0,0,4.0046870708465576e-08,,,,,none
465,464,1814409320934750,1814409321069583,1814409321083833,1814409321601416,gpu_delivered,14250,134833,0,0,0,4.086177796125412e-08,,,,,none
466,465,1814409321601416,1814409321666041,1814409321682833,1814409322268083,gpu_delivered,16792,64625,0,0,0,4.5867636799812317e-08,,,,,none
467,466,1814409322268083,1814409322426416,1814409322446125,1814409322934750,gpu_delivered,19709,158333,0,0,0,3.4458935260772705e-08,,,,,none
468,467,1814409322934750,1814409323019791,1814409323035000,1814409323601416,gpu_delivered,15209,85041,0,0,0,3.7252902984619141e-08,,,,,none
469,468,1814409323601416,1814409323749791,1814409323775416,1814409324268083,gpu_delivered,25625,148375,0,0,0,5.1222741603851318e-08,,,,,none
470,469,1814409324268083,1814409324399500,1814409324414833,1814409324934750,gpu_delivered,15333,131417,0,0,0,3.4204276744276285e-08,,,,,none
471,470,1814409324934750,1814409325051791,1814409325065833,1814409325601416,gpu_delivered,14042,117041,0,0,0,5.4948031902313232e-08,,,,,none
472,471,1814409325601416,1814409325645875,1814409325671250,1814409326268083,gpu_delivered,25375,44459,0,0,0,6.1467289924621582e-08,,,,,none
473,472,1814409326268083,1814409326290333,1814409326306541,1814409326934750,cpu_fallback,16208,22250,0,0,0,0,,,,,none
474,473,1814409326934750,1814409327095666,1814409327109333,1814409327601416,gpu_delivered,13667,160916,0,0,0,5.2968971431255341e-08,,,,,none
475,474,1814409327601416,1814409327800500,1814409327815208,1814409328268083,cpu_fallback,14708,199084,0,0,0,0,,,,,none
476,475,1814409328268083,1814409328390458,1814409328405541,1814409328934750,cpu_fallback,15083,122375,0,0,0,0,,,,,none
477,476,1814409328934750,1814409329058666,1814409329072916,1814409329601416,gpu_delivered,14250,123916,0,0,0,5.4948031902313232e-08,,,,,none
478,477,1814409329601416,1814409329741541,1814409329756041,1814409330268083,gpu_delivered,14500,140125,0,0,0,3.8184225559234619e-08,,,,,none
479,478,1814409330268083,1814409330291916,1814409330305958,1814409330934750,cpu_fallback,14042,23833,0,0,0,0,,,,,none
480,479,1814409330934750,1814409331132083,1814409331150291,1814409331601416,gpu_delivered,18208,197333,0,0,0,4.377216100692749e-08,,,,,none
481,480,1814409331601416,1814409331725541,1814409331740458,1814409332268083,cpu_fallback,14917,124125,0,0,0,0,,,,,none
482,481,1814409332268083,1814409332406416,1814409332421166,1814409332934750,gpu_delivered,14750,138333,0,0,0,3.6787241697311401e-08,,,,,none
483,482,1814409332934750,1814409333068166,1814409333087625,1814409333601416,gpu_delivered,19459,133416,0,0,0,3.7252902984619141e-08,,,,,none
484,483,1814409333601416,1814409333683125,1814409333700875,1814409334268083,cpu_fallback,17750,81709,0,0,0,0,,,,,none
485,484,1814409334268083,1814409334423791,1814409334437458,1814409334934750,gpu_delivered,13667,155708,0,0,0,5.4424162954092026e-08,,,,,none
486,485,1814409334934750,1814409335054500,1814409335067708,1814409335601416,gpu_delivered,13208,119750,0,0,0,3.8417056202888489e-08,,,,,none
487,486,1814409335601416,1814409335763833,1814409335779791,1814409336268083,gpu_delivered,15958,162417,0,0,0,4.6100467443466187e-08,,,,,none
488,487,1814409336268083,1814409336398541,1814409336413958,1814409336934750,cpu_fallback,15417,130458,0,0,0,0,,,,,none
489,488,1814409336934750,1814409337069916,1814409337085791,1814409337601416,gpu_delivered,15875,135166,0,0,0,4.2840838432312012e-08,,,,,none
490,489,1814409337601416,1814409337641333,1814409337659541,1814409338268083,cpu_fallback,18208,39917,0,0,0,0,,,,,none
491,490,1814409338268083,1814409338447500,1814409338465625,1814409338934750,gpu_delivered,18125,179417,0,0,0,4.0046870708465576e-08,,,,,none
492,491,1814409338934750,1814409339060333,1814409339078583,1814409339601416,gpu_delivered,18250,125583,0,0,0,4.1909515857696533e-08,,,,,none
493,492,1814409339601416,1814409339657625,1814409339675250,1814409340268083,gpu_delivered,17625,56209,0,0,0,3.771856427192688e-08,,,,,none
494,493,1814409340268083,1814409340424208,1814409340438291,1814409340934750,gpu_delivered,14083,156125,0,0,0,4.6100467443466187e-08,,,,,none
495,494,1814409340934750,1814409340980958,1814409340996666,1814409341601416,cpu_fallback,15708,46208,0,0,0,0,,,,,none
496,495,1814409341601416,1814409341738541,1814409341754250,1814409342268083,gpu_delivered,15709,137125,0,0,0,4.2840838432312012e-08,,,,,none
497,496,1814409342268083,1814409342416333,1814409342431333,1814409342934750,gpu_delivered,15000,148250,0,0,0,4.1909515857696533e-08,,,,,none
498,497,1814409342934750,1814409343064583,1814409343079000,1814409343601416,cpu_fallback,14417,129833,0,0,0,0,,,,,none
499,498,1814409343601416,1814409343744041,1814409343758125,1814409344268083,gpu_delivered,14084,142625,0,0,0,3.2829120755195618e-08,,,,,none
500,499,1814409344268083,1814409344403583,1814409344417375,1814409344934750,gpu_delivered,13792,135500,0,0,0,4.2375177145004272e-08,,,,,none
501,500,1814409344934750,1814409345069083,1814409345082583,1814409345601416,gpu_delivered,13500,134333,0,0,0,4.7264620661735535e-08,,,,,none
502,501,1814409345601416,1814409345739458,1814409345759375,1814409346268083,gpu_delivered,19917,138042,0,0,0,4.8894435167312622e-08,,,,,none
503,502,1814409346268083,1814409346401666,1814409346419083,1814409346934750,gpu_delivered,17417,133583,0,0,0,4.9825757741928101e-08,,,,,none
504,503,1814409346934750,1814409347072583,1814409347091000,1814409347601416,gpu_delivered,18417,137833,0,0,0,4.377216100692749e-08,,,,,none
505,504,1814409347601416,1814409347738125,1814409347753333,1814409348268083,gpu_delivered,15208,136709,0,0,0,4.6071363613009453e-08,,,,,none
506,505,1814409348268083,1814409348408291,1814409348438083,1814409348934750,gpu_delivered,29792,140208,0,0,0,4.0512531995773315e-08,,,,,none
507,506,1814409348934750,1814409349070916,1814409349085458,1814409349601416,gpu_delivered,14542,136166,0,0,0,4.377216100692749e-08,,,,,none
508,507,1814409349601416,1814409349736000,1814409349749625,1814409350268083,gpu_delivered,13625,134584,0,0,0,3.3527612686157227e-08,,,,,none
509,508,1814409350268083,1814409350358291,1814409350371833,1814409350934750,gpu_delivered,13542,90208,0,0,0,3.0733644962310791e-08,,,,,none
510,509,1814409350934750,1814409351084291,1814409351099666,1814409351601416,gpu_delivered,15375,149541,0,0,0,3.8649886846542358e-08,,,,,none
511,510,1814409351601416,1814409351731375,1814409351745166,1814409352268083,cpu_fallback,13791,129959,0,0,0,0,,,,,none
512,511,1814409352268083,1814409352404291,1814409352417791,1814409352934750,gpu_delivered,13500,136208,0,0,0,3.5390257835388184e-08,,,,,none
513,512,1814409352934750,1814409352987916,1814409353002916,1814409353601416,cpu_fallback,15000,53166,0,0,0,0,,,,,none
514,513,1814409353601416,1814409353757500,1814409353771083,1814409354268083,gpu_delivered,13583,156084,0,0,0,4.9942173063755035e-08,,,,,none
515,514,1814409354268083,1814409354398083,1814409354411458,1814409354934750,gpu_delivered,13375,130000,0,0,0,4.5634806156158447e-08,,,,,none
516,515,1814409354934750,1814409355076708,1814409355096041,1814409355601416,gpu_delivered,19333,141958,0,0,0,4.0978193283081055e-08,,,,,none
517,516,1814409355601416,1814409355735708,1814409355753958,1814409356268083,cpu_fallback,18250,134292,0,0,0,0,,,,,none
518,517,1814409356268083,1814409356403541,1814409356421375,1814409356934750,gpu_delivered,17834,135458,0,0,0,4.1909515857696533e-08,,,,,none
519,518,1814409356934750,1814409357070500,1814409357089083,1814409357601416,gpu_delivered,18583,135750,0,0,0,4.2375177145004272e-08,,,,,none
520,519,1814409357601416,1814409357654291,1814409357668083,1814409358268083,gpu_delivered,13792,52875,0,0,0,4.7031790018081665e-08,,,,,none
521,520,1814409358268083,1814409358339375,1814409358354541,1814409358934750,gpu_delivered,15166,71292,0,0,0,3.5623088479042053e-08,,,,,none
522,521,1814409358934750,1814409359095875,1814409359114166,1814409359601416,gpu_delivered,18291,161125,0,0,0,3.7252902984619141e-08,,,,,none
523,522,1814409359601416,1814409359739625,1814409359755833,1814409360268083,gpu_delivered,16208,138209,0,0,0,4.8428773880004883e-08,,,,,none
524,523,1814409360268083,1814409360405208,1814409360420250,1814409360934750,gpu_delivered,15042,137125,0,0,0,4.4237822294235229e-08,,,,,none
525,524,1814409360934750,1814409360950416,1814409360964291,1814409361601416,cpu_fallback,13875,15666,0,0,0,0,,,,,none
526,525,1814409361601416,1814409361768916,1814409361788208,1814409362268083,gpu_delivered,19292,167500,0,0,0,3.5157427191734314e-08,,,,,none
527,526,1814409362268083,1814409362406166,1814409362420708,1814409362934750,gpu_delivered,14542,138083,0,0,0,3.6321580410003662e-08,,,,,none
528,527,1814409362934750,1814409363034583,1814409363049166,1814409363601416,gpu_delivered,14583,99833,0,0,0,3.3993273973464966e-08,,,,,none
529,528,1814409363601416,1814409363744541,1814409363758458,1814409364268083,gpu_delivered,13917,143125,0,0,0,3.119930624961853e-08,,,,,none
530,529,1814409364268083,1814409364419416,1814409364453375,1814409364934750,gpu_delivered,33959,151333,0,0,0,3.8184225559234619e-08,,,,,none
531,530,1814409364934750,1814409365066250,1814409365081333,1814409365601416,gpu_delivered,15083,131500,0,0,0,3.3527612686157227e-08,,,,,none
532,531,1814409365601416,1814409365755500,1814409365769708,1814409366268083,gpu_delivered,14208,154084,0,0,0,4.6566128730773926e-08,,,,,none
533,532,1814409366268083,1814409366376583,1814409366389708,1814409366934750,gpu_delivered,13125,108500,0,0,0,5.5879354476928711e-08,,,,,none
534,533,1814409366934750,1814409367045208,1814409367060166,1814409367601416,gpu_delivered,14958,110458,0,0,0,5.7276338338851929e-08,,,,,none
535,534,1814409367601416,1814409367744708,1814409367760416,1814409368268083,gpu_delivered,15708,143292,0,0,0,4.2025931179523468e-08,,,,,none
536,535,1814409368268083,1814409368399916,1814409368414208,1814409368934750,gpu_delivered,14292,131833,0,0,0,4.0396116673946381e-08,,,,,none
537,536,1814409368934750,1814409369071208,1814409369085375,1814409369601416,gpu_delivered,14167,136458,0,0,0,5.5879354476928711e-08,,,,,none
538,537,1814409369601416,1814409369774083,1814409369789541,1814409370268083,gpu_delivered,15458,172667,0,0,0,2.8870999813079834e-08,,,,,none
539,538,1814409370268083,1814409370322333,1814409370336458,1814409370934750,gpu_delivered,14125,54250,0,0,0,3.5390257835388184e-08,,,,,none
540,539,1814409370934750,1814409371091000,1814409371105333,1814409371601416,gpu_delivered,14333,156250,0,0,0,4.1909515857696533e-08,,,,,none
541,540,1814409371601416,1814409371660750,1814409371674458,1814409372268083,gpu_delivered,13708,59334,0,0,0,3.8184225559234619e-08,,,,,none
542,541,1814409372268083,1814409372423416,1814409372453333,1814409372934750,gpu_delivered,29917,155333,0,0,0,3.9581209421157837e-08,,,,,none
543,542,1814409372934750,1814409373066000,1814409373084416,1814409373601416,gpu_delivered,18416,131250,0,0,0,3.4924596548080444e-08,,,,,none
544,543,1814409373601416,1814409373738250,1814409373751875,1814409374268083,gpu_delivered,13625,136834,0,0,0,4.2840838432312012e-08,,,,,none
545,544,1814409374268083,1814409374405583,1814409374424041,1814409374934750,gpu_delivered,18458,137500,0,0,0,4.8428773880004883e-08,,,,,none
546,545,1814409374934750,1814409375071166,1814409375086250,1814409375601416,gpu_delivered,15084,136416,0,0,0,4.377216100692749e-08,,,,,none
547,546,1814409375601416,1814409375738291,1814409375757250,1814409376268083,gpu_delivered,18959,136875,0,0,0,5.029141902923584e-08,,,,,none
548,547,1814409376268083,1814409376412583,1814409376448625,1814409376934750,gpu_delivered,36042,144500,0,0,0,6.5658241510391235e-08,,,,,none
549,548,1814409376934750,1814409376958791,1814409376976708,1814409377601416,cpu_fallback,17917,24041,0,0,0,0,,,,,none
550,549,1814409377601416,1814409377766041,1814409377780916,1814409378268083,gpu_delivered,14875,164625,0,0,0,3.8708094507455826e-08,,,,,none
551,550,1814409378268083,1814409378398291,1814409378419541,1814409378934750,gpu_delivered,21250,130208,0,0,0,3.3411197364330292e-08,,,,,none
552,551,1814409378934750,1814409379071375,1814409379086166,1814409379601416,gpu_delivered,14791,136625,0,0,0,4.377216100692749e-08,,,,,none
553,552,1814409379601416,1814409379734625,1814409379748500,1814409380268083,gpu_delivered,13875,133209,0,0,0,5.6810677051544189e-08,,,,,none
554,553,1814409380268083,1814409380273083,1814409380289958,1814409380934750,cpu_fallback,16875,5000,0,0,0,0,,,,,none
555,554,1814409380934750,1814409381103166,1814409381116916,1814409381601416,gpu_delivered,13750,168416,0,0,0,3.8184225559234619e-08,,,,,none
556,555,1814409381601416,1814409381735208,1814409381753750,1814409382268083,gpu_delivered,18542,133792,0,0,0,2.9802322387695312e-08,,,,,none
557,556,1814409382268083,1814409382405833,1814409382421416,1814409382934750,gpu_delivered,15583,137750,0,0,0,2.7706846594810486e-08,,,,,none
558,557,1814409382934750,1814409382974625,1814409382988458,1814409383601416,gpu_delivered,13833,39875,0,0,0,4.2375177145004272e-08,,,,,none
559,558,1814409383601416,1814409383760958,1814409383774375,1814409384268083,gpu_delivered,13417,159542,0,0,0,3.3396645449101925e-08,,,,,none
560,559,1814409384268083,1814409384326541,1814409384340875,1814409384934750,cpu_fallback,14334,58458,0,0,0,0,,,,,none
561,560,1814409384934750,1814409385064708,1814409385079375,1814409385601416,gpu_delivered,14667,129958,0,0,0,5.7741999626159668e-08,,,,,none
562,561,1814409385601416,1814409385714916,1814409385730500,1814409386268083,gpu_delivered,15584,113500,0,0,0,5.3551048040390015e-08,,,,,none
563,562,1814409386268083,1814409386407041,1814409386425625,1814409386934750,gpu_delivered,18584,138958,0,0,0,6.7055225372314453e-08,,,,,none
564,563,1814409386934750,1814409387069791,1814409387083333,1814409387601416,gpu_delivered,13542,135041,0,0,0,4.9360096454620361e-08,,,,,none
565,564,1814409387601416,1814409387734958,1814409387748583,1814409388268083,gpu_delivered,13625,133542,0,0,0,4.2840838432312012e-08,,,,,none
566,565,1814409388268083,1814409388403708,1814409388417875,1814409388934750,gpu_delivered,14167,135625,0,0,0,4.8428773880004883e-08,,,,,none
567,566,1814409388934750,1814409389073125,1814409389092000,1814409389601416,gpu_delivered,18875,138375,0,0,0,4.0978193283081055e-08,,,,,none
568,567,1814409389601416,1814409389738250,1814409389752291,1814409390268083,gpu_delivered,14041,136834,0,0,0,4.109460860490799e-08,,,,,none
569,568,1814409390268083,1814409390281416,1814409390295583,1814409390934750,gpu_delivered,14167,13333,0,0,0,4.6275090426206589e-08,,,,,none
570,569,1814409390934750,1814409391111166,1814409391125208,1814409391601416,gpu_delivered,14042,176416,0,0,0,3.6321580410003662e-08,,,,,none
571,570,1814409391601416,1814409391724458,1814409391738166,1814409392268083,gpu_delivered,13708,123042,0,0,0,2.8870999813079834e-08,,,,,none
572,571,1814409392268083,1814409392409041,1814409392424041,1814409392934750,gpu_delivered,15000,140958,0,0,0,4.0978193283081055e-08,,,,,none
573,572,1814409392934750,1814409393075041,1814409393100750,1814409393601416,gpu_delivered,25709,140291,0,0,0,5.9604644775390625e-08,,,,,none
574,573,1814409393601416,1814409393734583,1814409393748333,1814409394268083,gpu_delivered,13750,133167,0,0,0,4.4237822294235229e-08,,,,,none
575,574,1814409394268083,1814409394418666,1814409394442000,1814409394934750,gpu_delivered,23334,150583,0,0,0,4.6566128730773926e-08,,,,,none
576,575,1814409394934750,1814409395066875,1814409395081833,1814409395601416,gpu_delivered,14958,132125,0,0,0,3.2596290111541748e-08,,,,,none
577,576,1814409395601416,1814409395738208,1814409395765083,1814409396268083,cpu_fallback,26875,136792,0,0,0,0,,,,,none
578,577,1814409396268083,1814409396405833,1814409396420708,1814409396934750,cpu_fallback,14875,137750,0,0,0,0,,,,,none
579,578,1814409396934750,1814409397073000,1814409397087541,1814409397601416,gpu_delivered,14541,138250,0,0,0,4.5634806156158447e-08,,,,,none
580,579,1814409397601416,1814409397741208,1814409397760708,1814409398268083,gpu_delivered,19500,139792,0,0,0,5.4831616580486298e-08,,,,,none
581,580,1814409398268083,1814409398403000,1814409398417083,1814409398934750,gpu_delivered,14083,134917,0,0,0,4.0046870708465576e-08,,,,,none
582,581,1814409398934750,1814409399071875,1814409399086000,1814409399601416,gpu_delivered,14125,137125,0,0,0,5.1222741603851318e-08,,,,,none
583,582,1814409399601416,1814409399734458,1814409399747416,1814409400268083,gpu_delivered,12958,133042,0,0,0,5.1222741603851318e-08,,,,,none
584,583,1814409400268083,1814409400409250,1814409400423458,1814409400934750,gpu_delivered,14208,141167,0,0,0,5.3085386753082275e-08,,,,,none
585,584,1814409400934750,1814409401070791,1814409401085125,1814409401601416,gpu_delivered,14334,136041,0,0,0,2.7706846594810486e-08,,,,,none
586,585,1814409401601416,1814409401690375,1814409401705208,1814409402268083,gpu_delivered,14833,88959,0,0,0,3.5390257835388184e-08,,,,,none
587,586,1814409402268083,1814409402415708,1814409402428750,1814409402934750,gpu_delivered,13042,147625,0,0,0,3.8649886846542358e-08,,,,,none
588,587,1814409402934750,1814409403088125,1814409403109000,1814409403601416,cpu_fallback,20875,153375,0,0,0,0,,,,,none
589,588,1814409403601416,1814409403733625,1814409403748458,1814409404268083,gpu_delivered,14833,132209,0,0,0,3.4458935260772705e-08,,,,,none
590,589,1814409404268083,1814409404403083,1814409404416875,1814409404934750,gpu_delivered,13792,135000,0,0,0,3.8184225559234619e-08,,,,,none
591,590,1814409404934750,1814409405032625,1814409405047041,1814409405601416,gpu_delivered,14416,97875,0,0,0,3.9348378777503967e-08,,,,,none
592,591,1814409405601416,1814409405746375,1814409405759791,1814409406268083,gpu_delivered,13416,144959,0,0,0,4.7497451305389404e-08,,,,,none
593,592,1814409406268083,1814409406399000,1814409406412166,1814409406934750,gpu_delivered,13166,130917,0,0,0,7.1246176958084106e-08,,,,,none
594,593,1814409406934750,1814409407071000,1814409407098791,1814409407601416,gpu_delivered,27791,136250,0,0,0,5.2657924243248999e-08,,,,,none
595,594,1814409407601416,1814409407735125,1814409407749416,1814409408268083,gpu_delivered,14291,133709,0,0,0,5.5413693189620972e-08,,,,,none
596,595,1814409408268083,1814409408403208,1814409408430666,1814409408934750,gpu_delivered,27458,135125,0,0,0,5.6199496611952782e-08,,,,,none
597,596,1814409408934750,1814409409070083,1814409409090208,1814409409601416,gpu_delivered,20125,135333,0,0,0,4.2840838432312012e-08,,,,,none
598,597,1814409409601416,1814409409659916,1814409409674375,1814409410268083,cpu_fallback,14459,58500,0,0,0,0,,,,,none
599,598,1814409410268083,1814409410326333,1814409410340000,1814409410934750,gpu_delivered,13667,58250,0,0,0,3.9581209421157837e-08,,,,,none
600,599,1814409410934750,1814409410967333,1814409410980875,1814409411601416,gpu_delivered,13542,32583,0,0,0,4.4703483581542969e-08,,,,,none
601,600,1814409411601416,1814409411765083,1814409411783666,1814409412268083,gpu_delivered,18583,163667,0,0,0,5.4016709327697754e-08,,,,,none
602,601,1814409412268083,1814409412397041,1814409412414583,1814409412934750,gpu_delivered,17542,128958,0,0,0,5.4948031902313232e-08,,,,,none
603,602,1814409412934750,1814409413075208,1814409413092375,1814409413601416,gpu_delivered,17167,140458,0,0,0,4.2840838432312012e-08,,,,,none
604,603,1814409413601416,1814409413736541,1814409413753208,1814409414268083,gpu_delivered,16667,135125,0,0,0,3.9639417082071304e-08,,,,,none
605,604,1814409414268083,1814409414291208,1814409414304791,1814409414934750,cpu_fallback,13583,23125,0,0,0,0,,,,,none
606,605,1814409414934750,1814409415108833,1814409415126125,1814409415601416,gpu_delivered,17292,174083,0,0,0,4.9360096454620361e-08,,,,,none
607,606,1814409415601416,1814409415730000,1814409415759750,1814409416268083,cpu_fallback,29750,128584,0,0,0,0,,,,,none
608,607,1814409416268083,1814409416404083,1814409416437458,1814409416934750,cpu_fallback,33375,136000,0,0,0,0,,,,,none
609,608,1814409416934750,1814409417072500,1814409417089750,1814409417601416,gpu_delivered,17250,137750,0,0,0,4.5634806156158447e-08,,,,,none
610,609,1814409417601416,1814409417741208,1814409417755666,1814409418268083,gpu_delivered,14458,139792,0,0,0,6.4261257648468018e-08,,,,,none
611,610,1814409418268083,1814409418408375,1814409418422916,1814409418934750,gpu_delivered,14541,140292,0,0,0,5.9371814131736755e-08,,,,,none
612,611,1814409418934750,1814409419068083,1814409419082666,1814409419601416,gpu_delivered,14583,133333,0,0,0,4.6682544052600861e-08,,,,,none
613,612,1814409419601416,1814409419735916,1814409419750416,1814409420268083,gpu_delivered,14500,134500,0,0,0,5.657784640789032e-08,,,,,none
614,613,1814409420268083,1814409420402791,1814409420415666,1814409420934750,gpu_delivered,12875,134708,0,0,0,4.9825757741928101e-08,,,,,none
615,614,1814409420934750,1814409421065041,1814409421080750,1814409421601416,gpu_delivered,15709,130291,0,0,0,3.7252902984619141e-08,,,,,none
616,615,1814409421601416,1814409421736666,1814409421750625,1814409422268083,gpu_delivered,13959,135250,0,0,0,3.9348378777503967e-08,,,,,none
617,616,1814409422268083,1814409422404625,1814409422417250,1814409422934750,gpu_delivered,12625,136542,0,0,0,4.7963112592697144e-08,,,,,none
618,617,1814409422934750,1814409423073041,1814409423091583,1814409423601416,gpu_delivered,18542,138291,0,0,0,4.3306499719619751e-08,,,,,none
619,618,1814409423601416,1814409423735625,1814409423751916,1814409424268083,gpu_delivered,16291,134209,0,0,0,2.9336661100387573e-08,,,,,none
620,619,1814409424268083,1814409424408250,1814409424435833,1814409424934750,gpu_delivered,27583,140167,0,0,0,4.377216100692749e-08,,,,,none
621,620,1814409424934750,1814409425071916,1814409425089708,1814409425601416,gpu_delivered,17792,137166,0,0,0,4.9360096454620361e-08,,,,,none
622,621,1814409425601416,1814409425671875,1814409425688625,1814409426268083,cpu_fallback,16750,70459,0,0,0,0,,,,,none
623,622,1814409426268083,1814409426371166,1814409426386166,1814409426934750,gpu_delivered,15000,103083,0,0,0,7.4971467256546021e-08,,,,,none
624,623,1814409426934750,1814409427078625,1814409427092958,1814409427601416,gpu_delivered,14333,143875,0,0,0,4.8428773880004883e-08,,,,,none
625,624,1814409427601416,1814409427734291,1814409427748500,1814409428268083,gpu_delivered,14209,132875,0,0,0,4.1909515857696533e-08,,,,,none
626,625,1814409428268083,1814409428373458,1814409428393750,1814409428934750,gpu_delivered,20292,105375,0,0,0,3.7252902984619141e-08,,,,,none
627,626,1814409428934750,1814409429082166,1814409429096875,1814409429601416,gpu_delivered,14709,147416,0,0,0,3.457535058259964e-08,,,,,none
628,627,1814409429601416,1814409429734333,1814409429750000,1814409430268083,gpu_delivered,15667,132917,0,0,0,3.6787241697311401e-08,,,,,none
629,628,1814409430268083,1814409430402333,1814409430416125,1814409430934750,gpu_delivered,13792,134250,0,0,0,3.5390257835388184e-08,,,,,none
630,629,1814409430934750,1814409431075166,1814409431112458,1814409431601416,gpu_delivered,37292,140416,0,0,0,3.6321580410003662e-08,,,,,none
631,630,1814409431601416,1814409431747666,1814409431763916,1814409432268083,gpu_delivered,16250,146250,0,0,0,5.4016709327697754e-08,,,,,none
632,631,1814409432268083,1814409432399791,1814409432414375,1814409432934750,gpu_delivered,14584,131708,0,0,0,6.5308995544910431e-08,,,,,none
633,632,1814409432934750,1814409433005250,1814409433020416,1814409433601416,cpu_fallback,15166,70500,0,0,0,0,,,,,none
634,633,1814409433601416,1814409433756333,1814409433770250,1814409434268083,gpu_delivered,13917,154917,0,0,0,3.4458935260772705e-08,,,,,none
635,634,1814409434268083,1814409434401333,1814409434416916,1814409434934750,gpu_delivered,15583,133250,0,0,0,3.8184225559234619e-08,,,,,none
636,635,1814409434934750,1814409435073041,1814409435087916,1814409435601416,gpu_delivered,14875,138291,0,0,0,3.8649886846542358e-08,,,,,none
637,636,1814409435601416,1814409435808875,1814409435823625,1814409436268083,gpu_delivered,14750,207459,0,0,0,4.1909515857696533e-08,,,,,none
638,637,1814409436268083,1814409436482208,1814409436497250,1814409436934750,gpu_delivered,15042,214125,0,0,0,6.0535967350006104e-08,,,,,none
639,638,1814409436934750,1814409437062208,1814409437100916,1814409437601416,gpu_delivered,38708,127458,0,0,0,4.4703483581542969e-08,,,,,none
640,639,1814409437601416,1814409437737333,1814409437756083,1814409438268083,gpu_delivered,18750,135917,0,0,0,4.3335603550076485e-08,,,,,none
641,640,1814409438268083,1814409438408416,1814409438422916,1814409438934750,gpu_delivered,14500,140333,0,0,0,4.2608007788658142e-08,,,,,none
642,641,1814409438934750,1814409439069625,1814409439084583,1814409439601416,gpu_delivered,14958,134875,0,0,0,4.4703483581542969e-08,,,,,none
643,642,1814409439601416,1814409439664791,1814409439678083,1814409440268083,cpu_fallback,13292,63375,0,0,0,0,,,,,none
644,643,1814409440268083,1814409440491083,1814409440508250,1814409440934750,gpu_delivered,17167,223000,0,0,0,4.8894435167312622e-08,,,,,none
645,644,1814409440934750,1814409441087208,1814409441100125,1814409441601416,gpu_delivered,12917,152458,0,0,0,3.4458935260772705e-08,,,,,none
646,645,1814409441601416,1814409441751791,1814409441766500,1814409442268083,gpu_delivered,14709,150375,0,0,0,4.4703483581542969e-08,,,,,none
647,646,1814409442268083,1814409442403916,1814409442419208,1814409442934750,cpu_fallback,15292,135833,0,0,0,0,,,,,none
648,647,1814409442934750,1814409443092875,1814409443183333,1814409443601416,gpu_delivered,90458,158125,0,0,0,4.2069586925208569e-08,,,,,none
649,648,1814409443601416,1814409443713875,1814409443728750,1814409444268083,cpu_fallback,14875,112459,0,0,0,0,,,,,none
650,649,1814409444268083,1814409444422458,1814409444441833,1814409444934750,gpu_delivered,19375,154375,0,0,0,4.4703483581542969e-08,,,,,none
651,650,1814409444934750,1814409445063083,1814409445076958,1814409445601416,gpu_delivered,13875,128333,0,0,0,6.7986547946929932e-08,,,,,none
652,651,1814409445601416,1814409445752375,1814409445776416,1814409446268083,cpu_fallback,24041,150959,0,0,0,0,,,,,none
653,652,1814409446268083,1814409446433250,1814409446520125,1814409446934750,cpu_fallback,86875,165167,0,0,0,0,,,,,none
654,653,1814409446934750,1814409447087583,1814409447106708,1814409447601416,cpu_fallback,19125,152833,0,0,0,0,,,,,none
655,654,1814409447601416,1814409447747541,1814409447765708,1814409448268083,cpu_fallback,18167,146125,0,0,0,0,,,,,none
656,655,1814409448268083,1814409449631833,1814409449647041,1814409448934750,cpu_fallback,15208,1363750,1,0,0,0,,,,,none
657,656,1814409448934750,1814409449647166,1814409449659083,1814409449601416,cpu_fallback,11917,712416,1,0,0,0,,,,,none
658,657,1814409449601416,1814409449659166,1814409449671291,1814409450268083,cpu_fallback,12125,57750,0,0,0,0,,,,,none
659,658,1814409450268083,1814409450429625,1814409450443916,1814409450934750,cpu_fallback,14291,161542,0,0,0,0,,,,,none
660,659,1814409450934750,1814409451083625,1814409451098458,1814409451601416,cpu_fallback,14833,148875,0,0,0,0,,,,,none
661,660,1814409451601416,1814409451740958,1814409451755416,1814409452268083,cpu_fallback,14458,139542,0,0,0,0,,,,,none
662,661,1814409452268083,1814409452402791,1814409452417250,1814409452934750,cpu_fallback,14459,134708,0,0,0,0,,,,,none
663,662,1814409452934750,1814409453062875,1814409453079250,1814409453601416,cpu_fallback,16375,128125,0,0,0,0,,,,,none
664,663,1814409453601416,1814409453739375,1814409453753833,1814409454268083,cpu_fallback,14458,137959,0,0,0,0,,,,,none
665,664,1814409454268083,1814409454351625,1814409454449291,1814409454934750,cpu_fallback,97666,83542,0,0,0,0,,,,,none
666,665,1814409454934750,1814409455076583,1814409455096083,1814409455601416,cpu_fallback,19500,141833,0,0,0,0,,,,,none
667,666,1814409455601416,1814409455735750,1814409455751750,1814409456268083,cpu_fallback,16000,134334,0,0,0,0,,,,,none
668,667,1814409456268083,1814409456412583,1814409456428416,1814409456934750,cpu_fallback,15833,144500,0,0,0,0,,,,,none
669,668,1814409456934750,1814409457116291,1814409457131958,1814409457601416,cpu_fallback,15667,181541,0,0,0,0,,,,,none
670,669,1814409457601416,1814409457794958,1814409457811041,1814409458268083,cpu_fallback,16083,193542,0,0,0,0,,,,,none
671,670,1814409458268083,1814409458392500,1814409458407291,1814409458934750,cpu_fallback,14791,124417,0,0,0,0,,,,,none
672,671,1814409458934750,1814409459073791,1814409459088000,1814409459601416,cpu_fallback,14209,139041,0,0,0,0,,,,,none
673,672,1814409459601416,1814409459801041,1814409459816958,1814409460268083,cpu_fallback,15917,199625,0,0,0,0,,,,,none
674,673,1814409460268083,1814409460393083,1814409460409208,1814409460934750,cpu_fallback,16125,125000,0,0,0,0,,,,,none
675,674,1814409460934750,1814409461081750,1814409461097000,1814409461601416,gpu_delivered,15250,147000,0,0,0,3.3527612686157227e-08,,,,,none
676,675,1814409461601416,1814409461733666,1814409461748750,1814409462268083,gpu_delivered,15084,132250,0,0,0,3.3527612686157227e-08,,,,,none
677,676,1814409462268083,1814409462444250,1814409462458833,1814409462934750,gpu_delivered,14583,176167,0,0,0,3.5855919122695923e-08,,,,,none
678,677,1814409462934750,1814409463064666,1814409463119708,1814409463601416,cpu_fallback,55042,129916,0,0,0,0,,,,,none
679,678,1814409463601416,1814409463735041,1814409463754750,1814409464268083,cpu_fallback,19709,133625,0,0,0,0,,,,,none
680,679,1814409464268083,1814409464439625,1814409464456833,1814409464934750,gpu_delivered,17208,171542,0,0,0,4.3306499719619751e-08,,,,,none
681,680,1814409464934750,1814409465060166,1814409465073500,1814409465601416,gpu_delivered,13334,125416,0,0,0,3.3993273973464966e-08,,,,,none
682,681,1814409465601416,1814409465736625,1814409465749916,1814409466268083,gpu_delivered,13291,135209,0,0,0,4.7963112592697144e-08,,,,,none
683,682,1814409466268083,1814409466375291,1814409466389958,1814409466934750,gpu_delivered,14667,107208,0,0,0,4.7963112592697144e-08,,,,,none
684,683,1814409466934750,1814409467085000,1814409467103833,1814409467601416,gpu_delivered,18833,150250,0,0,0,6.7055225372314453e-08,,,,,none
685,684,1814409467601416,1814409467738708,1814409467754958,1814409468268083,gpu_delivered,16250,137292,0,0,0,5.4948031902313232e-08,,,,,none
686,685,1814409468268083,1814409468331541,1814409468347083,1814409468934750,gpu_delivered,15542,63458,0,0,0,4.8894435167312622e-08,,,,,none
687,686,1814409468934750,1814409469075208,1814409469090208,1814409469601416,gpu_delivered,15000,140458,0,0,0,3.3993273973464966e-08,,,,,none
688,687,1814409469601416,1814409469734916,1814409469749458,1814409470268083,gpu_delivered,14542,133500,0,0,0,4.377216100692749e-08,,,,,none
689,688,1814409470268083,1814409470403375,1814409470417458,1814409470934750,gpu_delivered,14083,135292,0,0,0,4.7031790018081665e-08,,,,,none
690,689,1814409470934750,1814409471070625,1814409471084875,1814409471601416,gpu_delivered,14250,135875,0,0,0,5.0757080316543579e-08,,,,,none
691,690,1814409471601416,1814409471742791,1814409471763000,1814409472268083,gpu_delivered,20209,141375,0,0,0,5.9604644775390625e-08,,,,,none
692,691,1814409472268083,1814409472405000,1814409472423750,1814409472934750,gpu_delivered,18750,136917,0,0,0,6.1001628637313843e-08,,,,,none
693,692,1814409472934750,1814409473083625,1814409473114041,1814409473601416,gpu_delivered,30416,148875,0,0,0,3.3527612686157227e-08,,,,,none
694,693,1814409473601416,1814409473731500,1814409473747666,1814409474268083,gpu_delivered,16166,130084,0,0,0,4.0512531995773315e-08,,,,,none
695,694,1814409474268083,1814409474404041,1814409474418000,1814409474934750,gpu_delivered,13959,135958,0,0,0,4.0046870708465576e-08,,,,,none
696,695,1814409474934750,1814409475068583,1814409475082166,1814409475601416,gpu_delivered,13583,133833,0,0,0,4.0512531995773315e-08,,,,,none
697,696,1814409475601416,1814409475689666,1814409475705333,1814409476268083,gpu_delivered,15667,88250,0,0,0,6.4261257648468018e-08,,,,,none
698,697,1814409476268083,1814409476418833,1814409476433750,1814409476934750,gpu_delivered,14917,150750,0,0,0,4.3539330363273621e-08,,,,,none
699,698,1814409476934750,1814409476963458,1814409476979666,1814409477601416,gpu_delivered,16208,28708,0,0,0,5.4948031902313232e-08,,,,,none
700,699,1814409477601416,1814409477762041,1814409477777583,1814409478268083,gpu_delivered,15542,160625,0,0,0,5.029141902923584e-08,,,,,none
701,700,1814409478268083,1814409478402583,1814409478421125,1814409478934750,cpu_fallback,18542,134500,0,0,0,0,,,,,none
702,701,1814409478934750,1814409479072541,1814409479090708,1814409479601416,gpu_delivered,18167,137791,0,0,0,4.7613866627216339e-08,,,,,none
703,702,1814409479601416,1814409479738916,1814409479766833,1814409480268083,gpu_delivered,27917,137500,0,0,0,4.2375177145004272e-08,,,,,none
704,703,1814409480268083,1814409480400333,1814409480425708,1814409480934750,gpu_delivered,25375,132250,0,0,0,3.166496753692627e-08,,,,,none
705,704,1814409480934750,1814409481102458,1814409481120333,1814409481601416,gpu_delivered,17875,167708,0,0,0,3.3993273973464966e-08,,,,,none
706,705,1814409481601416,1814409481730125,1814409481760041,1814409482268083,gpu_delivered,29916,128709,0,0,0,3.4458935260772705e-08,,,,,none
707,706,1814409482268083,1814409482403208,1814409482417791,1814409482934750,gpu_delivered,14583,135125,0,0,0,3.2130628824234009e-08,,,,,none
708,707,1814409482934750,1814409483076916,1814409483107333,1814409483601416,gpu_delivered,30417,142166,0,0,0,4.2840838432312012e-08,,,,,none
709,708,1814409483601416,1814409483740541,1814409483755958,1814409484268083,cpu_fallback,15417,139125,0,0,0,0,,,,,none
710,709,1814409484268083,1814409484406583,1814409484424041,1814409484934750,gpu_delivered,17458,138500,0,0,0,6.1467289924621582e-08,,,,,none
711,710,1814409484934750,1814409485073583,1814409485089000,1814409485601416,gpu_delivered,15417,138833,0,0,0,3.5506673157215118e-08,,,,,none
712,711,1814409485601416,1814409485661958,1814409485676416,1814409486268083,gpu_delivered,14458,60542,0,0,0,5.4948031902313232e-08,,,,,none
713,712,1814409486268083,1814409486419750,1814409486433875,1814409486934750,gpu_delivered,14125,151667,0,0,0,4.4237822294235229e-08,,,,,none
714,713,1814409486934750,1814409487077875,1814409487115458,1814409487601416,gpu_delivered,37583,143125,0,0,0,5.029141902923584e-08,,,,,none
715,714,1814409487601416,1814409487733750,1814409487749583,1814409488268083,gpu_delivered,15833,132334,0,0,0,3.3527612686157227e-08,,,,,none
716,715,1814409488268083,1814409488404166,1814409488418500,1814409488934750,gpu_delivered,14334,136083,0,0,0,3.7252902984619141e-08,,,,,none
717,716,1814409488934750,1814409488945583,1814409488959000,1814409489601416,gpu_delivered,13417,10833,0,0,0,4.6798959374427795e-08,,,,,none
718,717,1814409489601416,1814409489767416,1814409489789458,1814409490268083,gpu_delivered,22042,166000,0,0,0,3.6088749766349792e-08,,,,,none
719,718,1814409490268083,1814409490302958,1814409490317666,1814409490934750,cpu_fallback,14708,34875,0,0,0,0,,,,,none
720,719,1814409490934750,1814409491032916,1814409491047666,1814409491601416,gpu_delivered,14750,98166,0,0,0,5.029141902923584e-08,,,,,none
721,720,1814409491601416,1814409491680708,1814409491700208,1814409492268083,gpu_delivered,19500,79292,0,0,0,4.8428773880004883e-08,,,,,none
722,721,1814409492268083,1814409492419333,1814409492433708,1814409492934750,gpu_delivered,14375,151250,0,0,0,3.4924596548080444e-08,,,,,none
723,722,1814409492934750,1814409493070375,1814409493088666,1814409493601416,gpu_delivered,18291,135625,0,0,0,3.119930624961853e-08,,,,,none
724,723,1814409493601416,1814409493739291,1814409493755291,1814409494268083,gpu_delivered,16000,137875,0,0,0,4.9360096454620361e-08,,,,,none
725,724,1814409494268083,1814409494340541,1814409494355750,1814409494934750,gpu_delivered,15209,72458,0,0,0,3.5855919122695923e-08,,,,,none
726,725,1814409494934750,1814409495086625,1814409495122416,1814409495601416,gpu_delivered,35791,151875,0,0,0,3.0267983675003052e-08,,,,,none
727,726,1814409495601416,1814409495731625,1814409495759250,1814409496268083,gpu_delivered,27625,130209,0,0,0,4.0046870708465576e-08,,,,,none
728,727,1814409496268083,1814409496402375,1814409496420875,1814409496934750,gpu_delivered,18500,134292,0,0,0,5.7741999626159668e-08,,,,,none
729,728,1814409496934750,1814409496979666,1814409496994500,1814409497601416,gpu_delivered,14834,44916,0,0,0,7.2643160820007324e-08,,,,,none
730,729,1814409497601416,1814409497758541,1814409497772250,1814409498268083,gpu_delivered,13709,157125,0,0,0,5.4249539971351624e-08,,,,,none
731,730,1814409498268083,1814409498286875,1814409498304625,1814409498934750,gpu_delivered,17750,18792,0,0,0,5.7974830269813538e-08,,,,,none
732,731,1814409498934750,1814409499097958,1814409499116000,1814409499601416,gpu_delivered,18042,163208,0,0,0,4.1676685214042664e-08,,,,,none
733,732,1814409499601416,1814409499731791,1814409499749625,1814409500268083,gpu_delivered,17834,130375,0,0,0,4.7264620661735535e-08,,,,,none
734,733,1814409500268083,1814409500405541,1814409500422000,1814409500934750,gpu_delivered,16459,137458,0,0,0,3.4458935260772705e-08,,,,,none
735,734,1814409500934750,1814409501074125,1814409501092833,1814409501601416,gpu_delivered,18708,139375,0,0,0,4.0978193283081055e-08,,,,,none
736,735,1814409501601416,1814409501736875,1814409501754083,1814409502268083,gpu_delivered,17208,135459,0,0,0,3.8184225559234619e-08,,,,,none
737,736,1814409502268083,1814409502402125,1814409502416125,1814409502934750,gpu_delivered,14000,134042,0,0,0,4.0512531995773315e-08,,,,,none
738,737,1814409502934750,1814409503073333,1814409503091000,1814409503601416,gpu_delivered,17667,138583,0,0,0,3.3993273973464966e-08,,,,,none
739,738,1814409503601416,1814409503740708,1814409503757583,1814409504268083,gpu_delivered,16875,139292,0,0,0,4.0046870708465576e-08,,,,,none
740,739,1814409504268083,1814409504401333,1814409504416583,1814409504934750,cpu_fallback,15250,133250,0,0,0,0,,,,,none
741,740,1814409504934750,1814409505070958,1814409505086958,1814409505601416,gpu_delivered,16000,136208,0,0,0,7.2643160820007324e-08,,,,,none
742,741,1814409505601416,1814409505612708,1814409505629833,1814409506268083,gpu_delivered,17125,11292,0,0,0,3.8417056202888489e-08,,,,,none
743,742,1814409506268083,1814409506294916,1814409506308916,1814409506934750,gpu_delivered,14000,26833,0,0,0,4.6566128730773926e-08,,,,,none
744,743,1814409506934750,1814409507038708,1814409507056208,1814409507601416,gpu_delivered,17500,103958,0,0,0,5.9604644775390625e-08,,,,,none
745,744,1814409507601416,1814409507749250,1814409507766833,1814409508268083,gpu_delivered,17583,147834,0,0,0,5.7509168982505798e-08,,,,,none
746,745,1814409508268083,1814409508404291,1814409508421625,1814409508934750,gpu_delivered,17334,136208,0,0,0,3.9639417082071304e-08,,,,,none
747,746,1814409508934750,1814409509071291,1814409509087875,1814409509601416,gpu_delivered,16584,136541,0,0,0,4.4703483581542969e-08,,,,,none
748,747,1814409509601416,1814409509739208,1814409509757583,1814409510268083,gpu_delivered,18375,137792,0,0,0,4.2375177145004272e-08,,,,,none
749,748,1814409510268083,1814409510406708,1814409510422666,1814409510934750,gpu_delivered,15958,138625,0,0,0,6.1467289924621582e-08,,,,,none
750,749,1814409510934750,1814409511072166,1814409511088875,1814409511601416,cpu_fallback,16709,137416,0,0,0,0,,,,,none
751,750,1814409511601416,1814409511609750,1814409511630083,1814409512268083,cpu_fallback,20333,8334,0,0,0,0,,,,,none
752,751,1814409512268083,1814409512435750,1814409512454250,1814409512934750,gpu_delivered,18500,167667,0,0,0,4.0512531995773315e-08,,,,,none
753,752,1814409512934750,1814409512983958,1814409512998458,1814409513601416,gpu_delivered,14500,49208,0,0,0,3.2130628824234009e-08,,,,,none
754,753,1814409513601416,1814409513695958,1814409513713041,1814409514268083,gpu_delivered,17083,94542,0,0,0,3.0733644962310791e-08,,,,,none
755,754,1814409514268083,1814409514381875,1814409514399583,1814409514934750,gpu_delivered,17708,113792,0,0,0,3.2072421163320541e-08,,,,,none
756,755,1814409514934750,1814409515008791,1814409515026500,1814409515601416,gpu_delivered,17709,74041,0,0,0,4.0512531995773315e-08,,,,,none
757,756,1814409515601416,1814409515753875,1814409515768625,1814409516268083,gpu_delivered,14750,152459,0,0,0,3.9581209421157837e-08,,,,,none
758,757,1814409516268083,1814409516400416,1814409516414333,1814409516934750,gpu_delivered,13917,132333,0,0,0,3.5855919122695923e-08,,,,,none
759,758,1814409516934750,1814409516963875,1814409516981208,1814409517601416,cpu_fallback,17333,29125,0,0,0,0,,,,,none
760,759,1814409517601416,1814409517766041,1814409517780875,1814409518268083,gpu_delivered,14834,164625,0,0,0,5.4016709327697754e-08,,,,,none
761,760,1814409518268083,1814409518340666,1814409518355208,1814409518934750,gpu_delivered,14542,72583,0,0,0,6.3097104430198669e-08,,,,,none
762,761,1814409518934750,1814409519084583,1814409519115833,1814409519601416,gpu_delivered,31250,149833,0,0,0,3.771856427192688e-08,,,,,none
763,762,1814409519601416,1814409519680041,1814409519694291,1814409520268083,gpu_delivered,14250,78625,0,0,0,4.7497451305389404e-08,,,,,none
764,763,1814409520268083,1814409520417916,1814409520431250,1814409520934750,gpu_delivered,13334,149833,0,0,0,4.6566128730773926e-08,,,,,none
765,764,1814409520934750,1814409521072375,1814409521089583,1814409521601416,gpu_delivered,17208,137625,0,0,0,3.0850060284137726e-08,,,,,none
766,765,1814409521601416,1814409521738916,1814409521757083,1814409522268083,gpu_delivered,18167,137500,0,0,0,4.2840838432312012e-08,,,,,none
767,766,1814409522268083,1814409522400208,1814409522415916,1814409522934750,gpu_delivered,15708,132125,0,0,0,4.4703483581542969e-08,,,,,none
768,767,1814409522934750,1814409523054125,1814409523069083,1814409523601416,gpu_delivered,14958,119375,0,0,0,3.6321580410003662e-08,,,,,none
769,768,1814409523601416,1814409523740958,1814409523755791,1814409524268083,gpu_delivered,14833,139542,0,0,0,3.8184225559234619e-08,,,,,none
770,769,1814409524268083,1814409524303458,1814409524317750,1814409524934750,cpu_fallback,14292,35375,0,0,0,0,,,,,none
771,770,1814409524934750,1814409525101833,1814409525131041,1814409525601416,gpu_delivered,29208,167083,0,0,0,4.8428773880004883e-08,,,,,none
772,771,1814409525601416,1814409525730083,1814409525747916,1814409526268083,gpu_delivered,17833,128667,0,0,0,3.5506673157215118e-08,,,,,none
773,772,1814409526268083,1814409526411500,1814409526428125,1814409526934750,gpu_delivered,16625,143417,0,0,0,3.119930624961853e-08,,,,,none
774,773,1814409526934750,1814409527065583,1814409527079583,1814409527601416,gpu_delivered,14000,130833,0,0,0,4.8428773880004883e-08,,,,,none
775,774,1814409527601416,1814409527743166,1814409527778833,1814409528268083,cpu_fallback,35667,141750,0,0,0,0,,,,,none
776,775,1814409528268083,1814409528400875,1814409528415000,1814409528934750,gpu_delivered,14125,132792,0,0,0,7.3108822107315063e-08,,,,,none
777,776,1814409528934750,1814409529068916,1814409529096208,1814409529601416,gpu_delivered,27292,134166,0,0,0,5.4948031902313232e-08,,,,,none
778,777,1814409529601416,1814409529651833,1814409529665833,1814409530268083,cpu_fallback,14000,50417,0,0,0,0,,,,,none
779,778,1814409530268083,1814409530429333,1814409530446458,1814409530934750,gpu_delivered,17125,161250,0,0,0,5.0757080316543579e-08,,,,,none
780,779,1814409530934750,1814409531066083,1814409531080916,1814409531601416,gpu_delivered,14833,131333,0,0,0,5.7043507695198059e-08,,,,,none
781,780,1814409531601416,1814409531736166,1814409531763916,1814409532268083,gpu_delivered,27750,134750,0,0,0,4.0512531995773315e-08,,,,,none
782,781,1814409532268083,1814409532406500,1814409532433250,1814409532934750,gpu_delivered,26750,138417,0,0,0,3.3527612686157227e-08,,,,,none
783,782,1814409532934750,1814409533012333,1814409533025875,1814409533601416,gpu_delivered,13542,77583,0,0,0,3.2596290111541748e-08,,,,,none
784,783,1814409533601416,1814409533739250,1814409533785666,1814409534268083,gpu_delivered,46416,137834,0,0,0,3.3993273973464966e-08,,,,,none
785,784,1814409534268083,1814409534397166,1814409534413208,1814409534934750,gpu_delivered,16042,129083,0,0,0,3.3061951398849487e-08,,,,,none
786,785,1814409534934750,1814409535072291,1814409535090041,1814409535601416,gpu_delivered,17750,137541,0,0,0,4.4703483581542969e-08,,,,,none
787,786,1814409535601416,1814409535737833,1814409535752541,1814409536268083,gpu_delivered,14708,136417,0,0,0,3.6554411053657532e-08,,,,,none
788,787,1814409536268083,1814409536402208,1814409536415375,1814409536934750,gpu_delivered,13167,134125,0,0,0,4.377216100692749e-08,,,,,none
789,788,1814409536934750,1814409537069500,1814409537092375,1814409537601416,gpu_delivered,22875,134750,0,0,0,4.3306499719619751e-08,,,,,none
790,789,1814409537601416,1814409537755791,1814409537804708,1814409538268083,gpu_delivered,48917,154375,0,0,0,6.4261257648468018e-08,,,,,none
791,790,1814409538268083,1814409538280791,1814409538295500,1814409538934750,cpu_fallback,14709,12708,0,0,0,0,,,,,none
792,791,1814409538934750,1814409539101000,1814409539116500,1814409539601416,gpu_delivered,15500,166250,0,0,0,4.8195943236351013e-08,,,,,none
793,792,1814409539601416,1814409539726041,1814409539739500,1814409540268083,gpu_delivered,13459,124625,0,0,0,5.6810677051544189e-08,,,,,none
794,793,1814409540268083,1814409540405458,1814409540420125,1814409540934750,gpu_delivered,14667,137375,0,0,0,4.2840838432312012e-08,,,,,none
795,794,1814409540934750,1814409541069500,1814409541083000,1814409541601416,gpu_delivered,13500,134750,0,0,0,3.8649886846542358e-08,,,,,none
796,795,1814409541601416,1814409541671125,1814409541700041,1814409542268083,gpu_delivered,28916,69709,0,0,0,4.7497451305389404e-08,,,,,none
797,796,1814409542268083,1814409542420375,1814409542448666,1814409542934750,gpu_delivered,28291,152292,0,0,0,4.4703483581542969e-08,,,,,none
798,797,1814409542934750,1814409543064916,1814409543081083,1814409543601416,gpu_delivered,16167,130166,0,0,0,4.7963112592697144e-08,,,,,none
799,798,1814409543601416,1814409543738583,1814409543754333,1814409544268083,gpu_delivered,15750,137167,0,0,0,5.4482370615005493e-08,,,,,none
800,799,1814409544268083,1814409544335625,1814409544363750,1814409544934750,cpu_fallback,28125,67542,0,0,0,0,,,,,none
801,800,1814409544934750,1814409545087916,1814409545105916,1814409545601416,gpu_delivered,18000,153166,0,0,0,3.6321580410003662e-08,,,,,none
802,801,1814409545601416,1814409545734208,1814409545749583,1814409546268083,gpu_delivered,15375,132792,0,0,0,4.1909515857696533e-08,,,,,none
803,802,1814409546268083,1814409546404083,1814409546420875,1814409546934750,gpu_delivered,16792,136000,0,0,0,3.771856427192688e-08,,,,,none
804,803,1814409546934750,1814409547077666,1814409547095041,1814409547601416,gpu_delivered,17375,142916,0,0,0,3.5390257835388184e-08,,,,,none
805,804,1814409547601416,1814409547673166,1814409547687583,1814409548268083,gpu_delivered,14417,71750,0,0,0,3.8649886846542358e-08,,,,,none
806,805,1814409548268083,1814409548425375,1814409548454208,1814409548934750,gpu_delivered,28833,157292,0,0,0,6.28642737865448e-08,,,,,none
807,806,1814409548934750,1814409549062916,1814409549079875,1814409549601416,gpu_delivered,16959,128166,0,0,0,5.6810677051544189e-08,,,,,none
808,807,1814409549601416,1814409549655250,1814409549671416,1814409550268083,cpu_fallback,16166,53834,0,0,0,0,,,,,none
809,808,1814409550268083,1814409550323708,1814409550341208,1814409550934750,gpu_delivered,17500,55625,0,0,0,4.8428773880004883e-08,,,,,none
810,809,1814409550934750,1814409551089166,1814409551106458,1814409551601416,gpu_delivered,17292,154416,0,0,0,5.4016709327697754e-08,,,,,none
811,810,1814409551601416,1814409551731750,1814409551758000,1814409552268083,gpu_delivered,26250,130334,0,0,0,4.1356543079018593e-08,,,,,none
812,811,1814409552268083,1814409552407500,1814409552434583,1814409552934750,gpu_delivered,27083,139417,0,0,0,3.8649886846542358e-08,,,,,none
813,812,1814409552934750,1814409553080833,1814409553095791,1814409553601416,gpu_delivered,14958,146083,0,0,0,3.9115548133850098e-08,,,,,none
814,813,1814409553601416,1814409553737958,1814409553755666,1814409554268083,gpu_delivered,17708,136542,0,0,0,3.0267983675003052e-08,,,,,none
815,814,1814409554268083,1814409554404416,1814409554420958,1814409554934750,gpu_delivered,16542,136333,0,0,0,3.5157427191734314e-08,,,,,none
816,815,1814409554934750,1814409554989083,1814409555005916,1814409555601416,cpu_fallback,16833,54333,0,0,0,0,,,,,none
817,816,1814409555601416,1814409555757375,1814409555772291,1814409556268083,gpu_delivered,14916,155959,0,0,0,3.6321580410003662e-08,,,,,none
818,817,1814409556268083,1814409556310250,1814409556330833,1814409556934750,gpu_delivered,20583,42167,0,0,0,6.2398612499237061e-08,,,,,none
819,818,1814409556934750,1814409557098791,1814409557118541,1814409557601416,gpu_delivered,19750,164041,0,0,0,5.657784640789032e-08,,,,,none
820,819,1814409557601416,1814409557728416,1814409557742416,1814409558268083,gpu_delivered,14000,127000,0,0,0,5.1688402891159058e-08,,,,,none
821,820,1814409558268083,1814409558403791,1814409558420333,1814409558934750,gpu_delivered,16542,135708,0,0,0,5.5646523833274841e-08,,,,,none
822,821,1814409558934750,1814409559071291,1814409559086250,1814409559601416,gpu_delivered,14959,136541,0,0,0,3.6321580410003662e-08,,,,,none
823,822,1814409559601416,1814409559741833,1814409559773125,1814409560268083,gpu_delivered,31292,140417,0,0,0,4.5532942749559879e-08,,,,,none
824,823,1814409560268083,1814409560401666,1814409560419500,1814409560934750,gpu_delivered,17834,133583,0,0,0,4.4994521886110306e-08,,,,,none
825,824,1814409560934750,1814409561074833,1814409561089791,1814409561601416,gpu_delivered,14958,140083,0,0,0,4.7497451305389404e-08,,,,,none
826,825,1814409561601416,1814409561737125,1814409561756791,1814409562268083,cpu_fallback,19666,135709,0,0,0,0,,,,,none
827,826,1814409562268083,1814409562404625,1814409562443916,1814409562934750,gpu_delivered,39291,136542,0,0,0,5.5879354476928711e-08,,,,,none
828,827,1814409562934750,1814409563065916,1814409563083166,1814409563601416,gpu_delivered,17250,131166,0,0,0,5.7974830269813538e-08,,,,,none
829,828,1814409563601416,1814409563736833,1814409563754083,1814409564268083,gpu_delivered,17250,135417,0,0,0,4.7963112592697144e-08,,,,,none
830,829,1814409564268083,1814409564330625,1814409564345708,1814409564934750,gpu_delivered,15083,62542,0,0,0,3.9581209421157837e-08,,,,,none
831,830,1814409564934750,1814409565091708,1814409565106416,1814409565601416,gpu_delivered,14708,156958,0,0,0,5.3000348998466507e-08,,,,,none
832,831,1814409565601416,1814409565735750,1814409565751875,1814409566268083,gpu_delivered,16125,134334,0,0,0,3.5390257835388184e-08,,,,,none
833,832,1814409566268083,1814409566413708,1814409566432583,1814409566934750,gpu_delivered,18875,145625,0,0,0,4.6566128730773926e-08,,,,,none
834,833,1814409566934750,1814409567068041,1814409567084250,1814409567601416,gpu_delivered,16209,133291,0,0,0,6.1467289924621582e-08,,,,,none
835,834,1814409567601416,1814409567738458,1814409567765250,1814409568268083,gpu_delivered,26792,137042,0,0,0,7.4971467256546021e-08,,,,,none
836,835,1814409568268083,1814409568407416,1814409568421583,1814409568934750,gpu_delivered,14167,139333,0,0,0,5.1222741603851318e-08,,,,,none
837,836,1814409568934750,1814409569068833,1814409569087083,1814409569601416,gpu_delivered,18250,134083,0,0,0,3.2596290111541748e-08,,,,,none
838,837,1814409569601416,1814409569735916,1814409569751958,1814409570268083,gpu_delivered,16042,134500,0,0,0,4.0512531995773315e-08,,,,,none
839,838,1814409570268083,1814409570403166,1814409570417166,1814409570934750,gpu_delivered,14000,135083,0,0,0,4.4237822294235229e-08,,,,,none
840,839,1814409570934750,1814409571074958,1814409571092208,1814409571601416,gpu_delivered,17250,140208,0,0,0,3.8649886846542358e-08,,,,,none
841,840,1814409571601416,1814409571693833,1814409571708708,1814409572268083,gpu_delivered,14875,92417,0,0,0,3.5390257835388184e-08,,,,,none
842,841,1814409572268083,1814409572411625,1814409572424791,1814409572934750,gpu_delivered,13166,143542,0,0,0,4.1909515857696533e-08,,,,,none
843,842,1814409572934750,1814409573067833,1814409573083083,1814409573601416,gpu_delivered,15250,133083,0,0,0,4.0978193283081055e-08,,,,,none
844,843,1814409573601416,1814409573740166,1814409573756708,1814409574268083,gpu_delivered,16542,138750,0,0,0,3.2829120755195618e-08,,,,,none
845,844,1814409574268083,1814409574313500,1814409574328458,1814409574934750,gpu_delivered,14958,45417,0,0,0,2.7706846594810486e-08,,,,,none
846,845,1814409574934750,1814409575093875,1814409575108291,1814409575601416,gpu_delivered,14416,159125,0,0,0,4.3655745685100555e-08,,,,,none
847,846,1814409575601416,1814409575761500,1814409575777083,1814409576268083,gpu_delivered,15583,160084,0,0,0,4.6566128730773926e-08,,,,,none
848,847,1814409576268083,1814409576400166,1814409576419375,1814409576934750,gpu_delivered,19209,132083,0,0,0,5.3085386753082275e-08,,,,,none
849,848,1814409576934750,1814409577073083,1814409577088291,1814409577601416,gpu_delivered,15208,138333,0,0,0,3.8184225559234619e-08,,,,,none
850,849,1814409577601416,1814409577745416,1814409577760083,1814409578268083,gpu_delivered,14667,144000,0,0,0,3.6321580410003662e-08,,,,,none
851,850,1814409578268083,1814409578401833,1814409578416291,1814409578934750,cpu_fallback,14458,133750,0,0,0,0,,,,,none
852,851,1814409578934750,1814409579075916,1814409579094875,1814409579601416,gpu_delivered,18959,141166,0,0,0,5.6526914704591036e-08,,,,,none
853,852,1814409579601416,1814409579735041,1814409579753666,1814409580268083,gpu_delivered,18625,133625,0,0,0,3.7252902984619141e-08,,,,,none
854,853,1814409580268083,1814409580403875,1814409580421875,1814409580934750,gpu_delivered,18000,135792,0,0,0,4.181856638751924e-08,,,,,none
855,854,1814409580934750,1814409581071833,1814409581104625,1814409581601416,gpu_delivered,32792,137083,0,0,0,4.3306499719619751e-08,,,,,none
856,855,1814409581601416,1814409581732791,1814409581747125,1814409582268083,gpu_delivered,14334,131375,0,0,0,4.377216100692749e-08,,,,,none
857,856,1814409582268083,1814409582384291,1814409582399750,1814409582934750,gpu_delivered,15459,116208,0,0,0,4.9360096454620361e-08,,,,,none
858,857,1814409582934750,1814409583074958,1814409583091083,1814409583601416,gpu_delivered,16125,140208,0,0,0,4.0396116673946381e-08,,,,,none
859,858,1814409583601416,1814409583745875,1814409583763958,1814409584268083,cpu_fallback,18083,144459,0,0,0,0,,,,,none
860,859,1814409584268083,1814409584404041,1814409584420708,1814409584934750,gpu_delivered,16667,135958,0,0,0,2.8870999813079834e-08,,,,,none
861,860,1814409584934750,1814409585062250,1814409585077458,1814409585601416,gpu_delivered,15208,127500,0,0,0,3.0733644962310791e-08,,,,,none
862,861,1814409585601416,1814409585755333,1814409585769958,1814409586268083,gpu_delivered,14625,153917,0,0,0,3.0733644962310791e-08,,,,,none
863,862,1814409586268083,1814409586405750,1814409586433083,1814409586934750,gpu_delivered,27333,137667,0,0,0,4.1443854570388794e-08,,,,,none
864,863,1814409586934750,1814409587075916,1814409587095041,1814409587601416,gpu_delivered,19125,141166,0,0,0,4.6566128730773926e-08,,,,,none
865,864,1814409587601416,1814409587741833,1814409587757916,1814409588268083,gpu_delivered,16083,140417,0,0,0,7.1711838245391846e-08,,,,,none
866,865,1814409588268083,1814409588407875,1814409588424750,1814409588934750,gpu_delivered,16875,139792,0,0,0,4.1909515857696533e-08,,,,,none
867,866,1814409588934750,1814409589068083,1814409589082666,1814409589601416,gpu_delivered,14583,133333,0,0,0,5.9138983488082886e-08,,,,,none
868,867,1814409589601416,1814409589737083,1814409589753250,1814409590268083,gpu_delivered,16167,135667,0,0,0,5.6810677051544189e-08,,,,,none
869,868,1814409590268083,1814409590313833,1814409590328666,1814409590934750,cpu_fallback,14833,45750,0,0,0,0,,,,,none
870,869,1814409590934750,1814409591096666,1814409591114083,1814409591601416,gpu_delivered,17417,161916,0,0,0,4.0046870708465576e-08,,,,,none
871,870,1814409591601416,1814409591735083,1814409591752125,1814409592268083,cpu_fallback,17042,133667,0,0,0,0,,,,,none
872,871,1814409592268083,1814409592402000,1814409592415541,1814409592934750,gpu_delivered,13541,133917,0,0,0,3.6787241697311401e-08,,,,,none
873,872,1814409592934750,1814409593069750,1814409593088375,1814409593601416,gpu_delivered,18625,135000,0,0,0,3.9115548133850098e-08,,,,,none
874,873,1814409593601416,1814409593738541,1814409593756166,1814409594268083,gpu_delivered,17625,137125,0,0,0,4.9127265810966492e-08,,,,,none
875,874,1814409594268083,1814409594411291,1814409594428708,1814409594934750,gpu_delivered,17417,143208,0,0,0,4.6798959374427795e-08,,,,,none
876,875,1814409594934750,1814409594985291,1814409595003625,1814409595601416,cpu_fallback,18334,50541,0,0,0,0,,,,,none
877,876,1814409595601416,1814409595642125,1814409595658125,1814409596268083,cpu_fallback,16000,40709,0,0,0,0,,,,,none
878,877,1814409596268083,1814409596431958,1814409596449250,1814409596934750,gpu_delivered,17292,163875,0,0,0,4.4645275920629501e-08,,,,,none
879,878,1814409596934750,1814409597062958,1814409597081750,1814409597601416,gpu_delivered,18792,128208,0,0,0,3.8649886846542358e-08,,,,,none
880,879,1814409597601416,1814409597742875,1814409597760791,1814409598268083,gpu_delivered,17916,141459,0,0,0,4.5634806156158447e-08,,,,,none
881,880,1814409598268083,1814409598407291,1814409598425000,1814409598934750,gpu_delivered,17709,139208,0,0,0,5.4948031902313232e-08,,,,,none
882,881,1814409598934750,1814409599008583,1814409599035875,1814409599601416,gpu_delivered,27292,73833,0,0,0,7.0780515670776367e-08,,,,,none
883,882,1814409599601416,1814409599615708,1814409599632458,1814409600268083,gpu_delivered,16750,14292,0,0,0,4.8894435167312622e-08,,,,,none
884,883,1814409600268083,1814409600432333,1814409600446208,1814409600934750,gpu_delivered,13875,164250,0,0,0,4.8894435167312622e-08,,,,,none
885,884,1814409600934750,1814409601062041,1814409601077291,1814409601601416,gpu_delivered,15250,127291,0,0,0,3.5390257835388184e-08,,,,,none
886,885,1814409601601416,1814409601738250,1814409601756750,1814409602268083,gpu_delivered,18500,136834,0,0,0,4.2840838432312012e-08,,,,,none
887,886,1814409602268083,1814409602400416,1814409602416583,1814409602934750,gpu_delivered,16167,132333,0,0,0,3.9115548133850098e-08,,,,,none
888,887,1814409602934750,1814409603007416,1814409603025583,1814409603601416,gpu_delivered,18167,72666,0,0,0,5.0757080316543579e-08,,,,,none
889,888,1814409603601416,1814409603753125,1814409603772208,1814409604268083,gpu_delivered,19083,151709,0,0,0,4.9476511776447296e-08,,,,,none
890,889,1814409604268083,1814409604405041,1814409604422208,1814409604934750,gpu_delivered,17167,136958,0,0,0,5.9138983488082886e-08,,,,,none
891,890,1814409604934750,1814409605008125,1814409605022416,1814409605601416,gpu_delivered,14291,73375,0,0,0,3.166496753692627e-08,,,,,none
892,891,1814409605601416,1814409605750875,1814409605765208,1814409606268083,gpu_delivered,14333,149459,0,0,0,3.6787241697311401e-08,,,,,none
893,892,1814409606268083,1814409606397708,1814409606412125,1814409606934750,gpu_delivered,14417,129625,0,0,0,4.8894435167312622e-08,,,,,none
894,893,1814409606934750,1814409607072708,1814409607087541,1814409607601416,gpu_delivered,14833,137958,0,0,0,4.6566128730773926e-08,,,,,none
895,894,1814409607601416,1814409607734875,1814409607776375,1814409608268083,gpu_delivered,41500,133459,0,0,0,3.8417056202888489e-08,,,,,none
896,895,1814409608268083,1814409608401625,1814409608419833,1814409608934750,gpu_delivered,18208,133542,0,0,0,5.9604644775390625e-08,,,,,none
897,896,1814409608934750,1814409609072291,1814409609093625,1814409609601416,gpu_delivered,21334,137541,0,0,0,6.3329935073852539e-08,,,,,none
898,897,1814409609601416,1814409609739250,1814409609755375,1814409610268083,gpu_delivered,16125,137834,0,0,0,4.9127265810966492e-08,,,,,none
899,898,1814409610268083,1814409610405458,1814409610423208,1814409610934750,gpu_delivered,17750,137375,0,0,0,4.6100467443466187e-08,,,,,none
900,899,1814409610934750,1814409611072791,1814409611087875,1814409611601416,gpu_delivered,15084,138041,0,0,0,4.2840838432312012e-08,,,,,none
901,900,1814409611601416,1814409611733791,1814409611748208,1814409612268083,gpu_delivered,14417,132375,0,0,0,3.119930624961853e-08,,,,,none
902,901,1814409612268083,1814409612403875,1814409612418375,1814409612934750,cpu_fallback,14500,135792,0,0,0,0,,,,,none
903,902,1814409612934750,1814409613070333,1814409613085541,1814409613601416,gpu_delivered,15208,135583,0,0,0,3.6321580410003662e-08,,,,,none
904,903,1814409613601416,1814409613697333,1814409613713166,1814409614268083,gpu_delivered,15833,95917,0,0,0,4.1909515857696533e-08,,,,,none
905,904,1814409614268083,1814409614418958,1814409614433958,1814409614934750,gpu_delivered,15000,150875,0,0,0,3.9581209421157837e-08,,,,,none
906,905,1814409614934750,1814409614981000,1814409614998166,1814409615601416,gpu_delivered,17166,46250,0,0,0,6.3329935073852539e-08,,,,,none
907,906,1814409615601416,1814409615764125,1814409615784208,1814409616268083,gpu_delivered,20083,162709,0,0,0,4.062894731760025e-08,,,,,none
908,907,1814409616268083,1814409616399625,1814409616416750,1814409616934750,gpu_delivered,17125,131542,0,0,0,4.2840838432312012e-08,,,,,none
909,908,1814409616934750,1814409617040333,1814409617055541,1814409617601416,gpu_delivered,15208,105583,0,0,0,4.7963112592697144e-08,,,,,none
910,909,1814409617601416,1814409617746375,1814409617762500,1814409618268083,gpu_delivered,16125,144959,0,0,0,3.8649886846542358e-08,,,,,none
911,910,1814409618268083,1814409618332791,1814409618347416,1814409618934750,gpu_delivered,14625,64708,0,0,0,4.5169144868850708e-08,,,,,none
912,911,1814409618934750,1814409619085708,1814409619099833,1814409619601416,gpu_delivered,14125,150958,0,0,0,3.3527612686157227e-08,,,,,none
913,912,1814409619601416,1814409619703583,1814409619718958,1814409620268083,gpu_delivered,15375,102167,0,0,0,4.1443854570388794e-08,,,,,none
914,913,1814409620268083,1814409620412000,1814409620426750,1814409620934750,gpu_delivered,14750,143917,0,0,0,4.7031790018081665e-08,,,,,none
915,914,1814409620934750,1814409621065708,1814409621082333,1814409621601416,gpu_delivered,16625,130958,0,0,0,4.1443854570388794e-08,,,,,none
916,915,1814409621601416,1814409621735291,1814409621749625,1814409622268083,gpu_delivered,14334,133875,0,0,0,4.8428773880004883e-08,,,,,none
917,916,1814409622268083,1814409622315833,1814409622347541,1814409622934750,gpu_delivered,31708,47750,0,0,0,4.4703483581542969e-08,,,,,none
918,917,1814409622934750,1814409623089958,1814409623105000,1814409623601416,gpu_delivered,15042,155208,0,0,0,5.8440491557121277e-08,,,,,none
919,918,1814409623601416,1814409623730208,1814409623743708,1814409624268083,gpu_delivered,13500,128792,0,0,0,5.0989910960197449e-08,,,,,none
920,919,1814409624268083,1814409624296500,1814409624311708,1814409624934750,gpu_delivered,15208,28417,0,0,0,3.8649886846542358e-08,,,,,none
921,920,1814409624934750,1814409625095500,1814409625110125,1814409625601416,gpu_delivered,14625,160750,0,0,0,4.2840838432312012e-08,,,,,none
922,921,1814409625601416,1814409625668583,1814409625683625,1814409626268083,gpu_delivered,15042,67167,0,0,0,3.0267983675003052e-08,,,,,none
923,922,1814409626268083,1814409626426208,1814409626447041,1814409626934750,gpu_delivered,20833,158125,0,0,0,4.8894435167312622e-08,,,,,none
924,923,1814409626934750,1814409627074375,1814409627093541,1814409627601416,gpu_delivered,19166,139625,0,0,0,4.377216100692749e-08,,,,,none
925,924,1814409627601416,1814409627737791,1814409627752750,1814409628268083,gpu_delivered,14959,136375,0,0,0,4.7497451305389404e-08,,,,,none
926,925,1814409628268083,1814409628400750,1814409628414458,1814409628934750,gpu_delivered,13708,132667,0,0,0,5.8673322200775146e-08,,,,,none
927,926,1814409628934750,1814409629076708,1814409629098500,1814409629601416,gpu_delivered,21792,141958,0,0,0,4.8079527914524078e-08,,,,,none
928,927,1814409629601416,1814409629750000,1814409629766125,1814409630268083,gpu_delivered,16125,148584,0,0,0,3.9115548133850098e-08,,,,,none
929,928,1814409630268083,1814409630402416,1814409630417000,1814409630934750,gpu_delivered,14584,134333,0,0,0,3.2829120755195618e-08,,,,,none
930,929,1814409630934750,1814409631090916,1814409631105416,1814409631601416,gpu_delivered,14500,156166,0,0,0,4.0163286030292511e-08,,,,,none
931,930,1814409631601416,1814409631750291,1814409631764750,1814409632268083,gpu_delivered,14459,148875,0,0,0,3.166496753692627e-08,,,,,none
932,931,1814409632268083,1814409632372375,1814409632386416,1814409632934750,gpu_delivered,14041,104292,0,0,0,3.901368472725153e-08,,,,,none
933,932,1814409632934750,1814409633102166,1814409633116875,1814409633601416,gpu_delivered,14709,167416,0,0,0,2.7008354663848877e-08,,,,,none
934,933,1814409633601416,1814409633703083,1814409633717375,1814409634268083,gpu_delivered,14292,101667,0,0,0,5.2154064178466797e-08,,,,,none
935,934,1814409634268083,1814409634415125,1814409634433916,1814409634934750,gpu_delivered,18791,147042,0,0,0,3.6787241697311401e-08,,,,,none
936,935,1814409634934750,1814409635088791,1814409635104250,1814409635601416,cpu_fallback,15459,154041,0,0,0,0,,,,,none
937,936,1814409635601416,1814409635705958,1814409635723375,1814409636268083,cpu_fallback,17417,104542,0,0,0,0,,,,,none
938,937,1814409636268083,1814409636434416,1814409636450083,1814409636934750,gpu_delivered,15667,166333,0,0,0,4.0978193283081055e-08,,,,,none
939,938,1814409636934750,1814409637012416,1814409637027833,1814409637601416,cpu_fallback,15417,77666,0,0,0,0,,,,,none
940,939,1814409637601416,1814409637750166,1814409637764375,1814409638268083,gpu_delivered,14209,148750,0,0,0,5.3085386753082275e-08,,,,,none
941,940,1814409638268083,1814409638306875,1814409638320833,1814409638934750,cpu_fallback,13958,38792,0,0,0,0,,,,,none
942,941,1814409638934750,1814409639099875,1814409639118708,1814409639601416,gpu_delivered,18833,165125,0,0,0,5.4074916988611221e-08,,,,,none
943,942,1814409639601416,1814409639757416,1814409639774041,1814409640268083,cpu_fallback,16625,156000,0,0,0,0,,,,,none
944,943,1814409640268083,1814409640408583,1814409640425625,1814409640934750,gpu_delivered,17042,140500,0,0,0,3.4546246752142906e-08,,,,,none
945,944,1814409640934750,1814409641076333,1814409641095875,1814409641601416,gpu_delivered,19542,141583,0,0,0,6.3329935073852539e-08,,,,,none
946,945,1814409641601416,1814409641740333,1814409641768583,1814409642268083,cpu_fallback,28250,138917,0,0,0,0,,,,,none
947,946,1814409642268083,1814409642401583,1814409642416208,1814409642934750,gpu_delivered,14625,133500,0,0,0,4.7264620661735535e-08,,,,,none
948,947,1814409642934750,1814409643056875,1814409643072875,1814409643601416,cpu_fallback,16000,122125,0,0,0,0,,,,,none
949,948,1814409643601416,1814409643643583,1814409643662000,1814409644268083,cpu_fallback,18417,42167,0,0,0,0,,,,,none
950,949,1814409644268083,1814409644424083,1814409644439083,1814409644934750,gpu_delivered,15000,156000,0,0,0,4.4354237616062164e-08,,,,,none
951,950,1814409644934750,1814409645071833,1814409645085625,1814409645601416,cpu_fallback,13792,137083,0,0,0,0,,,,,none
952,951,1814409645601416,1814409645737666,1814409645751416,1814409646268083,cpu_fallback,13750,136250,0,0,0,0,,,,,none
953,952,1814409646268083,1814409646456416,1814409646488125,1814409646934750,gpu_delivered,31709,188333,0,0,0,3.1737727113068104e-08,,,,,none
954,953,1814409646934750,1814409647055875,1814409647072333,1814409647601416,gpu_delivered,16458,121125,0,0,0,5.029141902923584e-08,,,,,none
955,954,1814409647601416,1814409647793916,1814409647809000,1814409648268083,gpu_delivered,15084,192500,0,0,0,5.005858838558197e-08,,,,,none
956,955,1814409648268083,1814409648383500,1814409648402125,1814409648934750,gpu_delivered,18625,115417,0,0,0,7.6834112405776978e-08,,,,,none
957,956,1814409648934750,1814409649075208,1814409649105291,1814409649601416,cpu_fallback,30083,140458,0,0,0,0,,,,,none
958,957,1814409649601416,1814409649736750,1814409649753625,1814409650268083,cpu_fallback,16875,135334,0,0,0,0,,,,,none
959,958,1814409650268083,1814409650465375,1814409650482791,1814409650934750,gpu_delivered,17416,197292,0,0,0,4.6566128730773926e-08,,,,,none
960,959,1814409650934750,1814409651059666,1814409651079208,1814409651601416,cpu_fallback,19542,124916,0,0,0,0,,,,,none
961,960,1814409651601416,1814409651746083,1814409651765625,1814409652268083,cpu_fallback,19542,144667,0,0,0,0,,,,,none
962,961,1814409652268083,1814409652430833,1814409652470416,1814409652934750,gpu_delivered,39583,162750,0,0,0,4.1909515857696533e-08,,,,,none
963,962,1814409652934750,1814409653028208,1814409653043625,1814409653601416,cpu_fallback,15417,93458,0,0,0,0,,,,,none
964,963,1814409653601416,1814409653751583,1814409653770125,1814409654268083,gpu_delivered,18542,150167,0,0,0,4.9360096454620361e-08,,,,,none
965,964,1814409654268083,1814409654350833,1814409654370166,1814409654934750,gpu_delivered,19333,82750,0,0,0,4.2375177145004272e-08,,,,,none
966,965,1814409654934750,1814409655111875,1814409655128125,1814409655601416,gpu_delivered,16250,177125,0,0,0,6.891787052154541e-08,,,,,none
967,966,1814409655601416,1814409655694750,1814409655709083,1814409656268083,gpu_delivered,14333,93334,0,0,0,3.7252902984619141e-08,,,,,none
968,967,1814409656268083,1814409656386625,1814409656400041,1814409656934750,gpu_delivered,13416,118542,0,0,0,2.9802322387695312e-08,,,,,none
969,968,1814409656934750,1814409657075750,1814409657091083,1814409657601416,gpu_delivered,15333,141000,0,0,0,4.2375177145004272e-08,,,,,none
970,969,1814409657601416,1814409657733541,1814409657748666,1814409658268083,gpu_delivered,15125,132125,0,0,0,4.2840838432312012e-08,,,,,none
971,970,1814409658268083,1814409658387833,1814409658406458,1814409658934750,gpu_delivered,18625,119750,0,0,0,5.4016709327697754e-08,,,,,none
972,971,1814409658934750,1814409659076125,1814409659099750,1814409659601416,gpu_delivered,23625,141375,0,0,0,5.2619725465774536e-08,,,,,none
973,972,1814409659601416,1814409659735875,1814409659754333,1814409660268083,gpu_delivered,18458,134459,0,0,0,4.4761691242456436e-08,,,,,none
974,973,1814409660268083,1814409660436416,1814409660451500,1814409660934750,gpu_delivered,15084,168333,0,0,0,5.4016709327697754e-08,,,,,none
975,974,1814409660934750,1814409660982208,1814409660996375,1814409661601416,gpu_delivered,14167,47458,0,0,0,4.8894435167312622e-08,,,,,none
976,975,1814409661601416,1814409661816625,1814409661831500,1814409662268083,gpu_delivered,14875,215209,0,0,0,4.7381035983562469e-08,,,,,none
977,976,1814409662268083,1814409662385750,1814409662400958,1814409662934750,cpu_fallback,15208,117667,0,0,0,0,,,,,none
978,977,1814409662934750,1814409663124333,1814409663138916,1814409663601416,cpu_fallback,14583,189583,0,0,0,0,,,,,none
979,978,1814409663601416,1814409663727583,1814409663743375,1814409664268083,cpu_fallback,15792,126167,0,0,0,0,,,,,none
980,979,1814409664268083,1814409664403916,1814409664420250,1814409664934750,cpu_fallback,16334,135833,0,0,0,0,,,,,none
981,980,1814409664934750,1814409665067750,1814409665083250,1814409665601416,gpu_delivered,15500,133000,0,0,0,3.2596290111541748e-08,,,,,none
982,981,1814409665601416,1814409665738666,1814409665753166,1814409666268083,gpu_delivered,14500,137250,0,0,0,4.7497451305389404e-08,,,,,none
983,982,1814409666268083,1814409666405875,1814409666424500,1814409666934750,gpu_delivered,18625,137792,0,0,0,3.6321580410003662e-08,,,,,none
984,983,1814409666934750,1814409666996583,1814409667011750,1814409667601416,cpu_fallback,15167,61833,0,0,0,0,,,,,none
985,984,1814409667601416,1814409667761041,1814409667776291,1814409668268083,gpu_delivered,15250,159625,0,0,0,6.0535967350006104e-08,,,,,none
986,985,1814409668268083,1814409668397541,1814409668411500,1814409668934750,cpu_fallback,13959,129458,0,0,0,0,,,,,none
987,986,1814409668934750,1814409669071166,1814409669085000,1814409669601416,gpu_delivered,13834,136416,0,0,0,3.4458935260772705e-08,,,,,none
988,987,1814409669601416,1814409669642416,1814409669655875,1814409670268083,gpu_delivered,13459,41000,0,0,0,4.9825757741928101e-08,,,,,none
989,988,1814409670268083,1814409670335416,1814409670349375,1814409670934750,gpu_delivered,13959,67333,0,0,0,4.7686626203358173e-08,,,,,none
990,989,1814409670934750,1814409671114375,1814409671145250,1814409671601416,gpu_delivered,30875,179625,0,0,0,3.6321580410003662e-08,,,,,none
991,990,1814409671601416,1814409671723041,1814409671751791,1814409672268083,cpu_fallback,28750,121625,0,0,0,0,,,,,none
992,991,1814409672268083,1814409672413458,1814409672434750,1814409672934750,gpu_delivered,21292,145375,0,0,0,6.2165781855583191e-08,,,,,none
993,992,1814409672934750,1814409673068125,1814409673083250,1814409673601416,gpu_delivered,15125,133375,0,0,0,3.3993273973464966e-08,,,,,none
994,993,1814409673601416,1814409673704333,1814409673718666,1814409674268083,gpu_delivered,14333,102917,0,0,0,4.0978193283081055e-08,,,,,none
995,994,1814409674268083,1814409674409708,1814409674424416,1814409674934750,gpu_delivered,14708,141625,0,0,0,6.7986547946929932e-08,,,,,none
996,995,1814409674934750,1814409675072000,1814409675090958,1814409675601416,gpu_delivered,18958,137250,0,0,0,3.905734047293663e-08,,,,,none
997,996,1814409675601416,1814409675738333,1814409675753750,1814409676268083,gpu_delivered,15417,136917,0,0,0,4.377216100692749e-08,,,,,none
998,997,1814409676268083,1814409676401625,1814409676417208,1814409676934750,gpu_delivered,15583,133542,0,0,0,3.9581209421157837e-08,,,,,none
999,998,1814409676934750,1814409677071416,1814409677090250,1814409677601416,gpu_delivered,18834,136666,0,0,0,4.5634806156158447e-08,,,,,none
1000,999,1814409677601416,1814409677733375,1814409677748375,1814409678268083,cpu_fallback,15000,131959,0,0,0,0,,,,,none
