block,delivered_input_sequence,scheduled_ns,start_ns,end_ns,deadline_ns,selected,callback_ns,start_lateness_ns,deadline_missed,mismatch_count,nonfinite_mismatch_count,max_finite_abs_error,first_mismatch_channel,first_mismatch_frame,first_actual,first_expected,first_mismatch_kind
0,,1814412498845791,1814412498845833,1814412498876958,1814412499512457,priming,31125,42,0,0,0,0,,,,,none
1,0,1814412499512457,1814412499771541,1814412499803750,1814412500179124,cpu_fallback,32209,259084,0,0,0,0,,,,,none
2,1,1814412500179124,1814412500285000,1814412500302250,1814412500845791,cpu_fallback,17250,105876,0,0,0,0,,,,,none
3,2,1814412500845791,1814412501336458,1814412501353458,1814412501512457,cpu_fallback,17000,490667,0,0,0,0,,,,,none
4,3,1814412501512457,1814412501649625,1814412501666541,1814412502179124,cpu_fallback,16916,137168,0,0,0,0,,,,,none
5,4,1814412502179124,1814412503990125,1814412504660166,1814412502845791,cpu_fallback,670041,1811001,1,0,0,0,,,,,none
6,5,1814412502845791,1814412504660583,1814412504674416,1814412503512457,cpu_fallback,13833,1814792,1,0,0,0,,,,,none
7,6,1814412503512457,1814412504674500,1814412504687916,1814412504179124,cpu_fallback,13416,1162043,1,0,0,0,,,,,none
8,7,1814412504179124,1814412504687958,1814412504701208,1814412504845791,cpu_fallback,13250,508834,0,0,0,0,,,,,none
9,8,1814412504845791,1814412504980500,1814412505100875,1814412505512457,cpu_fallback,120375,134709,0,0,0,0,,,,,none
10,9,1814412505512457,1814412505626416,1814412505782833,1814412506179124,cpu_fallback,156417,113959,0,0,0,0,,,,,none
11,10,1814412506179124,1814412506644500,1814412506660875,1814412506845791,cpu_fallback,16375,465376,0,0,0,0,,,,,none
12,11,1814412506845791,1814412507066458,1814412507081541,1814412507512457,cpu_fallback,15083,220667,0,0,0,0,,,,,none
13,12,1814412507512457,1814412507710333,1814412507729750,1814412508179124,cpu_fallback,19417,197876,0,0,0,0,,,,,none
14,13,1814412508179124,1814412508318500,1814412508336166,1814412508845791,cpu_fallback,17666,139376,0,0,0,0,,,,,none
15,14,1814412508845791,1814412508987041,1814412509003333,1814412509512457,cpu_fallback,16292,141250,0,0,0,0,,,,,none
16,15,1814412509512457,1814412509661958,1814412509678500,1814412510179124,cpu_fallback,16542,149501,0,0,0,0,,,,,none
17,16,1814412510179124,1814412510325125,1814412510344208,1814412510845791,cpu_fallback,19083,146001,0,0,0,0,,,,,none
18,17,1814412510845791,1814412511038291,1814412511121583,1814412511512457,cpu_fallback,83292,192500,0,0,0,0,,,,,none
19,18,1814412511512457,1814412511649083,1814412511666833,1814412512179124,cpu_fallback,17750,136626,0,0,0,0,,,,,none
20,19,1814412512179124,1814412512383166,1814412512441291,1814412512845791,cpu_fallback,58125,204042,0,0,0,0,,,,,none
21,20,1814412512845791,1814412514695791,1814412514729125,1814412513512457,cpu_fallback,33334,1850000,1,0,0,0,,,,,none
22,21,1814412513512457,1814412514729208,1814412514767166,1814412514179124,cpu_fallback,37958,1216751,1,0,0,0,,,,,none
23,22,1814412514179124,1814412514767333,1814412514781708,1814412514845791,cpu_fallback,14375,588209,0,0,0,0,,,,,none
24,23,1814412514845791,1814412515146958,1814412515161583,1814412515512457,cpu_fallback,14625,301167,0,0,0,0,,,,,none
25,24,1814412515512457,1814412515800375,1814412516248541,1814412516179124,cpu_fallback,448166,287918,1,0,0,0,,,,,none
26,25,1814412516179124,1814412516248708,1814412516264333,1814412516845791,cpu_fallback,15625,69584,0,0,0,0,,,,,none
27,26,1814412516845791,1814412517722875,1814412517772541,1814412517512457,cpu_fallback,49666,877084,1,0,0,0,,,,,none
28,27,1814412517512457,1814412517773000,1814412517786666,1814412518179124,cpu_fallback,13666,260543,0,0,0,0,,,,,none
29,28,1814412518179124,1814412521267875,1814412521287541,1814412518845791,cpu_fallback,19666,3088751,1,0,0,0,,,,,none
30,29,1814412518845791,1814412521287833,1814412521302541,1814412519512457,cpu_fallback,14708,2442042,1,0,0,0,,,,,none
31,30,1814412519512457,1814412521302625,1814412521318041,1814412520179124,cpu_fallback,15416,1790168,1,0,0,0,,,,,none
32,31,1814412520179124,1814412521318125,1814412521333500,1814412520845791,cpu_fallback,15375,1139001,1,0,0,0,,,,,none
33,32,1814412520845791,1814412521333541,1814412521349166,1814412521512457,cpu_fallback,15625,487750,0,0,0,0,,,,,none
34,33,1814412521512457,1814412521563208,1814412521580791,1814412522179124,cpu_fallback,17583,50751,0,0,0,0,,,,,none
35,34,1814412522179124,1814412522338791,1814412522356333,1814412522845791,cpu_fallback,17542,159667,0,0,0,0,,,,,none
36,35,1814412522845791,1814412522977416,1814412522995208,1814412523512457,cpu_fallback,17792,131625,0,0,0,0,,,,,none
37,36,1814412523512457,1814412523697791,1814412523714166,1814412524179124,cpu_fallback,16375,185334,0,0,0,0,,,,,none
38,37,1814412524179124,1814412524304208,1814412524319833,1814412524845791,cpu_fallback,15625,125084,0,0,0,0,,,,,none
39,38,1814412524845791,1814412524984666,1814412525001250,1814412525512457,cpu_fallback,16584,138875,0,0,0,0,,,,,none
40,39,1814412525512457,1814412525648458,1814412525667500,1814412526179124,cpu_fallback,19042,136001,0,0,0,0,,,,,none
41,40,1814412526179124,1814412526317333,1814412526332958,1814412526845791,cpu_fallback,15625,138209,0,0,0,0,,,,,none
42,41,1814412526845791,1814412526981958,1814412526997375,1814412527512457,cpu_fallback,15417,136167,0,0,0,0,,,,,none
43,42,1814412527512457,1814412527552541,1814412527580458,1814412528179124,cpu_fallback,27917,40084,0,0,0,0,,,,,none
44,43,1814412528179124,1814412528341000,1814412528358250,1814412528845791,cpu_fallback,17250,161876,0,0,0,0,,,,,none
45,44,1814412528845791,1814412528964000,1814412528979916,1814412529512457,cpu_fallback,15916,118209,0,0,0,0,,,,,none
46,45,1814412529512457,1814412529578375,1814412529669166,1814412530179124,cpu_fallback,90791,65918,0,0,0,0,,,,,none
47,46,1814412530179124,1814412530320583,1814412530336708,1814412530845791,cpu_fallback,16125,141459,0,0,0,0,,,,,none
48,47,1814412530845791,1814412530995375,1814412531032583,1814412531512457,cpu_fallback,37208,149584,0,0,0,0,,,,,none
49,48,1814412531512457,1814412531666583,1814412531682833,1814412532179124,cpu_fallback,16250,154126,0,0,0,0,,,,,none
50,49,1814412532179124,1814412532226333,1814412532242041,1814412532845791,cpu_fallback,15708,47209,0,0,0,0,,,,,none
51,50,1814412532845791,1814412533003625,1814412533019000,1814412533512457,cpu_fallback,15375,157834,0,0,0,0,,,,,none
52,51,1814412533512457,1814412533655708,1814412533673916,1814412534179124,cpu_fallback,18208,143251,0,0,0,0,,,,,none
53,52,1814412534179124,1814412534342541,1814412534357458,1814412534845791,cpu_fallback,14917,163417,0,0,0,0,,,,,none
54,53,1814412534845791,1814412534979583,1814412534995833,1814412535512457,cpu_fallback,16250,133792,0,0,0,0,,,,,none
55,54,1814412535512457,1814412535663291,1814412535680875,1814412536179124,cpu_fallback,17584,150834,0,0,0,0,,,,,none
56,55,1814412536179124,1814412536315708,1814412536330583,1814412536845791,cpu_fallback,14875,136584,0,0,0,0,,,,,none
57,56,1814412536845791,1814412536985541,1814412537003708,1814412537512457,cpu_fallback,18167,139750,0,0,0,0,,,,,none
58,57,1814412537512457,1814412537702291,1814412537717583,1814412538179124,cpu_fallback,15292,189834,0,0,0,0,,,,,none
59,58,1814412538179124,1814412538309958,1814412538338916,1814412538845791,cpu_fallback,28958,130834,0,0,0,0,,,,,none
60,59,1814412538845791,1814412538980541,1814412538997291,1814412539512457,cpu_fallback,16750,134750,0,0,0,0,,,,,none
61,60,1814412539512457,1814412539651583,1814412539667541,1814412540179124,cpu_fallback,15958,139126,0,0,0,0,,,,,none
62,61,1814412540179124,1814412540319833,1814412540335666,1814412540845791,cpu_fallback,15833,140709,0,0,0,0,,,,,none
63,62,1814412540845791,1814412541009375,1814412541024500,1814412541512457,cpu_fallback,15125,163584,0,0,0,0,,,,,none
64,63,1814412541512457,1814412541662625,1814412541678250,1814412542179124,cpu_fallback,15625,150168,0,0,0,0,,,,,none
65,64,1814412542179124,1814412542312125,1814412542337916,1814412542845791,cpu_fallback,25791,133001,0,0,0,0,,,,,none
66,65,1814412542845791,1814412542981750,1814412542997208,1814412543512457,cpu_fallback,15458,135959,0,0,0,0,,,,,none
67,66,1814412543512457,1814412543650250,1814412543678000,1814412544179124,cpu_fallback,27750,137793,0,0,0,0,,,,,none
68,67,1814412544179124,1814412544319291,1814412544336291,1814412544845791,cpu_fallback,17000,140167,0,0,0,0,,,,,none
69,68,1814412544845791,1814412544998875,1814412545032750,1814412545512457,cpu_fallback,33875,153084,0,0,0,0,,,,,none
70,69,1814412545512457,1814412545643500,1814412545670708,1814412546179124,cpu_fallback,27208,131043,0,0,0,0,,,,,none
71,70,1814412546179124,1814412546340000,1814412546356375,1814412546845791,cpu_fallback,16375,160876,0,0,0,0,,,,,none
72,71,1814412546845791,1814412546981750,1814412546997125,1814412547512457,cpu_fallback,15375,135959,0,0,0,0,,,,,none
73,72,1814412547512457,1814412547695000,1814412547711458,1814412548179124,cpu_fallback,16458,182543,0,0,0,0,,,,,none
74,73,1814412548179124,1814412548307375,1814412548327875,1814412548845791,cpu_fallback,20500,128251,0,0,0,0,,,,,none
75,74,1814412548845791,1814412548987708,1814412549003666,1814412549512457,cpu_fallback,15958,141917,0,0,0,0,,,,,none
76,75,1814412549512457,1814412549734500,1814412549749416,1814412550179124,cpu_fallback,14916,222043,0,0,0,0,,,,,none
77,76,1814412550179124,1814412550295000,1814412550309875,1814412550845791,cpu_fallback,14875,115876,0,0,0,0,,,,,none
78,77,1814412550845791,1814412550990458,1814412551007875,1814412551512457,cpu_fallback,17417,144667,0,0,0,0,,,,,none
79,78,1814412551512457,1814412551647291,1814412551663333,1814412552179124,cpu_fallback,16042,134834,0,0,0,0,,,,,none
80,79,1814412552179124,1814412552315583,1814412552331333,1814412552845791,cpu_fallback,15750,136459,0,0,0,0,,,,,none
81,80,1814412552845791,1814412552986875,1814412553003000,1814412553512457,cpu_fallback,16125,141084,0,0,0,0,,,,,none
82,81,1814412553512457,1814412553649625,1814412553665458,1814412554179124,cpu_fallback,15833,137168,0,0,0,0,,,,,none
83,82,1814412554179124,1814412554214125,1814412554229375,1814412554845791,cpu_fallback,15250,35001,0,0,0,0,,,,,none
84,83,1814412554845791,1814412555005333,1814412555020666,1814412555512457,cpu_fallback,15333,159542,0,0,0,0,,,,,none
85,84,1814412555512457,1814412555648083,1814412555678791,1814412556179124,cpu_fallback,30708,135626,0,0,0,0,,,,,none
86,85,1814412556179124,1814412556315083,1814412556329875,1814412556845791,cpu_fallback,14792,135959,0,0,0,0,,,,,none
87,86,1814412556845791,1814412556981375,1814412556999000,1814412557512457,gpu_delivered,17625,135584,0,0,0,3.2596290111541748e-08,,,,,none
88,87,1814412557512457,1814412557649291,1814412557668208,1814412558179124,gpu_delivered,18917,136834,0,0,0,2.9569491744041443e-08,,,,,none
89,88,1814412558179124,1814412558347500,1814412558365875,1814412558845791,gpu_delivered,18375,168376,0,0,0,3.4924596548080444e-08,,,,,none
90,89,1814412558845791,1814412558995875,1814412559014083,1814412559512457,gpu_delivered,18208,150084,0,0,0,4.377216100692749e-08,,,,,none
91,90,1814412559512457,1814412559547583,1814412559562625,1814412560179124,cpu_fallback,15042,35126,0,0,0,0,,,,,none
92,91,1814412560179124,1814412560190833,1814412560205250,1814412560845791,gpu_delivered,14417,11709,0,0,0,4.5110937207937241e-08,,,,,none
93,92,1814412560845791,1814412560881583,1814412560896875,1814412561512457,gpu_delivered,15292,35792,0,0,0,3.795139491558075e-08,,,,,none
94,93,1814412561512457,1814412561734166,1814412561751750,1814412562179124,gpu_delivered,17584,221709,0,0,0,4.8428773880004883e-08,,,,,none
95,94,1814412562179124,1814412562330875,1814412562345458,1814412562845791,cpu_fallback,14583,151751,0,0,0,0,,,,,none
96,95,1814412562845791,1814412562988375,1814412563009666,1814412563512457,gpu_delivered,21291,142584,0,0,0,4.5634806156158447e-08,,,,,none
97,96,1814412563512457,1814412563610000,1814412563627500,1814412564179124,gpu_delivered,17500,97543,0,0,0,7.2177499532699585e-08,,,,,none
98,97,1814412564179124,1814412564349708,1814412564366083,1814412564845791,gpu_delivered,16375,170584,0,0,0,3.3527612686157227e-08,,,,,none
99,98,1814412564845791,1814412564987333,1814412565004541,1814412565512457,gpu_delivered,17208,141542,0,0,0,4.377216100692749e-08,,,,,none
100,99,1814412565512457,1814412565655791,1814412565672958,1814412566179124,gpu_delivered,17167,143334,0,0,0,6.1001628637313843e-08,,,,,none
101,100,1814412566179124,1814412566313083,1814412566341416,1814412566845791,gpu_delivered,28333,133959,0,0,0,3.9581209421157837e-08,,,,,none
102,101,1814412566845791,1814412566989583,1814412567005458,1814412567512457,gpu_delivered,15875,143792,0,0,0,3.5855919122695923e-08,,,,,none
103,102,1814412567512457,1814412567650208,1814412567666625,1814412568179124,cpu_fallback,16417,137751,0,0,0,0,,,,,none
104,103,1814412568179124,1814412568315000,1814412568330666,1814412568845791,gpu_delivered,15666,135876,0,0,0,4.8894435167312622e-08,,,,,none
105,104,1814412568845791,1814412569012791,1814412569027875,1814412569512457,gpu_delivered,15084,167000,0,0,0,3.14321368932724e-08,,,,,none
106,105,1814412569512457,1814412569643625,1814412569660250,1814412570179124,gpu_delivered,16625,131168,0,0,0,3.6787241697311401e-08,,,,,none
107,106,1814412570179124,1814412570317375,1814412570333041,1814412570845791,gpu_delivered,15666,138251,0,0,0,4.0046870708465576e-08,,,,,none
108,107,1814412570845791,1814412570996291,1814412571014375,1814412571512457,gpu_delivered,18084,150500,0,0,0,4.1909515857696533e-08,,,,,none
109,108,1814412571512457,1814412571646125,1814412571668625,1814412572179124,gpu_delivered,22500,133668,0,0,0,5.4016709327697754e-08,,,,,none
110,109,1814412572179124,1814412572319083,1814412572333791,1814412572845791,gpu_delivered,14708,139959,0,0,0,4.5634806156158447e-08,,,,,none
111,110,1814412572845791,1814412572992958,1814412573011958,1814412573512457,gpu_delivered,19000,147167,0,0,0,7.1711838245391846e-08,,,,,none
112,111,1814412573512457,1814412573654166,1814412573670625,1814412574179124,gpu_delivered,16459,141709,0,0,0,5.4482370615005493e-08,,,,,none
113,112,1814412574179124,1814412574314083,1814412574328625,1814412574845791,gpu_delivered,14542,134959,0,0,0,4.5169144868850708e-08,,,,,none
114,113,1814412574845791,1814412574938291,1814412574953541,1814412575512457,gpu_delivered,15250,92500,0,0,0,5.029141902923584e-08,,,,,none
115,114,1814412575512457,1814412575562291,1814412575630125,1814412576179124,gpu_delivered,67834,49834,0,0,0,3.9115548133850098e-08,,,,,none
116,115,1814412576179124,1814412576329375,1814412576345708,1814412576845791,gpu_delivered,16333,150251,0,0,0,4.1909515857696533e-08,,,,,none
117,116,1814412576845791,1814412577008166,1814412577025583,1814412577512457,cpu_fallback,17417,162375,0,0,0,0,,,,,none
118,117,1814412577512457,1814412577649666,1814412577666375,1814412578179124,cpu_fallback,16709,137209,0,0,0,0,,,,,none
119,118,1814412578179124,1814412578318500,1814412578347375,1814412578845791,gpu_delivered,28875,139376,0,0,0,3.2596290111541748e-08,,,,,none
120,119,1814412578845791,1814412578980166,1814412578997166,1814412579512457,gpu_delivered,17000,134375,0,0,0,4.2840838432312012e-08,,,,,none
121,120,1814412579512457,1814412579653250,1814412579670416,1814412580179124,gpu_delivered,17166,140793,0,0,0,3.6321580410003662e-08,,,,,none
122,121,1814412580179124,1814412580250541,1814412580266916,1814412580845791,gpu_delivered,16375,71417,0,0,0,4.7497451305389404e-08,,,,,none
123,122,1814412580845791,1814412580998541,1814412581025916,1814412581512457,gpu_delivered,27375,152750,0,0,0,6.4144842326641083e-08,,,,,none
124,123,1814412581512457,1814412581641750,1814412581658458,1814412582179124,gpu_delivered,16708,129293,0,0,0,4.4237822294235229e-08,,,,,none
125,124,1814412582179124,1814412582320041,1814412582340208,1814412582845791,gpu_delivered,20167,140917,0,0,0,4.6798959374427795e-08,,,,,none
126,125,1814412582845791,1814412582980041,1814412583007541,1814412583512457,gpu_delivered,27500,134250,0,0,0,5.3085386753082275e-08,,,,,none
127,126,1814412583512457,1814412583683333,1814412583701125,1814412584179124,cpu_fallback,17792,170876,0,0,0,0,,,,,none
128,127,1814412584179124,1814412584310166,1814412584327000,1814412584845791,gpu_delivered,16834,131042,0,0,0,4.534376785159111e-08,,,,,none
129,128,1814412584845791,1814412584994208,1814412585011458,1814412585512457,gpu_delivered,17250,148417,0,0,0,4.5634806156158447e-08,,,,,none
130,129,1814412585512457,1814412585644625,1814412585661000,1814412586179124,gpu_delivered,16375,132168,0,0,0,3.2130628824234009e-08,,,,,none
131,130,1814412586179124,1814412586319958,1814412586338583,1814412586845791,gpu_delivered,18625,140834,0,0,0,5.1222741603851318e-08,,,,,none
132,131,1814412586845791,1814412586979291,1814412586995583,1814412587512457,cpu_fallback,16292,133500,0,0,0,0,,,,,none
133,132,1814412587512457,1814412587649583,1814412587665083,1814412588179124,gpu_delivered,15500,137126,0,0,0,4.0978193283081055e-08,,,,,none
134,133,1814412588179124,1814412588315250,1814412588329583,1814412588845791,gpu_delivered,14333,136126,0,0,0,4.3306499719619751e-08,,,,,none
135,134,1814412588845791,1814412588993208,1814412589008166,1814412589512457,gpu_delivered,14958,147417,0,0,0,4.8894435167312622e-08,,,,,none
136,135,1814412589512457,1814412589664750,1814412589694791,1814412590179124,gpu_delivered,30041,152293,0,0,0,3.2596290111541748e-08,,,,,none
137,136,1814412590179124,1814412590310250,1814412590325916,1814412590845791,gpu_delivered,15666,131126,0,0,0,2.9336661100387573e-08,,,,,none
138,137,1814412590845791,1814412590970708,1814412590985708,1814412591512457,gpu_delivered,15000,124917,0,0,0,3.9115548133850098e-08,,,,,none
139,138,1814412591512457,1814412591627041,1814412591642375,1814412592179124,gpu_delivered,15334,114584,0,0,0,5.9604644775390625e-08,,,,,none
140,139,1814412592179124,1814412592321041,1814412592336041,1814412592845791,gpu_delivered,15000,141917,0,0,0,5.634501576423645e-08,,,,,none
141,140,1814412592845791,1814412592989625,1814412593006666,1814412593512457,cpu_fallback,17041,143834,0,0,0,0,,,,,none
142,141,1814412593512457,1814412593648125,1814412593665041,1814412594179124,gpu_delivered,16916,135668,0,0,0,5.657784640789032e-08,,,,,none
143,142,1814412594179124,1814412594230333,1814412594247125,1814412594845791,gpu_delivered,16792,51209,0,0,0,4.1676685214042664e-08,,,,,none
144,143,1814412594845791,1814412595016250,1814412595032500,1814412595512457,gpu_delivered,16250,170459,0,0,0,4.1676685214042664e-08,,,,,none
145,144,1814412595512457,1814412595671291,1814412595686500,1814412596179124,gpu_delivered,15209,158834,0,0,0,3.4458935260772705e-08,,,,,none
146,145,1814412596179124,1814412596259666,1814412596275208,1814412596845791,cpu_fallback,15542,80542,0,0,0,0,,,,,none
147,146,1814412596845791,1814412596994166,1814412597010000,1814412597512457,gpu_delivered,15834,148375,0,0,0,4.6566128730773926e-08,,,,,none
148,147,1814412597512457,1814412597692541,1814412597730458,1814412598179124,gpu_delivered,37917,180084,0,0,0,3.3527612686157227e-08,,,,,none
149,148,1814412598179124,1814412598259916,1814412598294625,1814412598845791,cpu_fallback,34709,80792,0,0,0,0,,,,,none
150,149,1814412598845791,1814412599009875,1814412599026916,1814412599512457,gpu_delivered,17041,164084,0,0,0,4.7031790018081665e-08,,,,,none
151,150,1814412599512457,1814412599697416,1814412599712333,1814412600179124,gpu_delivered,14917,184959,0,0,0,5.1222741603851318e-08,,,,,none
152,151,1814412600179124,1814412600271416,1814412600287041,1814412600845791,gpu_delivered,15625,92292,0,0,0,4.0978193283081055e-08,,,,,none
153,152,1814412600845791,1814412601030083,1814412601078083,1814412601512457,gpu_delivered,48000,184292,0,0,0,4.377216100692749e-08,,,,,none
154,153,1814412601512457,1814412601643958,1814412601662041,1814412602179124,gpu_delivered,18083,131501,0,0,0,5.4948031902313232e-08,,,,,none
155,154,1814412602179124,1814412602326666,1814412602342583,1814412602845791,gpu_delivered,15917,147542,0,0,0,4.4703483581542969e-08,,,,,none
156,155,1814412602845791,1814412602978125,1814412602993458,1814412603512457,gpu_delivered,15333,132334,0,0,0,7.4505805969238281e-08,,,,,none
157,156,1814412603512457,1814412603656666,1814412603671833,1814412604179124,gpu_delivered,15167,144209,0,0,0,5.1686583901755512e-08,,,,,none
158,157,1814412604179124,1814412604322458,1814412604338250,1814412604845791,gpu_delivered,15792,143334,0,0,0,4.0803570300340652e-08,,,,,none
159,158,1814412604845791,1814412604991541,1814412605006958,1814412605512457,gpu_delivered,15417,145750,0,0,0,4.6566128730773926e-08,,,,,none
160,159,1814412605512457,1814412605642541,1814412605656625,1814412606179124,gpu_delivered,14084,130084,0,0,0,5.4948031902313232e-08,,,,,none
161,160,1814412606179124,1814412606232291,1814412606247541,1814412606845791,gpu_delivered,15250,53167,0,0,0,5.5413693189620972e-08,,,,,none
162,161,1814412606845791,1814412607003333,1814412607019958,1814412607512457,gpu_delivered,16625,157542,0,0,0,3.771856427192688e-08,,,,,none
163,162,1814412607512457,1814412607601625,1814412607617916,1814412608179124,gpu_delivered,16291,89168,0,0,0,4.1909515857696533e-08,,,,,none
164,163,1814412608179124,1814412608331875,1814412608348708,1814412608845791,gpu_delivered,16833,152751,0,0,0,3.9115548133850098e-08,,,,,none
165,164,1814412608845791,1814412608926208,1814412608954541,1814412609512457,gpu_delivered,28333,80417,0,0,0,3.6321580410003662e-08,,,,,none
166,165,1814412609512457,1814412609668541,1814412609687250,1814412610179124,gpu_delivered,18709,156084,0,0,0,3.7252902984619141e-08,,,,,none
167,166,1814412610179124,1814412610311708,1814412610327791,1814412610845791,cpu_fallback,16083,132584,0,0,0,0,,,,,none
168,167,1814412610845791,1814412610980500,1814412610995750,1814412611512457,gpu_delivered,15250,134709,0,0,0,4.1909515857696533e-08,,,,,none
169,168,1814412611512457,1814412611649750,1814412611664291,1814412612179124,gpu_delivered,14541,137293,0,0,0,3.8649886846542358e-08,,,,,none
170,169,1814412612179124,1814412612316791,1814412612336333,1814412612845791,gpu_delivered,19542,137667,0,0,0,6.263144314289093e-08,,,,,none
171,170,1814412612845791,1814412612864333,1814412612880875,1814412613512457,gpu_delivered,16542,18542,0,0,0,4.7497451305389404e-08,,,,,none
172,171,1814412613512457,1814412613574166,1814412613597875,1814412614179124,gpu_delivered,23709,61709,0,0,0,5.7945726439356804e-08,,,,,none
173,172,1814412614179124,1814412614298000,1814412614314750,1814412614845791,gpu_delivered,16750,118876,0,0,0,4.0512531995773315e-08,,,,,none
174,173,1814412614845791,1814412614998166,1814412615052750,1814412615512457,gpu_delivered,54584,152375,0,0,0,3.9115548133850098e-08,,,,,none
175,174,1814412615512457,1814412615639791,1814412615657666,1814412616179124,cpu_fallback,17875,127334,0,0,0,0,,,,,none
176,175,1814412616179124,1814412616319083,1814412616335208,1814412616845791,gpu_delivered,16125,139959,0,0,0,3.6088749766349792e-08,,,,,none
177,176,1814412616845791,1814412616981416,1814412616996750,1814412617512457,gpu_delivered,15334,135625,0,0,0,4.2375177145004272e-08,,,,,none
178,177,1814412617512457,1814412617647791,1814412617664416,1814412618179124,cpu_fallback,16625,135334,0,0,0,0,,,,,none
179,178,1814412618179124,1814412618318791,1814412618338458,1814412618845791,gpu_delivered,19667,139667,0,0,0,4.5634806156158447e-08,,,,,none
180,179,1814412618845791,1814412618944541,1814412618961291,1814412619512457,gpu_delivered,16750,98750,0,0,0,5.8673322200775146e-08,,,,,none
181,180,1814412619512457,1814412619597416,1814412619613250,1814412620179124,gpu_delivered,15834,84959,0,0,0,4.4470652937889099e-08,,,,,none
182,181,1814412620179124,1814412620257333,1814412620272916,1814412620845791,gpu_delivered,15583,78209,0,0,0,4.8661604523658752e-08,,,,,none
183,182,1814412620845791,1814412620997166,1814412621015125,1814412621512457,gpu_delivered,17959,151375,0,0,0,4.0279701352119446e-08,,,,,none
184,183,1814412621512457,1814412621648125,1814412621677125,1814412622179124,cpu_fallback,29000,135668,0,0,0,0,,,,,none
185,184,1814412622179124,1814412622316708,1814412622335166,1814412622845791,cpu_fallback,18458,137584,0,0,0,0,,,,,none
186,185,1814412622845791,1814412622982833,1814412623001291,1814412623512457,gpu_delivered,18458,137042,0,0,0,4.8428773880004883e-08,,,,,none
187,186,1814412623512457,1814412623649333,1814412623666083,1814412624179124,gpu_delivered,16750,136876,0,0,0,5.8440491557121277e-08,,,,,none
188,187,1814412624179124,1814412624315875,1814412624334666,1814412624845791,gpu_delivered,18791,136751,0,0,0,3.8038706406950951e-08,,,,,none
189,188,1814412624845791,1814412624887375,1814412624905708,1814412625512457,gpu_delivered,18333,41584,0,0,0,5.9604644775390625e-08,,,,,none
190,189,1814412625512457,1814412625676916,1814412625706083,1814412626179124,gpu_delivered,29167,164459,0,0,0,6.891787052154541e-08,,,,,none
191,190,1814412626179124,1814412626336375,1814412626356958,1814412626845791,cpu_fallback,20583,157251,0,0,0,0,,,,,none
192,191,1814412626845791,1814412626990958,1814412627061291,1814412627512457,gpu_delivered,70333,145167,0,0,0,4.0512531995773315e-08,,,,,none
193,192,1814412627512457,1814412627637833,1814412627653791,1814412628179124,cpu_fallback,15958,125376,0,0,0,0,,,,,none
194,193,1814412628179124,1814412628319083,1814412628336916,1814412628845791,gpu_delivered,17833,139959,0,0,0,3.166496753692627e-08,,,,,none
195,194,1814412628845791,1814412628945958,1814412628963125,1814412629512457,gpu_delivered,17167,100167,0,0,0,3.3527612686157227e-08,,,,,none
196,195,1814412629512457,1814412629662125,1814412629721625,1814412630179124,gpu_delivered,59500,149668,0,0,0,4.0046870708465576e-08,,,,,none
197,196,1814412630179124,1814412630315375,1814412630332000,1814412630845791,cpu_fallback,16625,136251,0,0,0,0,,,,,none
198,197,1814412630845791,1814412630992208,1814412631016791,1814412631512457,gpu_delivered,24583,146417,0,0,0,4.0512531995773315e-08,,,,,none
199,198,1814412631512457,1814412631644541,1814412631664333,1814412632179124,gpu_delivered,19792,132084,0,0,0,5.029141902923584e-08,,,,,none
200,199,1814412632179124,1814412632184875,1814412632201541,1814412632845791,gpu_delivered,16666,5751,0,0,0,4.7963112592697144e-08,,,,,none
201,200,1814412632845791,1814412633012041,1814412633029708,1814412633512457,gpu_delivered,17667,166250,0,0,0,7.2643160820007324e-08,,,,,none
202,201,1814412633512457,1814412633611583,1814412633638000,1814412634179124,gpu_delivered,26417,99126,0,0,0,5.1222741603851318e-08,,,,,none
203,202,1814412634179124,1814412634245791,1814412634262916,1814412634845791,gpu_delivered,17125,66667,0,0,0,5.2154064178466797e-08,,,,,none
204,203,1814412634845791,1814412635003541,1814412635019583,1814412635512457,gpu_delivered,16042,157750,0,0,0,4.377216100692749e-08,,,,,none
205,204,1814412635512457,1814412635661083,1814412635679916,1814412636179124,gpu_delivered,18833,148626,0,0,0,4.1560269892215729e-08,,,,,none
206,205,1814412636179124,1814412636314416,1814412636342125,1814412636845791,gpu_delivered,27709,135292,0,0,0,5.0407834351062775e-08,,,,,none
207,206,1814412636845791,1814412636994625,1814412637011916,1814412637512457,cpu_fallback,17291,148834,0,0,0,0,,,,,none
208,207,1814412637512457,1814412637644166,1814412637660250,1814412638179124,cpu_fallback,16084,131709,0,0,0,0,,,,,none
209,208,1814412638179124,1814412638318666,1814412638335750,1814412638845791,gpu_delivered,17084,139542,0,0,0,7.3574483394622803e-08,,,,,none
210,209,1814412638845791,1814412638980250,1814412638995208,1814412639512457,gpu_delivered,14958,134459,0,0,0,4.7963112592697144e-08,,,,,none
211,210,1814412639512457,1814412639647750,1814412639663833,1814412640179124,gpu_delivered,16083,135293,0,0,0,4.2899046093225479e-08,,,,,none
212,211,1814412640179124,1814412640371000,1814412640386625,1814412640845791,gpu_delivered,15625,191876,0,0,0,4.377216100692749e-08,,,,,none
213,212,1814412640845791,1814412640921333,1814412640937541,1814412641512457,gpu_delivered,16208,75542,0,0,0,3.9115548133850098e-08,,,,,none
214,213,1814412641512457,1814412641662708,1814412641678458,1814412642179124,gpu_delivered,15750,150251,0,0,0,3.7252902984619141e-08,,,,,none
215,214,1814412642179124,1814412642385833,1814412642424500,1814412642845791,gpu_delivered,38667,206709,0,0,0,3.795139491558075e-08,,,,,none
216,215,1814412642845791,1814412642962625,1814412643000583,1814412643512457,gpu_delivered,37958,116834,0,0,0,4.5169144868850708e-08,,,,,none
217,216,1814412643512457,1814412643663333,1814412643718541,1814412644179124,gpu_delivered,55208,150876,0,0,0,4.5634806156158447e-08,,,,,none
218,217,1814412644179124,1814412644277375,1814412644303166,1814412644845791,gpu_delivered,25791,98251,0,0,0,4.9360096454620361e-08,,,,,none
219,218,1814412644845791,1814412645044166,1814412645060083,1814412645512457,gpu_delivered,15917,198375,0,0,0,4.9127265810966492e-08,,,,,none
220,219,1814412645512457,1814412645612791,1814412645630541,1814412646179124,cpu_fallback,17750,100334,0,0,0,0,,,,,none
221,220,1814412646179124,1814412646303458,1814412646320625,1814412646845791,gpu_delivered,17167,124334,0,0,0,5.5879354476928711e-08,,,,,none
222,221,1814412646845791,1814412647011958,1814412647035708,1814412647512457,gpu_delivered,23750,166167,0,0,0,3.4226104617118835e-08,,,,,none
223,222,1814412647512457,1814412647667083,1814412647697333,1814412648179124,cpu_fallback,30250,154626,0,0,0,0,,,,,none
224,223,1814412648179124,1814412648309750,1814412648339458,1814412648845791,cpu_fallback,29708,130626,0,0,0,0,,,,,none
225,224,1814412648845791,1814412648999375,1814412649015958,1814412649512457,gpu_delivered,16583,153584,0,0,0,3.771856427192688e-08,,,,,none
226,225,1814412649512457,1814412649663208,1814412649679416,1814412650179124,gpu_delivered,16208,150751,0,0,0,4.1909515857696533e-08,,,,,none
227,226,1814412650179124,1814412650311416,1814412650329125,1814412650845791,gpu_delivered,17709,132292,0,0,0,3.6088749766349792e-08,,,,,none
228,227,1814412650845791,1814412650990458,1814412651006833,1814412651512457,gpu_delivered,16375,144667,0,0,0,4.1909515857696533e-08,,,,,none
229,228,1814412651512457,1814412651644958,1814412651669708,1814412652179124,gpu_delivered,24750,132501,0,0,0,5.2154064178466797e-08,,,,,none
230,229,1814412652179124,1814412652313000,1814412652329875,1814412652845791,gpu_delivered,16875,133876,0,0,0,5.3085386753082275e-08,,,,,none
231,230,1814412652845791,1814412652978625,1814412652995000,1814412653512457,gpu_delivered,16375,132834,0,0,0,5.3085386753082275e-08,,,,,none
232,231,1814412653512457,1814412653680333,1814412653695750,1814412654179124,gpu_delivered,15417,167876,0,0,0,3.795139491558075e-08,,,,,none
233,232,1814412654179124,1814412654308333,1814412654325625,1814412654845791,gpu_delivered,17292,129209,0,0,0,4.7963112592697144e-08,,,,,none
234,233,1814412654845791,1814412654984125,1814412655000875,1814412655512457,gpu_delivered,16750,138334,0,0,0,3.8184225559234619e-08,,,,,none
235,234,1814412655512457,1814412655646708,1814412655663958,1814412656179124,gpu_delivered,17250,134251,0,0,0,4.691537469625473e-08,,,,,none
236,235,1814412656179124,1814412656230250,1814412656246708,1814412656845791,gpu_delivered,16458,51126,0,0,0,3.2596290111541748e-08,,,,,none
237,236,1814412656845791,1814412656874791,1814412656891375,1814412657512457,gpu_delivered,16584,29000,0,0,0,3.6321580410003662e-08,,,,,none
238,237,1814412657512457,1814412657676000,1814412657704125,1814412658179124,gpu_delivered,28125,163543,0,0,0,5.029141902923584e-08,,,,,none
239,238,1814412658179124,1814412658248791,1814412658264666,1814412658845791,gpu_delivered,15875,69667,0,0,0,4.8428773880004883e-08,,,,,none
240,239,1814412658845791,1814412658864000,1814412658880000,1814412659512457,gpu_delivered,16000,18209,0,0,0,4.0046870708465576e-08,,,,,none
241,240,1814412659512457,1814412659527541,1814412659545166,1814412660179124,gpu_delivered,17625,15084,0,0,0,3.9697624742984772e-08,,,,,none
242,241,1814412660179124,1814412660353208,1814412660369250,1814412660845791,gpu_delivered,16042,174084,0,0,0,3.748573362827301e-08,,,,,none
243,242,1814412660845791,1814412660976291,1814412661020500,1814412661512457,cpu_fallback,44209,130500,0,0,0,0,,,,,none
244,243,1814412661512457,1814412661651291,1814412661698083,1814412662179124,gpu_delivered,46792,138834,0,0,0,5.5879354476928711e-08,,,,,none
245,244,1814412662179124,1814412662309000,1814412662325833,1814412662845791,gpu_delivered,16833,129876,0,0,0,6.7055225372314453e-08,,,,,none
246,245,1814412662845791,1814412662951875,1814412662968791,1814412663512457,gpu_delivered,16916,106084,0,0,0,5.5879354476928711e-08,,,,,none
247,246,1814412663512457,1814412663653375,1814412663669083,1814412664179124,gpu_delivered,15708,140918,0,0,0,5.6999851949512959e-08,,,,,none
248,247,1814412664179124,1814412664312041,1814412664327875,1814412664845791,gpu_delivered,15834,132917,0,0,0,5.3085386753082275e-08,,,,,none
249,248,1814412664845791,1814412664938541,1814412664954083,1814412665512457,gpu_delivered,15542,92750,0,0,0,6.0535967350006104e-08,,,,,none
250,249,1814412665512457,1814412665658208,1814412665673958,1814412666179124,gpu_delivered,15750,145751,0,0,0,3.7252902984619141e-08,,,,,none
251,250,1814412666179124,1814412666192833,1814412666208583,1814412666845791,gpu_delivered,15750,13709,0,0,0,4.5634806156158447e-08,,,,,none
252,251,1814412666845791,1814412666919750,1814412666936791,1814412667512457,gpu_delivered,17041,73959,0,0,0,4.0978193283081055e-08,,,,,none
253,252,1814412667512457,1814412667663958,1814412667692625,1814412668179124,gpu_delivered,28667,151501,0,0,0,5.029141902923584e-08,,,,,none
254,253,1814412668179124,1814412668314500,1814412668329500,1814412668845791,gpu_delivered,15000,135376,0,0,0,3.4691765904426575e-08,,,,,none
255,254,1814412668845791,1814412668984458,1814412669003625,1814412669512457,gpu_delivered,19167,138667,0,0,0,3.9122824091464281e-08,,,,,none
256,255,1814412669512457,1814412669644625,1814412669661500,1814412670179124,gpu_delivered,16875,132168,0,0,0,4.1509338188916445e-08,,,,,none
257,256,1814412670179124,1814412670313875,1814412670331333,1814412670845791,gpu_delivered,17458,134751,0,0,0,4.0512531995773315e-08,,,,,none
258,257,1814412670845791,1814412670985458,1814412671002875,1814412671512457,gpu_delivered,17417,139667,0,0,0,3.9115548133850098e-08,,,,,none
259,258,1814412671512457,1814412671649083,1814412671671875,1814412672179124,cpu_fallback,22792,136626,0,0,0,0,,,,,none
260,259,1814412672179124,1814412672315833,1814412672371583,1814412672845791,gpu_delivered,55750,136709,0,0,0,3.7252902984619141e-08,,,,,none
261,260,1814412672845791,1814412672969083,1814412672984666,1814412673512457,cpu_fallback,15583,123292,0,0,0,0,,,,,none
262,261,1814412673512457,1814412673654250,1814412673671958,1814412674179124,gpu_delivered,17708,141793,0,0,0,7.1479007601737976e-08,,,,,none
263,262,1814412674179124,1814412674316125,1814412674343083,1814412674845791,gpu_delivered,26958,137001,0,0,0,6.1001628637313843e-08,,,,,none
264,263,1814412674845791,1814412674981333,1814412674996708,1814412675512457,gpu_delivered,15375,135542,0,0,0,3.9115548133850098e-08,,,,,none
265,264,1814412675512457,1814412675649083,1814412675666583,1814412676179124,gpu_delivered,17500,136626,0,0,0,3.3760443329811096e-08,,,,,none
266,265,1814412676179124,1814412676320666,1814412676338416,1814412676845791,gpu_delivered,17750,141542,0,0,0,4.9360096454620361e-08,,,,,none
267,266,1814412676845791,1814412676985625,1814412677002708,1814412677512457,gpu_delivered,17083,139834,0,0,0,4.8428773880004883e-08,,,,,none
268,267,1814412677512457,1814412677652875,1814412677669625,1814412678179124,gpu_delivered,16750,140418,0,0,0,7.1013346314430237e-08,,,,,none
269,268,1814412678179124,1814412678313500,1814412678330416,1814412678845791,gpu_delivered,16916,134376,0,0,0,4.1793100535869598e-08,,,,,none
270,269,1814412678845791,1814412678988916,1814412679005666,1814412679512457,gpu_delivered,16750,143125,0,0,0,3.9348378777503967e-08,,,,,none
271,270,1814412679512457,1814412679659208,1814412679675750,1814412680179124,gpu_delivered,16542,146751,0,0,0,4.5809429138898849e-08,,,,,none
272,271,1814412680179124,1814412680325708,1814412680342833,1814412680845791,cpu_fallback,17125,146584,0,0,0,0,,,,,none
273,272,1814412680845791,1814412680979791,1814412680996208,1814412681512457,gpu_delivered,16417,134000,0,0,0,4.7497451305389404e-08,,,,,none
274,273,1814412681512457,1814412681646916,1814412681671166,1814412682179124,gpu_delivered,24250,134459,0,0,0,4.2840838432312012e-08,,,,,none
275,274,1814412682179124,1814412682317750,1814412682335083,1814412682845791,gpu_delivered,17333,138626,0,0,0,5.0757080316543579e-08,,,,,none
276,275,1814412682845791,1814412682907833,1814412682922958,1814412683512457,gpu_delivered,15125,62042,0,0,0,4.7497451305389404e-08,,,,,none
277,276,1814412683512457,1814412683665875,1814412683681458,1814412684179124,gpu_delivered,15583,153418,0,0,0,6.3329935073852539e-08,,,,,none
278,277,1814412684179124,1814412684316166,1814412684333208,1814412684845791,gpu_delivered,17042,137042,0,0,0,4.3539330363273621e-08,,,,,none
279,278,1814412684845791,1814412684975166,1814412684989958,1814412685512457,cpu_fallback,14792,129375,0,0,0,0,,,,,none
280,279,1814412685512457,1814412685663708,1814412685679125,1814412686179124,cpu_fallback,15417,151251,0,0,0,0,,,,,none
281,280,1814412686179124,1814412686340916,1814412686373791,1814412686845791,gpu_delivered,32875,161792,0,0,0,3.8417056202888489e-08,,,,,none
282,281,1814412686845791,1814412686889250,1814412686904291,1814412687512457,gpu_delivered,15041,43459,0,0,0,3.2829120755195618e-08,,,,,none
283,282,1814412687512457,1814412687675750,1814412687694458,1814412688179124,gpu_delivered,18708,163293,0,0,0,3.9115548133850098e-08,,,,,none
284,283,1814412688179124,1814412688310166,1814412688341625,1814412688845791,gpu_delivered,31459,131042,0,0,0,4.1909515857696533e-08,,,,,none
285,284,1814412688845791,1814412688981416,1814412688998500,1814412689512457,gpu_delivered,17084,135625,0,0,0,3.8882717490196228e-08,,,,,none
286,285,1814412689512457,1814412689568541,1814412689586208,1814412690179124,cpu_fallback,17667,56084,0,0,0,0,,,,,none
287,286,1814412690179124,1814412690335708,1814412690351750,1814412690845791,gpu_delivered,16042,156584,0,0,0,5.1222741603851318e-08,,,,,none
288,287,1814412690845791,1814412690979083,1814412691014125,1814412691512457,gpu_delivered,35042,133292,0,0,0,6.28642737865448e-08,,,,,none
289,288,1814412691512457,1814412691656500,1814412691672666,1814412692179124,gpu_delivered,16166,144043,0,0,0,4.0046870708465576e-08,,,,,none
290,289,1814412692179124,1814412692316250,1814412692332833,1814412692845791,gpu_delivered,16583,137126,0,0,0,4.1909515857696533e-08,,,,,none
291,290,1814412692845791,1814412692961541,1814412692984000,1814412693512457,cpu_fallback,22459,115750,0,0,0,0,,,,,none
292,291,1814412693512457,1814412693654541,1814412693674125,1814412694179124,cpu_fallback,19584,142084,0,0,0,0,,,,,none
293,292,1814412694179124,1814412694355250,1814412694380875,1814412694845791,gpu_delivered,25625,176126,0,0,0,5.8207660913467407e-08,,,,,none
294,293,1814412694845791,1814412694929541,1814412694944583,1814412695512457,gpu_delivered,15042,83750,0,0,0,4.1443854570388794e-08,,,,,none
295,294,1814412695512457,1814412695662541,1814412695711458,1814412696179124,gpu_delivered,48917,150084,0,0,0,4.6566128730773926e-08,,,,,none
296,295,1814412696179124,1814412696308416,1814412696324833,1814412696845791,gpu_delivered,16417,129292,0,0,0,4.5634806156158447e-08,,,,,none
297,296,1814412696845791,1814412697001000,1814412697017916,1814412697512457,gpu_delivered,16916,155209,0,0,0,4.4936314225196838e-08,,,,,none
298,297,1814412697512457,1814412697646583,1814412697662208,1814412698179124,cpu_fallback,15625,134126,0,0,0,0,,,,,none
299,298,1814412698179124,1814412698320583,1814412698335958,1814412698845791,cpu_fallback,15375,141459,0,0,0,0,,,,,none
300,299,1814412698845791,1814412698982208,1814412698997208,1814412699512457,gpu_delivered,15000,136417,0,0,0,3.748573362827301e-08,,,,,none
301,300,1814412699512457,1814412699651000,1814412699671208,1814412700179124,gpu_delivered,20208,138543,0,0,0,5.4249539971351624e-08,,,,,none
302,301,1814412700179124,1814412700333916,1814412700349791,1814412700845791,cpu_fallback,15875,154792,0,0,0,0,,,,,none
303,302,1814412700845791,1814412700977208,1814412700993333,1814412701512457,cpu_fallback,16125,131417,0,0,0,0,,,,,none
304,303,1814412701512457,1814412701652041,1814412701683166,1814412702179124,gpu_delivered,31125,139584,0,0,0,4.6100467443466187e-08,,,,,none
305,304,1814412702179124,1814412702310583,1814412702327750,1814412702845791,gpu_delivered,17167,131459,0,0,0,3.5157427191734314e-08,,,,,none
306,305,1814412702845791,1814412702998625,1814412703068125,1814412703512457,gpu_delivered,69500,152834,0,0,0,4.5634806156158447e-08,,,,,none
307,306,1814412703512457,1814412703534333,1814412703549666,1814412704179124,cpu_fallback,15333,21876,0,0,0,0,,,,,none
308,307,1814412704179124,1814412704200083,1814412704214375,1814412704845791,gpu_delivered,14292,20959,0,0,0,4.8894435167312622e-08,,,,,none
309,308,1814412704845791,1814412705009750,1814412705024291,1814412705512457,gpu_delivered,14541,163959,0,0,0,5.5413693189620972e-08,,,,,none
310,309,1814412705512457,1814412705547000,1814412705561125,1814412706179124,gpu_delivered,14125,34543,0,0,0,4.8894435167312622e-08,,,,,none
311,310,1814412706179124,1814412706339875,1814412706355500,1814412706845791,gpu_delivered,15625,160751,0,0,0,3.7252902984619141e-08,,,,,none
312,311,1814412706845791,1814412706977416,1814412706995291,1814412707512457,gpu_delivered,17875,131625,0,0,0,3.3527612686157227e-08,,,,,none
313,312,1814412707512457,1814412707659708,1814412707674875,1814412708179124,gpu_delivered,15167,147251,0,0,0,2.6077032089233398e-08,,,,,none
314,313,1814412708179124,1814412708314166,1814412708331458,1814412708845791,gpu_delivered,17292,135042,0,0,0,3.7020072340965271e-08,,,,,none
315,314,1814412708845791,1814412708991125,1814412709008833,1814412709512457,gpu_delivered,17708,145334,0,0,0,4.6566128730773926e-08,,,,,none
316,315,1814412709512457,1814412709648458,1814412709665500,1814412710179124,cpu_fallback,17042,136001,0,0,0,0,,,,,none
317,316,1814412710179124,1814412710332625,1814412710348625,1814412710845791,cpu_fallback,16000,153501,0,0,0,0,,,,,none
318,317,1814412710845791,1814412710981541,1814412710998333,1814412711512457,gpu_delivered,16792,135750,0,0,0,4.4703483581542969e-08,,,,,none
319,318,1814412711512457,1814412711601958,1814412711618208,1814412712179124,gpu_delivered,16250,89501,0,0,0,4.6566128730773926e-08,,,,,none
320,319,1814412712179124,1814412712329250,1814412712357375,1814412712845791,gpu_delivered,28125,150126,0,0,0,4.6100467443466187e-08,,,,,none
321,320,1814412712845791,1814412712980333,1814412712996250,1814412713512457,gpu_delivered,15917,134542,0,0,0,4.0978193283081055e-08,,,,,none
322,321,1814412713512457,1814412713652250,1814412713695250,1814412714179124,gpu_delivered,43000,139793,0,0,0,4.8894435167312622e-08,,,,,none
323,322,1814412714179124,1814412714311375,1814412714326083,1814412714845791,gpu_delivered,14708,132251,0,0,0,4.2840838432312012e-08,,,,,none
324,323,1814412714845791,1814412714982875,1814412715007875,1814412715512457,gpu_delivered,25000,137084,0,0,0,6.3329935073852539e-08,,,,,none
325,324,1814412715512457,1814412715647500,1814412715663250,1814412716179124,gpu_delivered,15750,135043,0,0,0,4.0745362639427185e-08,,,,,none
326,325,1814412716179124,1814412716277791,1814412716295625,1814412716845791,gpu_delivered,17834,98667,0,0,0,3.9581209421157837e-08,,,,,none
327,326,1814412716845791,1814412716993875,1814412717010416,1814412717512457,gpu_delivered,16541,148084,0,0,0,4.5634806156158447e-08,,,,,none
328,327,1814412717512457,1814412717646833,1814412717683125,1814412718179124,cpu_fallback,36292,134376,0,0,0,0,,,,,none
329,328,1814412718179124,1814412718312458,1814412718340250,1814412718845791,gpu_delivered,27792,133334,0,0,0,4.7031790018081665e-08,,,,,none
330,329,1814412718845791,1814412718977208,1814412718991500,1814412719512457,cpu_fallback,14292,131417,0,0,0,0,,,,,none
331,330,1814412719512457,1814412719647625,1814412719663583,1814412720179124,gpu_delivered,15958,135168,0,0,0,4.7031790018081665e-08,,,,,none
332,331,1814412720179124,1814412720313250,1814412720329708,1814412720845791,cpu_fallback,16458,134126,0,0,0,0,,,,,none
333,332,1814412720845791,1814412721000291,1814412721018875,1814412721512457,gpu_delivered,18584,154500,0,0,0,5.3230905905365944e-08,,,,,none
334,333,1814412721512457,1814412721685000,1814412721701958,1814412722179124,gpu_delivered,16958,172543,0,0,0,3.0733644962310791e-08,,,,,none
335,334,1814412722179124,1814412722305541,1814412722320375,1814412722845791,cpu_fallback,14834,126417,0,0,0,0,,,,,none
336,335,1814412722845791,1814412722920916,1814412722935791,1814412723512457,gpu_delivered,14875,75125,0,0,0,6.4261257648468018e-08,,,,,none
337,336,1814412723512457,1814412723593041,1814412723620250,1814412724179124,gpu_delivered,27209,80584,0,0,0,6.1932951211929321e-08,,,,,none
338,337,1814412724179124,1814412724333375,1814412724348666,1814412724845791,gpu_delivered,15291,154251,0,0,0,5.7392753660678864e-08,,,,,none
339,338,1814412724845791,1814412724918416,1814412724933333,1814412725512457,cpu_fallback,14917,72625,0,0,0,0,,,,,none
340,339,1814412725512457,1814412725665416,1814412725683041,1814412726179124,gpu_delivered,17625,152959,0,0,0,4.5401975512504578e-08,,,,,none
341,340,1814412726179124,1814412726313458,1814412726330875,1814412726845791,gpu_delivered,17417,134334,0,0,0,4.0046870708465576e-08,,,,,none
342,341,1814412726845791,1814412726990041,1814412727007208,1814412727512457,cpu_fallback,17167,144250,0,0,0,0,,,,,none
343,342,1814412727512457,1814412727649375,1814412727668833,1814412728179124,cpu_fallback,19458,136918,0,0,0,0,,,,,none
344,343,1814412728179124,1814412728216166,1814412728230750,1814412728845791,gpu_delivered,14584,37042,0,0,0,3.9115548133850098e-08,,,,,none
345,344,1814412728845791,1814412729016500,1814412729031750,1814412729512457,gpu_delivered,15250,170709,0,0,0,3.7020072340965271e-08,,,,,none
346,345,1814412729512457,1814412729640000,1814412729656041,1814412730179124,gpu_delivered,16041,127543,0,0,0,4.6100467443466187e-08,,,,,none
347,346,1814412730179124,1814412730296000,1814412730310958,1814412730845791,gpu_delivered,14958,116876,0,0,0,3.4458935260772705e-08,,,,,none
348,347,1814412730845791,1814412730991166,1814412731008375,1814412731512457,gpu_delivered,17209,145375,0,0,0,3.5157427191734314e-08,,,,,none
349,348,1814412731512457,1814412731676583,1814412731694083,1814412732179124,gpu_delivered,17500,164126,0,0,0,4.6333298087120056e-08,,,,,none
350,349,1814412732179124,1814412732316625,1814412732334416,1814412732845791,gpu_delivered,17791,137501,0,0,0,5.2154064178466797e-08,,,,,none
351,350,1814412732845791,1814412732984416,1814412733000958,1814412733512457,gpu_delivered,16542,138625,0,0,0,4.5634806156158447e-08,,,,,none
352,351,1814412733512457,1814412733703875,1814412733742666,1814412734179124,gpu_delivered,38791,191418,0,0,0,5.2154064178466797e-08,,,,,none
353,352,1814412734179124,1814412734305208,1814412734320708,1814412734845791,gpu_delivered,15500,126084,0,0,0,4.8908987082540989e-08,,,,,none
354,353,1814412734845791,1814412735017958,1814412735055958,1814412735512457,gpu_delivered,38000,172167,0,0,0,3.7369318306446075e-08,,,,,none
355,354,1814412735512457,1814412735546083,1814412735584250,1814412736179124,cpu_fallback,38167,33626,0,0,0,0,,,,,none
356,355,1814412736179124,1814412736338208,1814412736361708,1814412736845791,gpu_delivered,23500,159084,0,0,0,4.5634806156158447e-08,,,,,none
357,356,1814412736845791,1814412736980875,1814412736997916,1814412737512457,gpu_delivered,17041,135084,0,0,0,6.891787052154541e-08,,,,,none
358,357,1814412737512457,1814412737593416,1814412737610416,1814412738179124,gpu_delivered,17000,80959,0,0,0,6.1001628637313843e-08,,,,,none
359,358,1814412738179124,1814412738340166,1814412738355500,1814412738845791,gpu_delivered,15334,161042,0,0,0,4.9360096454620361e-08,,,,,none
360,359,1814412738845791,1814412738975958,1814412738990291,1814412739512457,cpu_fallback,14333,130167,0,0,0,0,,,,,none
361,360,1814412739512457,1814412739560375,1814412739575875,1814412740179124,cpu_fallback,15500,47918,0,0,0,0,,,,,none
362,361,1814412740179124,1814412740361125,1814412740376875,1814412740845791,gpu_delivered,15750,182001,0,0,0,3.9493897929787636e-08,,,,,none
363,362,1814412740845791,1814412740980833,1814412741015500,1814412741512457,gpu_delivered,34667,135042,0,0,0,3.8533471524715424e-08,,,,,none
364,363,1814412741512457,1814412741659375,1814412741699833,1814412742179124,cpu_fallback,40458,146918,0,0,0,0,,,,,none
365,364,1814412742179124,1814412742338125,1814412742356208,1814412742845791,cpu_fallback,18083,159001,0,0,0,0,,,,,none
366,365,1814412742845791,1814412742982250,1814412743007000,1814412743512457,gpu_delivered,24750,136459,0,0,0,5.6810677051544189e-08,,,,,none
367,366,1814412743512457,1814412743651958,1814412743669125,1814412744179124,gpu_delivered,17167,139501,0,0,0,5.4948031902313232e-08,,,,,none
368,367,1814412744179124,1814412744313125,1814412744330541,1814412744845791,gpu_delivered,17416,134001,0,0,0,5.5180862545967102e-08,,,,,none
369,368,1814412744845791,1814412744861625,1814412744878208,1814412745512457,gpu_delivered,16583,15834,0,0,0,4.6333298087120056e-08,,,,,none
370,369,1814412745512457,1814412745677166,1814412745693250,1814412746179124,gpu_delivered,16084,164709,0,0,0,4.0978193283081055e-08,,,,,none
371,370,1814412746179124,1814412746309208,1814412746325833,1814412746845791,gpu_delivered,16625,130084,0,0,0,5.6810677051544189e-08,,,,,none
372,371,1814412746845791,1814412746982000,1814412746998416,1814412747512457,gpu_delivered,16416,136209,0,0,0,3.6787241697311401e-08,,,,,none
373,372,1814412747512457,1814412747649916,1814412747696000,1814412748179124,cpu_fallback,46084,137459,0,0,0,0,,,,,none
374,373,1814412748179124,1814412748316208,1814412748335083,1814412748845791,gpu_delivered,18875,137084,0,0,0,4.5634806156158447e-08,,,,,none
375,374,1814412748845791,1814412748981125,1814412748998458,1814412749512457,cpu_fallback,17333,135334,0,0,0,0,,,,,none
376,375,1814412749512457,1814412749648375,1814412749665458,1814412750179124,cpu_fallback,17083,135918,0,0,0,0,,,,,none
377,376,1814412750179124,1814412750314583,1814412750330250,1814412750845791,cpu_fallback,15667,135459,0,0,0,0,,,,,none
378,377,1814412750845791,1814412750980208,1814412750996916,1814412751512457,cpu_fallback,16708,134417,0,0,0,0,,,,,none
379,378,1814412751512457,1814412751648750,1814412751665166,1814412752179124,gpu_delivered,16416,136293,0,0,0,4.2840838432312012e-08,,,,,none
380,379,1814412752179124,1814412752320416,1814412752337375,1814412752845791,gpu_delivered,16959,141292,0,0,0,4.2840838432312012e-08,,,,,none
381,380,1814412752845791,1814412752981958,1814412752997291,1814412753512457,gpu_delivered,15333,136167,0,0,0,3.3993273973464966e-08,,,,,none
382,381,1814412753512457,1814412753649583,1814412753666916,1814412754179124,gpu_delivered,17333,137126,0,0,0,4.0046870708465576e-08,,,,,none
383,382,1814412754179124,1814412754206666,1814412754223083,1814412754845791,cpu_fallback,16417,27542,0,0,0,0,,,,,none
384,383,1814412754845791,1814412754863166,1814412754879500,1814412755512457,gpu_delivered,16334,17375,0,0,0,6.3097104430198669e-08,,,,,none
385,384,1814412755512457,1814412755563083,1814412755579791,1814412756179124,gpu_delivered,16708,50626,0,0,0,4.5634806156158447e-08,,,,,none
386,385,1814412756179124,1814412756334625,1814412756351166,1814412756845791,gpu_delivered,16541,155501,0,0,0,4.2375177145004272e-08,,,,,none
387,386,1814412756845791,1814412756923416,1814412756939583,1814412757512457,gpu_delivered,16167,77625,0,0,0,5.1688402891159058e-08,,,,,none
388,387,1814412757512457,1814412757609833,1814412757628416,1814412758179124,gpu_delivered,18583,97376,0,0,0,3.9814040064811707e-08,,,,,none
389,388,1814412758179124,1814412758322291,1814412758339250,1814412758845791,gpu_delivered,16959,143167,0,0,0,3.3061951398849487e-08,,,,,none
390,389,1814412758845791,1814412758868750,1814412758895583,1814412759512457,gpu_delivered,26833,22959,0,0,0,3.2596290111541748e-08,,,,,none
391,390,1814412759512457,1814412759676958,1814412759700416,1814412760179124,gpu_delivered,23458,164501,0,0,0,4.9825757741928101e-08,,,,,none
392,391,1814412760179124,1814412760250458,1814412760277416,1814412760845791,cpu_fallback,26958,71334,0,0,0,0,,,,,none
393,392,1814412760845791,1814412760997291,1814412761012916,1814412761512457,gpu_delivered,15625,151500,0,0,0,3.8184225559234619e-08,,,,,none
394,393,1814412761512457,1814412761645916,1814412761664750,1814412762179124,gpu_delivered,18834,133459,0,0,0,4.6566128730773926e-08,,,,,none
395,394,1814412762179124,1814412762316000,1814412762332750,1814412762845791,gpu_delivered,16750,136876,0,0,0,4.0046870708465576e-08,,,,,none
396,395,1814412762845791,1814412762978583,1814412762994416,1814412763512457,gpu_delivered,15833,132792,0,0,0,5.4948031902313232e-08,,,,,none
397,396,1814412763512457,1814412763573375,1814412763589833,1814412764179124,cpu_fallback,16458,60918,0,0,0,0,,,,,none
398,397,1814412764179124,1814412764225666,1814412764242125,1814412764845791,cpu_fallback,16459,46542,0,0,0,0,,,,,none
399,398,1814412764845791,1814412764879125,1814412764895041,1814412765512457,cpu_fallback,15916,33334,0,0,0,0,,,,,none
400,399,1814412765512457,1814412765520166,1814412765535625,1814412766179124,cpu_fallback,15459,7709,0,0,0,0,,,,,none
401,400,1814412766179124,1814412766347583,1814412766362958,1814412766845791,gpu_delivered,15375,168459,0,0,0,4.6798959374427795e-08,,,,,none
402,401,1814412766845791,1814412766971083,1814412766986166,1814412767512457,gpu_delivered,15083,125292,0,0,0,5.6548742577433586e-08,,,,,none
403,402,1814412767512457,1814412767651583,1814412767668500,1814412768179124,gpu_delivered,16917,139126,0,0,0,3.5797711461782455e-08,,,,,none
404,403,1814412768179124,1814412768313291,1814412768330541,1814412768845791,gpu_delivered,17250,134167,0,0,0,3.8184225559234619e-08,,,,,none
405,404,1814412768845791,1814412768880416,1814412768897625,1814412769512457,gpu_delivered,17209,34625,0,0,0,3.5390257835388184e-08,,,,,none
406,405,1814412769512457,1814412769672875,1814412769689541,1814412770179124,gpu_delivered,16666,160418,0,0,0,4.0978193283081055e-08,,,,,none
407,406,1814412770179124,1814412770313291,1814412770336916,1814412770845791,gpu_delivered,23625,134167,0,0,0,5.5413693189620972e-08,,,,,none
408,407,1814412770845791,1814412770941708,1814412770959125,1814412771512457,gpu_delivered,17417,95917,0,0,0,4.1909515857696533e-08,,,,,none
409,408,1814412771512457,1814412771588166,1814412771604625,1814412772179124,gpu_delivered,16459,75709,0,0,0,3.4924596548080444e-08,,,,,none
410,409,1814412772179124,1814412772340250,1814412772356500,1814412772845791,gpu_delivered,16250,161126,0,0,0,4.4703483581542969e-08,,,,,none
411,410,1814412772845791,1814412772989291,1814412773005083,1814412773512457,gpu_delivered,15792,143500,0,0,0,4.2375177145004272e-08,,,,,none
412,411,1814412773512457,1814412773644791,1814412773659833,1814412774179124,gpu_delivered,15042,132334,0,0,0,5.657784640789032e-08,,,,,none
413,412,1814412774179124,1814412774314125,1814412774329250,1814412774845791,gpu_delivered,15125,135001,0,0,0,5.0757080316543579e-08,,,,,none
414,413,1814412774845791,1814412774908541,1814412774923250,1814412775512457,gpu_delivered,14709,62750,0,0,0,6.2398612499237061e-08,,,,,none
415,414,1814412775512457,1814412775616666,1814412775631291,1814412776179124,gpu_delivered,14625,104209,0,0,0,5.9138983488082886e-08,,,,,none
416,415,1814412776179124,1814412776320583,1814412776335708,1814412776845791,gpu_delivered,15125,141459,0,0,0,5.9138983488082886e-08,,,,,none
417,416,1814412776845791,1814412776881958,1814412776898708,1814412777512457,cpu_fallback,16750,36167,0,0,0,0,,,,,none
418,417,1814412777512457,1814412777681333,1814412777697333,1814412778179124,gpu_delivered,16000,168876,0,0,0,3.2596290111541748e-08,,,,,none
419,418,1814412778179124,1814412778310000,1814412778334500,1814412778845791,gpu_delivered,24500,130876,0,0,0,3.4458935260772705e-08,,,,,none
420,419,1814412778845791,1814412778981250,1814412778996916,1814412779512457,gpu_delivered,15666,135459,0,0,0,3.795139491558075e-08,,,,,none
421,420,1814412779512457,1814412779618333,1814412779634041,1814412780179124,gpu_delivered,15708,105876,0,0,0,3.2596290111541748e-08,,,,,none
422,421,1814412780179124,1814412780324583,1814412780342791,1814412780845791,gpu_delivered,18208,145459,0,0,0,3.9115548133850098e-08,,,,,none
423,422,1814412780845791,1814412780977875,1814412780992625,1814412781512457,cpu_fallback,14750,132084,0,0,0,0,,,,,none
424,423,1814412781512457,1814412781648666,1814412781663791,1814412782179124,cpu_fallback,15125,136209,0,0,0,0,,,,,none
425,424,1814412782179124,1814412782324791,1814412782342708,1814412782845791,gpu_delivered,17917,145667,0,0,0,3.4458935260772705e-08,,,,,none
426,425,1814412782845791,1814412782983625,1814412783001708,1814412783512457,cpu_fallback,18083,137834,0,0,0,0,,,,,none
427,426,1814412783512457,1814412783644750,1814412783659916,1814412784179124,gpu_delivered,15166,132293,0,0,0,5.9255398809909821e-08,,,,,none
428,427,1814412784179124,1814412784304333,1814412784319541,1814412784845791,gpu_delivered,15208,125209,0,0,0,4.8428773880004883e-08,,,,,none
429,428,1814412784845791,1814412784984250,1814412785003250,1814412785512457,gpu_delivered,19000,138459,0,0,0,3.9581209421157837e-08,,,,,none
430,429,1814412785512457,1814412785647166,1814412785664541,1814412786179124,gpu_delivered,17375,134709,0,0,0,4.2840838432312012e-08,,,,,none
431,430,1814412786179124,1814412786317208,1814412786349791,1814412786845791,gpu_delivered,32583,138084,0,0,0,4.0512531995773315e-08,,,,,none
432,431,1814412786845791,1814412786978250,1814412786998250,1814412787512457,gpu_delivered,20000,132459,0,0,0,3.5855919122695923e-08,,,,,none
433,432,1814412787512457,1814412787671500,1814412787691583,1814412788179124,gpu_delivered,20083,159043,0,0,0,3.5855919122695923e-08,,,,,none
434,433,1814412788179124,1814412788245666,1814412788263208,1814412788845791,cpu_fallback,17542,66542,0,0,0,0,,,,,none
435,434,1814412788845791,1814412788998708,1814412789018833,1814412789512457,gpu_delivered,20125,152917,0,0,0,4.8661604523658752e-08,,,,,none
436,435,1814412789512457,1814412789552250,1814412789567625,1814412790179124,gpu_delivered,15375,39793,0,0,0,6.3795596361160278e-08,,,,,none
437,436,1814412790179124,1814412790344125,1814412790361916,1814412790845791,gpu_delivered,17791,165001,0,0,0,4.1793100535869598e-08,,,,,none
438,437,1814412790845791,1814412790975416,1814412790992625,1814412791512457,gpu_delivered,17209,129625,0,0,0,5.005858838558197e-08,,,,,none
439,438,1814412791512457,1814412791650375,1814412791676083,1814412792179124,gpu_delivered,25708,137918,0,0,0,3.4458935260772705e-08,,,,,none
440,439,1814412792179124,1814412792312250,1814412792328208,1814412792845791,gpu_delivered,15958,133126,0,0,0,4.5634806156158447e-08,,,,,none
441,440,1814412792845791,1814412792980666,1814412792996750,1814412793512457,gpu_delivered,16084,134875,0,0,0,6.2398612499237061e-08,,,,,none
442,441,1814412793512457,1814412793650916,1814412793668416,1814412794179124,gpu_delivered,17500,138459,0,0,0,4.8894435167312622e-08,,,,,none
443,442,1814412794179124,1814412794319541,1814412794335375,1814412794845791,gpu_delivered,15834,140417,0,0,0,5.3085386753082275e-08,,,,,none
444,443,1814412794845791,1814412794982250,1814412795057333,1814412795512457,gpu_delivered,75083,136459,0,0,0,5.7276338338851929e-08,,,,,none
445,444,1814412795512457,1814412795637708,1814412795653458,1814412796179124,gpu_delivered,15750,125251,0,0,0,4.8894435167312622e-08,,,,,none
446,445,1814412796179124,1814412796318208,1814412796347500,1814412796845791,gpu_delivered,29292,139084,0,0,0,6.5658241510391235e-08,,,,,none
447,446,1814412796845791,1814412796859291,1814412796874916,1814412797512457,cpu_fallback,15625,13500,0,0,0,0,,,,,none
448,447,1814412797512457,1814412797676916,1814412797692375,1814412798179124,gpu_delivered,15459,164459,0,0,0,4.0978193283081055e-08,,,,,none
449,448,1814412798179124,1814412798235833,1814412798255375,1814412798845791,cpu_fallback,19542,56709,0,0,0,0,,,,,none
450,449,1814412798845791,1814412798998208,1814412799012125,1814412799512457,cpu_fallback,13917,152417,0,0,0,0,,,,,none
451,450,1814412799512457,1814412799638208,1814412799658083,1814412800179124,cpu_fallback,19875,125751,0,0,0,0,,,,,none
452,451,1814412800179124,1814412800326500,1814412800343583,1814412800845791,cpu_fallback,17083,147376,0,0,0,0,,,,,none
453,452,1814412800845791,1814412800978958,1814412800995583,1814412801512457,gpu_delivered,16625,133167,0,0,0,4.1909515857696533e-08,,,,,none
454,453,1814412801512457,1814412801648458,1814412801664208,1814412802179124,cpu_fallback,15750,136001,0,0,0,0,,,,,none
455,454,1814412802179124,1814412802213916,1814412802228875,1814412802845791,gpu_delivered,14959,34792,0,0,0,7.8231096267700195e-08,,,,,none
456,455,1814412802845791,1814412803018750,1814412803034875,1814412803512457,gpu_delivered,16125,172959,0,0,0,4.4703483581542969e-08,,,,,none
457,456,1814412803512457,1814412803640125,1814412803656291,1814412804179124,gpu_delivered,16166,127668,0,0,0,5.4948031902313232e-08,,,,,none
458,457,1814412804179124,1814412804316000,1814412804332583,1814412804845791,gpu_delivered,16583,136876,0,0,0,5.0524249672889709e-08,,,,,none
459,458,1814412804845791,1814412804990250,1814412805005166,1814412805512457,gpu_delivered,14916,144459,0,0,0,4.0279701352119446e-08,,,,,none
460,459,1814412805512457,1814412805644791,1814412805662333,1814412806179124,gpu_delivered,17542,132334,0,0,0,3.9581209421157837e-08,,,,,none
461,460,1814412806179124,1814412806320041,1814412806336875,1814412806845791,gpu_delivered,16834,140917,0,0,0,4.1793100535869598e-08,,,,,none
462,461,1814412806845791,1814412806920083,1814412806935875,1814412807512457,gpu_delivered,15792,74292,0,0,0,3.9755832403898239e-08,,,,,none
463,462,1814412807512457,1814412807662791,1814412807683291,1814412808179124,gpu_delivered,20500,150334,0,0,0,3.2596290111541748e-08,,,,,none
464,463,1814412808179124,1814412808306291,1814412808321583,1814412808845791,cpu_fallback,15292,127167,0,0,0,0,,,,,none
465,464,1814412808845791,1814412808981416,1814412808996500,1814412809512457,gpu_delivered,15084,135625,0,0,0,4.086177796125412e-08,,,,,none
466,465,1814412809512457,1814412809647291,1814412809662958,1814412810179124,gpu_delivered,15667,134834,0,0,0,4.5867636799812317e-08,,,,,none
467,466,1814412810179124,1814412810332000,1814412810352625,1814412810845791,gpu_delivered,20625,152876,0,0,0,3.4458935260772705e-08,,,,,none
468,467,1814412810845791,1814412810977916,1814412810994541,1814412811512457,gpu_delivered,16625,132125,0,0,0,3.7252902984619141e-08,,,,,none
469,468,1814412811512457,1814412811660583,1814412811682750,1814412812179124,gpu_delivered,22167,148126,0,0,0,5.1222741603851318e-08,,,,,none
470,469,1814412812179124,1814412812312708,1814412812329708,1814412812845791,gpu_delivered,17000,133584,0,0,0,3.4204276744276285e-08,,,,,none
471,470,1814412812845791,1814412813001458,1814412813042833,1814412813512457,gpu_delivered,41375,155667,0,0,0,5.4948031902313232e-08,,,,,none
472,471,1814412813512457,1814412813641916,1814412813662708,1814412814179124,cpu_fallback,20792,129459,0,0,0,0,,,,,none
473,472,1814412814179124,1814412814318250,1814412814334791,1814412814845791,gpu_delivered,16541,139126,0,0,0,7.6368451118469238e-08,,,,,none
474,473,1814412814845791,1814412814981791,1814412815001875,1814412815512457,cpu_fallback,20084,136000,0,0,0,0,,,,,none
475,474,1814412815512457,1814412815667291,1814412815684958,1814412816179124,gpu_delivered,17667,154834,0,0,0,6.7986547946929932e-08,,,,,none
476,475,1814412816179124,1814412816323250,1814412816341375,1814412816845791,cpu_fallback,18125,144126,0,0,0,0,,,,,none
477,476,1814412816845791,1814412816984208,1814412817006291,1814412817512457,gpu_delivered,22083,138417,0,0,0,5.4948031902313232e-08,,,,,none
478,477,1814412817512457,1814412817662000,1814412817682916,1814412818179124,cpu_fallback,20916,149543,0,0,0,0,,,,,none
479,478,1814412818179124,1814412818311083,1814412818329083,1814412818845791,cpu_fallback,18000,131959,0,0,0,0,,,,,none
480,479,1814412818845791,1814412818985250,1814412819000458,1814412819512457,gpu_delivered,15208,139459,0,0,0,4.377216100692749e-08,,,,,none
481,480,1814412819512457,1814412819553583,1814412819570208,1814412820179124,gpu_delivered,16625,41126,0,0,0,3.8649886846542358e-08,,,,,none
482,481,1814412820179124,1814412820341958,1814412820360375,1814412820845791,gpu_delivered,18417,162834,0,0,0,3.6787241697311401e-08,,,,,none
483,482,1814412820845791,1814412821000166,1814412821016750,1814412821512457,gpu_delivered,16584,154375,0,0,0,3.7252902984619141e-08,,,,,none
484,483,1814412821512457,1814412821523750,1814412821541375,1814412822179124,cpu_fallback,17625,11293,0,0,0,0,,,,,none
485,484,1814412822179124,1814412822348833,1814412822364458,1814412822845791,gpu_delivered,15625,169709,0,0,0,5.4424162954092026e-08,,,,,none
486,485,1814412822845791,1814412822975333,1814412823004416,1814412823512457,gpu_delivered,29083,129542,0,0,0,3.8417056202888489e-08,,,,,none
487,486,1814412823512457,1814412823650500,1814412823667583,1814412824179124,gpu_delivered,17083,138043,0,0,0,4.6100467443466187e-08,,,,,none
488,487,1814412824179124,1814412824314166,1814412824330291,1814412824845791,gpu_delivered,16125,135042,0,0,0,5.8673322200775146e-08,,,,,none
489,488,1814412824845791,1814412824877958,1814412824893166,1814412825512457,cpu_fallback,15208,32167,0,0,0,0,,,,,none
490,489,1814412825512457,1814412825520541,1814412825534958,1814412826179124,gpu_delivered,14417,8084,0,0,0,4.1676685214042664e-08,,,,,none
491,490,1814412826179124,1814412826344833,1814412826360416,1814412826845791,gpu_delivered,15583,165709,0,0,0,4.0046870708465576e-08,,,,,none
492,491,1814412826845791,1814412826957375,1814412826974541,1814412827512457,gpu_delivered,17166,111584,0,0,0,4.1909515857696533e-08,,,,,none
493,492,1814412827512457,1814412827658208,1814412827676333,1814412828179124,gpu_delivered,18125,145751,0,0,0,3.771856427192688e-08,,,,,none
494,493,1814412828179124,1814412828317750,1814412828336375,1814412828845791,gpu_delivered,18625,138626,0,0,0,4.6100467443466187e-08,,,,,none
495,494,1814412828845791,1814412828980708,1814412828997708,1814412829512457,cpu_fallback,17000,134917,0,0,0,0,,,,,none
496,495,1814412829512457,1814412829650916,1814412829668375,1814412830179124,gpu_delivered,17459,138459,0,0,0,4.2840838432312012e-08,,,,,none
497,496,1814412830179124,1814412830309125,1814412830325666,1814412830845791,gpu_delivered,16541,130001,0,0,0,4.1909515857696533e-08,,,,,none
498,497,1814412830845791,1814412830983875,1814412830998958,1814412831512457,gpu_delivered,15083,138084,0,0,0,4.1676685214042664e-08,,,,,none
499,498,1814412831512457,1814412831651583,1814412831671916,1814412832179124,gpu_delivered,20333,139126,0,0,0,3.2829120755195618e-08,,,,,none
500,499,1814412832179124,1814412832328166,1814412832345500,1814412832845791,cpu_fallback,17334,149042,0,0,0,0,,,,,none
501,500,1814412832845791,1814412832977416,1814412832994208,1814412833512457,gpu_delivered,16792,131625,0,0,0,4.7264620661735535e-08,,,,,none
502,501,1814412833512457,1814412833649375,1814412833666750,1814412834179124,cpu_fallback,17375,136918,0,0,0,0,,,,,none
503,502,1814412834179124,1814412834304083,1814412834323000,1814412834845791,gpu_delivered,18917,124959,0,0,0,4.9825757741928101e-08,,,,,none
504,503,1814412834845791,1814412834949333,1814412834966625,1814412835512457,gpu_delivered,17292,103542,0,0,0,4.377216100692749e-08,,,,,none
505,504,1814412835512457,1814412835566708,1814412835582833,1814412836179124,gpu_delivered,16125,54251,0,0,0,4.6071363613009453e-08,,,,,none
506,505,1814412836179124,1814412836341041,1814412836372166,1814412836845791,gpu_delivered,31125,161917,0,0,0,4.0512531995773315e-08,,,,,none
507,506,1814412836845791,1814412836996583,1814412837027125,1814412837512457,gpu_delivered,30542,150792,0,0,0,4.377216100692749e-08,,,,,none
508,507,1814412837512457,1814412837641291,1814412837657916,1814412838179124,gpu_delivered,16625,128834,0,0,0,3.3527612686157227e-08,,,,,none
509,508,1814412838179124,1814412838253041,1814412838270000,1814412838845791,gpu_delivered,16959,73917,0,0,0,3.0733644962310791e-08,,,,,none
510,509,1814412838845791,1814412838989000,1814412839005833,1814412839512457,gpu_delivered,16833,143209,0,0,0,3.8649886846542358e-08,,,,,none
511,510,1814412839512457,1814412839650083,1814412839667291,1814412840179124,gpu_delivered,17208,137626,0,0,0,3.6321580410003662e-08,,,,,none
512,511,1814412840179124,1814412840314708,1814412840344875,1814412840845791,gpu_delivered,30167,135584,0,0,0,3.5390257835388184e-08,,,,,none
513,512,1814412840845791,1814412840931000,1814412840949625,1814412841512457,gpu_delivered,18625,85209,0,0,0,6.5425410866737366e-08,,,,,none
514,513,1814412841512457,1814412841584791,1814412841601208,1814412842179124,gpu_delivered,16417,72334,0,0,0,4.9942173063755035e-08,,,,,none
515,514,1814412842179124,1814412842330250,1814412842347166,1814412842845791,gpu_delivered,16916,151126,0,0,0,4.5634806156158447e-08,,,,,none
516,515,1814412842845791,1814412842994458,1814412843011208,1814412843512457,gpu_delivered,16750,148667,0,0,0,4.0978193283081055e-08,,,,,none
517,516,1814412843512457,1814412843684708,1814412843700916,1814412844179124,gpu_delivered,16208,172251,0,0,0,4.0978193283081055e-08,,,,,none
518,517,1814412844179124,1814412844309791,1814412844333208,1814412844845791,cpu_fallback,23417,130667,0,0,0,0,,,,,none
519,518,1814412844845791,1814412844984833,1814412845002250,1814412845512457,gpu_delivered,17417,139042,0,0,0,4.2375177145004272e-08,,,,,none
520,519,1814412845512457,1814412845665625,1814412845682708,1814412846179124,cpu_fallback,17083,153168,0,0,0,0,,,,,none
521,520,1814412846179124,1814412846310250,1814412846327416,1814412846845791,gpu_delivered,17166,131126,0,0,0,3.5623088479042053e-08,,,,,none
522,521,1814412846845791,1814412846984291,1814412846999833,1814412847512457,gpu_delivered,15542,138500,0,0,0,3.7252902984619141e-08,,,,,none
523,522,1814412847512457,1814412847532041,1814412847547916,1814412848179124,cpu_fallback,15875,19584,0,0,0,0,,,,,none
524,523,1814412848179124,1814412848351125,1814412848367458,1814412848845791,cpu_fallback,16333,172001,0,0,0,0,,,,,none
525,524,1814412848845791,1814412848974458,1814412848996083,1814412849512457,cpu_fallback,21625,128667,0,0,0,0,,,,,none
526,525,1814412849512457,1814412849654791,1814412849672750,1814412850179124,cpu_fallback,17959,142334,0,0,0,0,,,,,none
527,526,1814412850179124,1814412850316833,1814412850333666,1814412850845791,cpu_fallback,16833,137709,0,0,0,0,,,,,none
528,527,1814412850845791,1814412850989125,1814412851018833,1814412851512457,cpu_fallback,29708,143334,0,0,0,0,,,,,none
529,528,1814412851512457,1814412851647916,1814412851677875,1814412852179124,cpu_fallback,29959,135459,0,0,0,0,,,,,none
530,529,1814412852179124,1814412852311791,1814412852330000,1814412852845791,gpu_delivered,18209,132667,0,0,0,3.8184225559234619e-08,,,,,none
531,530,1814412852845791,1814412852991958,1814412853022208,1814412853512457,gpu_delivered,30250,146167,0,0,0,3.3527612686157227e-08,,,,,none
532,531,1814412853512457,1814412853605250,1814412853621500,1814412854179124,gpu_delivered,16250,92793,0,0,0,4.6566128730773926e-08,,,,,none
533,532,1814412854179124,1814412854205041,1814412854221125,1814412854845791,gpu_delivered,16084,25917,0,0,0,5.5879354476928711e-08,,,,,none
534,533,1814412854845791,1814412855010583,1814412855027375,1814412855512457,gpu_delivered,16792,164792,0,0,0,5.7276338338851929e-08,,,,,none
535,534,1814412855512457,1814412855641833,1814412855659458,1814412856179124,gpu_delivered,17625,129376,0,0,0,4.2025931179523468e-08,,,,,none
536,535,1814412856179124,1814412856287000,1814412856303500,1814412856845791,gpu_delivered,16500,107876,0,0,0,4.0396116673946381e-08,,,,,none
537,536,1814412856845791,1814412856902916,1814412856919666,1814412857512457,gpu_delivered,16750,57125,0,0,0,5.5879354476928711e-08,,,,,none
538,537,1814412857512457,1814412857666875,1814412857684375,1814412858179124,gpu_delivered,17500,154418,0,0,0,2.8870999813079834e-08,,,,,none
539,538,1814412858179124,1814412858309875,1814412858327875,1814412858845791,gpu_delivered,18000,130751,0,0,0,3.5390257835388184e-08,,,,,none
540,539,1814412858845791,1814412858923000,1814412858939375,1814412859512457,gpu_delivered,16375,77209,0,0,0,4.1909515857696533e-08,,,,,none
541,540,1814412859512457,1814412859662250,1814412859678708,1814412860179124,gpu_delivered,16458,149793,0,0,0,3.8184225559234619e-08,,,,,none
542,541,1814412860179124,1814412860314041,1814412860329625,1814412860845791,gpu_delivered,15584,134917,0,0,0,3.9581209421157837e-08,,,,,none
543,542,1814412860845791,1814412860926958,1814412860944583,1814412861512457,gpu_delivered,17625,81167,0,0,0,3.4924596548080444e-08,,,,,none
544,543,1814412861512457,1814412861664708,1814412861696291,1814412862179124,gpu_delivered,31583,152251,0,0,0,4.2840838432312012e-08,,,,,none
545,544,1814412862179124,1814412862311625,1814412862328500,1814412862845791,gpu_delivered,16875,132501,0,0,0,4.8428773880004883e-08,,,,,none
546,545,1814412862845791,1814412862985916,1814412863003208,1814412863512457,gpu_delivered,17292,140125,0,0,0,4.377216100692749e-08,,,,,none
547,546,1814412863512457,1814412863531583,1814412863548541,1814412864179124,cpu_fallback,16958,19126,0,0,0,0,,,,,none
548,547,1814412864179124,1814412864281250,1814412864298208,1814412864845791,cpu_fallback,16958,102126,0,0,0,0,,,,,none
549,548,1814412864845791,1814412864999125,1814412865015625,1814412865512457,cpu_fallback,16500,153334,0,0,0,0,,,,,none
550,549,1814412865512457,1814412865644625,1814412865666333,1814412866179124,cpu_fallback,21708,132168,0,0,0,0,,,,,none
551,550,1814412866179124,1814412866264375,1814412866281125,1814412866845791,cpu_fallback,16750,85251,0,0,0,0,,,,,none
552,551,1814412866845791,1814412866996958,1814412867014875,1814412867512457,gpu_delivered,17917,151167,0,0,0,4.377216100692749e-08,,,,,none
553,552,1814412867512457,1814412867574458,1814412867602416,1814412868179124,cpu_fallback,27958,62001,0,0,0,0,,,,,none
554,553,1814412868179124,1814412868331125,1814412868350375,1814412868845791,gpu_delivered,19250,152001,0,0,0,3.771856427192688e-08,,,,,none
555,554,1814412868845791,1814412868906083,1814412868920791,1814412869512457,gpu_delivered,14708,60292,0,0,0,3.8184225559234619e-08,,,,,none
556,555,1814412869512457,1814412869669875,1814412869687500,1814412870179124,gpu_delivered,17625,157418,0,0,0,2.9802322387695312e-08,,,,,none
557,556,1814412870179124,1814412870311291,1814412870328583,1814412870845791,gpu_delivered,17292,132167,0,0,0,2.7706846594810486e-08,,,,,none
558,557,1814412870845791,1814412870985541,1814412871004458,1814412871512457,gpu_delivered,18917,139750,0,0,0,4.2375177145004272e-08,,,,,none
559,558,1814412871512457,1814412871650833,1814412871666416,1814412872179124,gpu_delivered,15583,138376,0,0,0,3.3396645449101925e-08,,,,,none
560,559,1814412872179124,1814412872318458,1814412872334541,1814412872845791,gpu_delivered,16083,139334,0,0,0,3.8970028981566429e-08,,,,,none
561,560,1814412872845791,1814412872882666,1814412872900500,1814412873512457,gpu_delivered,17834,36875,0,0,0,5.7741999626159668e-08,,,,,none
562,561,1814412873512457,1814412873676541,1814412873691916,1814412874179124,gpu_delivered,15375,164084,0,0,0,5.3551048040390015e-08,,,,,none
563,562,1814412874179124,1814412874228541,1814412874243250,1814412874845791,cpu_fallback,14709,49417,0,0,0,0,,,,,none
564,563,1814412874845791,1814412875001000,1814412875016541,1814412875512457,gpu_delivered,15541,155209,0,0,0,4.9360096454620361e-08,,,,,none
565,564,1814412875512457,1814412875642958,1814412875669958,1814412876179124,gpu_delivered,27000,130501,0,0,0,4.2840838432312012e-08,,,,,none
566,565,1814412876179124,1814412876315583,1814412876331583,1814412876845791,gpu_delivered,16000,136459,0,0,0,4.8428773880004883e-08,,,,,none
567,566,1814412876845791,1814412876985458,1814412877001500,1814412877512457,gpu_delivered,16042,139667,0,0,0,4.0978193283081055e-08,,,,,none
568,567,1814412877512457,1814412877646500,1814412877664083,1814412878179124,cpu_fallback,17583,134043,0,0,0,0,,,,,none
569,568,1814412878179124,1814412878316500,1814412878332583,1814412878845791,gpu_delivered,16083,137376,0,0,0,4.6275090426206589e-08,,,,,none
570,569,1814412878845791,1814412878924791,1814412878943375,1814412879512457,gpu_delivered,18584,79000,0,0,0,3.6321580410003662e-08,,,,,none
571,570,1814412879512457,1814412879661416,1814412879681416,1814412880179124,gpu_delivered,20000,148959,0,0,0,2.8870999813079834e-08,,,,,none
572,571,1814412880179124,1814412880309250,1814412880324916,1814412880845791,gpu_delivered,15666,130126,0,0,0,4.0978193283081055e-08,,,,,none
573,572,1814412880845791,1814412880982625,1814412880997500,1814412881512457,gpu_delivered,14875,136834,0,0,0,5.9604644775390625e-08,,,,,none
574,573,1814412881512457,1814412881647541,1814412881676458,1814412882179124,cpu_fallback,28917,135084,0,0,0,0,,,,,none
575,574,1814412882179124,1814412882314583,1814412882333166,1814412882845791,cpu_fallback,18583,135459,0,0,0,0,,,,,none
576,575,1814412882845791,1814412882881500,1814412882898041,1814412883512457,gpu_delivered,16541,35709,0,0,0,3.2596290111541748e-08,,,,,none
577,576,1814412883512457,1814412883679625,1814412883697250,1814412884179124,cpu_fallback,17625,167168,0,0,0,0,,,,,none
578,577,1814412884179124,1814412884306875,1814412884322083,1814412884845791,gpu_delivered,15208,127751,0,0,0,4.1909515857696533e-08,,,,,none
579,578,1814412884845791,1814412884986375,1814412885005958,1814412885512457,gpu_delivered,19583,140584,0,0,0,4.5634806156158447e-08,,,,,none
580,579,1814412885512457,1814412885653500,1814412885670125,1814412886179124,gpu_delivered,16625,141043,0,0,0,5.4831616580486298e-08,,,,,none
581,580,1814412886179124,1814412886315291,1814412886333750,1814412886845791,gpu_delivered,18459,136167,0,0,0,4.0046870708465576e-08,,,,,none
582,581,1814412886845791,1814412886982750,1814412886998000,1814412887512457,gpu_delivered,15250,136959,0,0,0,5.1222741603851318e-08,,,,,none
583,582,1814412887512457,1814412887647958,1814412887664625,1814412888179124,gpu_delivered,16667,135501,0,0,0,5.1222741603851318e-08,,,,,none
584,583,1814412888179124,1814412888186916,1814412888201666,1814412888845791,cpu_fallback,14750,7792,0,0,0,0,,,,,none
585,584,1814412888845791,1814412888973750,1814412888989375,1814412889512457,gpu_delivered,15625,127959,0,0,0,2.7706846594810486e-08,,,,,none
586,585,1814412889512457,1814412889655625,1814412889671791,1814412890179124,gpu_delivered,16166,143168,0,0,0,3.5390257835388184e-08,,,,,none
587,586,1814412890179124,1814412890328916,1814412890345583,1814412890845791,gpu_delivered,16667,149792,0,0,0,3.8649886846542358e-08,,,,,none
588,587,1814412890845791,1814412890984833,1814412891001208,1814412891512457,gpu_delivered,16375,139042,0,0,0,3.3993273973464966e-08,,,,,none
589,588,1814412891512457,1814412891647125,1814412891664125,1814412892179124,gpu_delivered,17000,134668,0,0,0,3.4458935260772705e-08,,,,,none
590,589,1814412892179124,1814412892315083,1814412892330083,1814412892845791,gpu_delivered,15000,135959,0,0,0,3.8184225559234619e-08,,,,,none
591,590,1814412892845791,1814412892980541,1814412892996791,1814412893512457,gpu_delivered,16250,134750,0,0,0,3.9348378777503967e-08,,,,,none
592,591,1814412893512457,1814412893650250,1814412893668333,1814412894179124,gpu_delivered,18083,137793,0,0,0,4.7497451305389404e-08,,,,,none
593,592,1814412894179124,1814412894316000,1814412894332708,1814412894845791,gpu_delivered,16708,136876,0,0,0,7.1246176958084106e-08,,,,,none
594,593,1814412894845791,1814412894979041,1814412894995375,1814412895512457,gpu_delivered,16334,133250,0,0,0,5.2657924243248999e-08,,,,,none
595,594,1814412895512457,1814412895539750,1814412895555333,1814412896179124,cpu_fallback,15583,27293,0,0,0,0,,,,,none
596,595,1814412896179124,1814412896348750,1814412896368000,1814412896845791,gpu_delivered,19250,169626,0,0,0,5.6199496611952782e-08,,,,,none
597,596,1814412896845791,1814412896972333,1814412896989416,1814412897512457,gpu_delivered,17083,126542,0,0,0,4.2840838432312012e-08,,,,,none
598,597,1814412897512457,1814412897654125,1814412897672083,1814412898179124,cpu_fallback,17958,141668,0,0,0,0,,,,,none
599,598,1814412898179124,1814412898314458,1814412898330041,1814412898845791,cpu_fallback,15583,135334,0,0,0,0,,,,,none
600,599,1814412898845791,1814412898985208,1814412899002875,1814412899512457,cpu_fallback,17667,139417,0,0,0,0,,,,,none
601,600,1814412899512457,1814412899652250,1814412899670333,1814412900179124,gpu_delivered,18083,139793,0,0,0,5.4016709327697754e-08,,,,,none
602,601,1814412900179124,1814412900318333,1814412900335583,1814412900845791,gpu_delivered,17250,139209,0,0,0,5.4948031902313232e-08,,,,,none
603,602,1814412900845791,1814412900982875,1814412900998625,1814412901512457,gpu_delivered,15750,137084,0,0,0,4.2840838432312012e-08,,,,,none
604,603,1814412901512457,1814412901645583,1814412901660166,1814412902179124,gpu_delivered,14583,133126,0,0,0,3.9639417082071304e-08,,,,,none
605,604,1814412902179124,1814412902241750,1814412902256000,1814412902845791,gpu_delivered,14250,62626,0,0,0,4.0978193283081055e-08,,,,,none
606,605,1814412902845791,1814412903002875,1814412903019250,1814412903512457,gpu_delivered,16375,157084,0,0,0,4.9360096454620361e-08,,,,,none
607,606,1814412903512457,1814412903642166,1814412903712916,1814412904179124,gpu_delivered,70750,129709,0,0,0,4.4703483581542969e-08,,,,,none
608,607,1814412904179124,1814412904304291,1814412904323583,1814412904845791,cpu_fallback,19292,125167,0,0,0,0,,,,,none
609,608,1814412904845791,1814412904984583,1814412905019958,1814412905512457,gpu_delivered,35375,138792,0,0,0,4.5634806156158447e-08,,,,,none
610,609,1814412905512457,1814412905643916,1814412905660625,1814412906179124,gpu_delivered,16709,131459,0,0,0,6.4261257648468018e-08,,,,,none
611,610,1814412906179124,1814412906315583,1814412906332083,1814412906845791,gpu_delivered,16500,136459,0,0,0,5.9371814131736755e-08,,,,,none
612,611,1814412906845791,1814412906983791,1814412907000458,1814412907512457,gpu_delivered,16667,138000,0,0,0,4.6682544052600861e-08,,,,,none
613,612,1814412907512457,1814412907652500,1814412907670208,1814412908179124,gpu_delivered,17708,140043,0,0,0,5.657784640789032e-08,,,,,none
614,613,1814412908179124,1814412908235375,1814412908252166,1814412908845791,gpu_delivered,16791,56251,0,0,0,4.9825757741928101e-08,,,,,none
615,614,1814412908845791,1814412909066833,1814412909099583,1814412909512457,gpu_delivered,32750,221042,0,0,0,3.7252902984619141e-08,,,,,none
616,615,1814412909512457,1814412909646416,1814412909664083,1814412910179124,gpu_delivered,17667,133959,0,0,0,3.9348378777503967e-08,,,,,none
617,616,1814412910179124,1814412910318041,1814412910341166,1814412910845791,gpu_delivered,23125,138917,0,0,0,4.7963112592697144e-08,,,,,none
618,617,1814412910845791,1814412910985625,1814412911001833,1814412911512457,gpu_delivered,16208,139834,0,0,0,4.3306499719619751e-08,,,,,none
619,618,1814412911512457,1814412911575791,1814412911592500,1814412912179124,gpu_delivered,16709,63334,0,0,0,2.9336661100387573e-08,,,,,none
620,619,1814412912179124,1814412912332833,1814412912349791,1814412912845791,gpu_delivered,16958,153709,0,0,0,4.377216100692749e-08,,,,,none
621,620,1814412912845791,1814412912978708,1814412912999041,1814412913512457,gpu_delivered,20333,132917,0,0,0,4.9360096454620361e-08,,,,,none
622,621,1814412913512457,1814412913646875,1814412913664166,1814412914179124,gpu_delivered,17291,134418,0,0,0,5.5879354476928711e-08,,,,,none
623,622,1814412914179124,1814412914257416,1814412914273833,1814412914845791,gpu_delivered,16417,78292,0,0,0,7.4971467256546021e-08,,,,,none
624,623,1814412914845791,1814412914917333,1814412914934250,1814412915512457,cpu_fallback,16917,71542,0,0,0,0,,,,,none
625,624,1814412915512457,1814412915570291,1814412915587500,1814412916179124,gpu_delivered,17209,57834,0,0,0,4.1909515857696533e-08,,,,,none
626,625,1814412916179124,1814412916339458,1814412916365833,1814412916845791,gpu_delivered,26375,160334,0,0,0,3.7252902984619141e-08,,,,,none
627,626,1814412916845791,1814412916992875,1814412917009500,1814412917512457,gpu_delivered,16625,147084,0,0,0,3.457535058259964e-08,,,,,none
628,627,1814412917512457,1814412917643541,1814412917659583,1814412918179124,gpu_delivered,16042,131084,0,0,0,3.6787241697311401e-08,,,,,none
629,628,1814412918179124,1814412918315750,1814412918332583,1814412918845791,gpu_delivered,16833,136626,0,0,0,3.5390257835388184e-08,,,,,none
630,629,1814412918845791,1814412918979166,1814412918996125,1814412919512457,gpu_delivered,16959,133375,0,0,0,3.6321580410003662e-08,,,,,none
631,630,1814412919512457,1814412919660291,1814412919676750,1814412920179124,gpu_delivered,16459,147834,0,0,0,5.4016709327697754e-08,,,,,none
632,631,1814412920179124,1814412920316041,1814412920332416,1814412920845791,gpu_delivered,16375,136917,0,0,0,6.5308995544910431e-08,,,,,none
633,632,1814412920845791,1814412920900041,1814412920916500,1814412921512457,cpu_fallback,16459,54250,0,0,0,0,,,,,none
634,633,1814412921512457,1814412921668541,1814412921686583,1814412922179124,gpu_delivered,18042,156084,0,0,0,3.4458935260772705e-08,,,,,none
635,634,1814412922179124,1814412922311916,1814412922329208,1814412922845791,gpu_delivered,17292,132792,0,0,0,3.8184225559234619e-08,,,,,none
636,635,1814412922845791,1814412922979958,1814412922998166,1814412923512457,gpu_delivered,18208,134167,0,0,0,3.8649886846542358e-08,,,,,none
637,636,1814412923512457,1814412923646416,1814412923663708,1814412924179124,gpu_delivered,17292,133959,0,0,0,4.1909515857696533e-08,,,,,none
638,637,1814412924179124,1814412924237750,1814412924254375,1814412924845791,gpu_delivered,16625,58626,0,0,0,6.0535967350006104e-08,,,,,none
639,638,1814412924845791,1814412925001250,1814412925017791,1814412925512457,gpu_delivered,16541,155459,0,0,0,4.4703483581542969e-08,,,,,none
640,639,1814412925512457,1814412925540750,1814412925556625,1814412926179124,gpu_delivered,15875,28293,0,0,0,4.3335603550076485e-08,,,,,none
641,640,1814412926179124,1814412926340041,1814412926356291,1814412926845791,gpu_delivered,16250,160917,0,0,0,4.2608007788658142e-08,,,,,none
642,641,1814412926845791,1814412926867416,1814412926882916,1814412927512457,cpu_fallback,15500,21625,0,0,0,0,,,,,none
643,642,1814412927512457,1814412927582625,1814412927599791,1814412928179124,gpu_delivered,17166,70168,0,0,0,5.7509168982505798e-08,,,,,none
644,643,1814412928179124,1814412928330458,1814412928346958,1814412928845791,gpu_delivered,16500,151334,0,0,0,4.8894435167312622e-08,,,,,none
645,644,1814412928845791,1814412928874541,1814412928890666,1814412929512457,gpu_delivered,16125,28750,0,0,0,3.4458935260772705e-08,,,,,none
646,645,1814412929512457,1814412929560916,1814412929577125,1814412930179124,gpu_delivered,16209,48459,0,0,0,4.4703483581542969e-08,,,,,none
647,646,1814412930179124,1814412930337125,1814412930354458,1814412930845791,gpu_delivered,17333,158001,0,0,0,3.3644028007984161e-08,,,,,none
648,647,1814412930845791,1814412930974166,1814412930989625,1814412931512457,gpu_delivered,15459,128375,0,0,0,4.2069586925208569e-08,,,,,none
649,648,1814412931512457,1814412931648333,1814412931665208,1814412932179124,cpu_fallback,16875,135876,0,0,0,0,,,,,none
650,649,1814412932179124,1814412932316541,1814412932333833,1814412932845791,cpu_fallback,17292,137417,0,0,0,0,,,,,none
651,650,1814412932845791,1814412932980291,1814412932999041,1814412933512457,cpu_fallback,18750,134500,0,0,0,0,,,,,none
652,651,1814412933512457,1814412933646791,1814412933663541,1814412934179124,cpu_fallback,16750,134334,0,0,0,0,,,,,none
653,652,1814412934179124,1814412934273125,1814412934289625,1814412934845791,gpu_delivered,16500,94001,0,0,0,4.0978193283081055e-08,,,,,none
654,653,1814412934845791,1814412934990625,1814412935006791,1814412935512457,gpu_delivered,16166,144834,0,0,0,5.634501576423645e-08,,,,,none
655,654,1814412935512457,1814412935521625,1814412935538000,1814412936179124,gpu_delivered,16375,9168,0,0,0,7.4971467256546021e-08,,,,,none
656,655,1814412936179124,1814412936206958,1814412936223458,1814412936845791,gpu_delivered,16500,27834,0,0,0,4.2375177145004272e-08,,,,,none
657,656,1814412936845791,1814412936898541,1814412936914833,1814412937512457,gpu_delivered,16292,52750,0,0,0,3.3760443329811096e-08,,,,,none
658,657,1814412937512457,1814412937560166,1814412937577916,1814412938179124,gpu_delivered,17750,47709,0,0,0,3.6321580410003662e-08,,,,,none
659,658,1814412938179124,1814412938335000,1814412938351541,1814412938845791,gpu_delivered,16541,155876,0,0,0,4.5634806156158447e-08,,,,,none
660,659,1814412938845791,1814412938975875,1814412938992333,1814412939512457,gpu_delivered,16458,130084,0,0,0,3.9581209421157837e-08,,,,,none
661,660,1814412939512457,1814412939648666,1814412939664916,1814412940179124,gpu_delivered,16250,136209,0,0,0,4.2840838432312012e-08,,,,,none
662,661,1814412940179124,1814412940315541,1814412940331750,1814412940845791,gpu_delivered,16209,136417,0,0,0,4.6100467443466187e-08,,,,,none
663,662,1814412940845791,1814412940984500,1814412941012750,1814412941512457,gpu_delivered,28250,138709,0,0,0,3.8649886846542358e-08,,,,,none
664,663,1814412941512457,1814412941643500,1814412941659875,1814412942179124,gpu_delivered,16375,131043,0,0,0,4.4470652937889099e-08,,,,,none
665,664,1814412942179124,1814412942316916,1814412942332833,1814412942845791,gpu_delivered,15917,137792,0,0,0,4.4936314225196838e-08,,,,,none
666,665,1814412942845791,1814412942888416,1814412942909333,1814412943512457,gpu_delivered,20917,42625,0,0,0,4.1909515857696533e-08,,,,,none
667,666,1814412943512457,1814412943670583,1814412943687083,1814412944179124,gpu_delivered,16500,158126,0,0,0,3.2596290111541748e-08,,,,,none
668,667,1814412944179124,1814412944310333,1814412944326875,1814412944845791,gpu_delivered,16542,131209,0,0,0,4.7031790018081665e-08,,,,,none
669,668,1814412944845791,1814412944958250,1814412944975166,1814412945512457,gpu_delivered,16916,112459,0,0,0,4.5634806156158447e-08,,,,,none
670,669,1814412945512457,1814412945652458,1814412945669291,1814412946179124,cpu_fallback,16833,140001,0,0,0,0,,,,,none
671,670,1814412946179124,1814412946245833,1814412946262458,1814412946845791,cpu_fallback,16625,66709,0,0,0,0,,,,,none
672,671,1814412946845791,1814412946900083,1814412946915791,1814412947512457,cpu_fallback,15708,54292,0,0,0,0,,,,,none
673,672,1814412947512457,1814412947671291,1814412947687375,1814412948179124,cpu_fallback,16084,158834,0,0,0,0,,,,,none
674,673,1814412948179124,1814412948308583,1814412948325625,1814412948845791,cpu_fallback,17042,129459,0,0,0,0,,,,,none
675,674,1814412948845791,1814412948982916,1814412948999166,1814412949512457,gpu_delivered,16250,137125,0,0,0,3.3527612686157227e-08,,,,,none
676,675,1814412949512457,1814412949654791,1814412949671166,1814412950179124,gpu_delivered,16375,142334,0,0,0,3.3527612686157227e-08,,,,,none
677,676,1814412950179124,1814412950316125,1814412950332291,1814412950845791,gpu_delivered,16166,137001,0,0,0,3.5855919122695923e-08,,,,,none
678,677,1814412950845791,1814412950903416,1814412950928250,1814412951512457,gpu_delivered,24834,57625,0,0,0,2.8870999813079834e-08,,,,,none
679,678,1814412951512457,1814412951672083,1814412951690375,1814412952179124,gpu_delivered,18292,159626,0,0,0,4.5169144868850708e-08,,,,,none
680,679,1814412952179124,1814412952308083,1814412952324750,1814412952845791,gpu_delivered,16667,128959,0,0,0,4.3306499719619751e-08,,,,,none
681,680,1814412952845791,1814412952983625,1814412953001833,1814412953512457,gpu_delivered,18208,137834,0,0,0,3.3993273973464966e-08,,,,,none
682,681,1814412953512457,1814412953647083,1814412953663208,1814412954179124,gpu_delivered,16125,134626,0,0,0,4.7963112592697144e-08,,,,,none
683,682,1814412954179124,1814412954256666,1814412954274416,1814412954845791,gpu_delivered,17750,77542,0,0,0,4.7963112592697144e-08,,,,,none
684,683,1814412954845791,1814412954904083,1814412954921208,1814412955512457,gpu_delivered,17125,58292,0,0,0,6.7055225372314453e-08,,,,,none
685,684,1814412955512457,1814412955665541,1814412955682375,1814412956179124,gpu_delivered,16834,153084,0,0,0,5.4948031902313232e-08,,,,,none
686,685,1814412956179124,1814412956292291,1814412956308750,1814412956845791,gpu_delivered,16459,113167,0,0,0,4.8894435167312622e-08,,,,,none
687,686,1814412956845791,1814412956985625,1814412957002333,1814412957512457,gpu_delivered,16708,139834,0,0,0,3.3993273973464966e-08,,,,,none
688,687,1814412957512457,1814412957645750,1814412957661958,1814412958179124,gpu_delivered,16208,133293,0,0,0,4.377216100692749e-08,,,,,none
689,688,1814412958179124,1814412958315041,1814412958331083,1814412958845791,gpu_delivered,16042,135917,0,0,0,4.7031790018081665e-08,,,,,none
690,689,1814412958845791,1814412958986541,1814412959003500,1814412959512457,gpu_delivered,16959,140750,0,0,0,5.0757080316543579e-08,,,,,none
691,690,1814412959512457,1814412959648916,1814412959666083,1814412960179124,gpu_delivered,17167,136459,0,0,0,5.9604644775390625e-08,,,,,none
692,691,1814412960179124,1814412960314583,1814412960331875,1814412960845791,gpu_delivered,17292,135459,0,0,0,6.1001628637313843e-08,,,,,none
693,692,1814412960845791,1814412960944750,1814412960990083,1814412961512457,gpu_delivered,45333,98959,0,0,0,3.3527612686157227e-08,,,,,none
694,693,1814412961512457,1814412961650750,1814412961666375,1814412962179124,gpu_delivered,15625,138293,0,0,0,4.0512531995773315e-08,,,,,none
695,694,1814412962179124,1814412962318250,1814412962334041,1814412962845791,gpu_delivered,15791,139126,0,0,0,4.0046870708465576e-08,,,,,none
696,695,1814412962845791,1814412962979208,1814412962995125,1814412963512457,cpu_fallback,15917,133417,0,0,0,0,,,,,none
697,696,1814412963512457,1814412963648416,1814412963663916,1814412964179124,gpu_delivered,15500,135959,0,0,0,6.4261257648468018e-08,,,,,none
698,697,1814412964179124,1814412964314291,1814412964330375,1814412964845791,gpu_delivered,16084,135167,0,0,0,4.3539330363273621e-08,,,,,none
699,698,1814412964845791,1814412964980000,1814412964996375,1814412965512457,gpu_delivered,16375,134209,0,0,0,5.4948031902313232e-08,,,,,none
700,699,1814412965512457,1814412965647000,1814412965663333,1814412966179124,gpu_delivered,16333,134543,0,0,0,5.029141902923584e-08,,,,,none
701,700,1814412966179124,1814412966313875,1814412966329375,1814412966845791,gpu_delivered,15500,134751,0,0,0,6.0535967350006104e-08,,,,,none
702,701,1814412966845791,1814412966980416,1814412966996166,1814412967512457,gpu_delivered,15750,134625,0,0,0,4.7613866627216339e-08,,,,,none
703,702,1814412967512457,1814412967647833,1814412967664250,1814412968179124,gpu_delivered,16417,135376,0,0,0,4.2375177145004272e-08,,,,,none
704,703,1814412968179124,1814412968306750,1814412968322458,1814412968845791,gpu_delivered,15708,127626,0,0,0,3.166496753692627e-08,,,,,none
705,704,1814412968845791,1814412968983083,1814412968998833,1814412969512457,gpu_delivered,15750,137292,0,0,0,3.3993273973464966e-08,,,,,none
706,705,1814412969512457,1814412969648958,1814412969666208,1814412970179124,gpu_delivered,17250,136501,0,0,0,3.4458935260772705e-08,,,,,none
707,706,1814412970179124,1814412970313500,1814412970330041,1814412970845791,gpu_delivered,16541,134376,0,0,0,3.2130628824234009e-08,,,,,none
708,707,1814412970845791,1814412970908041,1814412970924541,1814412971512457,gpu_delivered,16500,62250,0,0,0,4.2840838432312012e-08,,,,,none
709,708,1814412971512457,1814412971664750,1814412971681416,1814412972179124,gpu_delivered,16666,152293,0,0,0,4.377216100692749e-08,,,,,none
710,709,1814412972179124,1814412972260875,1814412972276958,1814412972845791,gpu_delivered,16083,81751,0,0,0,6.1467289924621582e-08,,,,,none
711,710,1814412972845791,1814412972994333,1814412973010375,1814412973512457,gpu_delivered,16042,148542,0,0,0,3.5506673157215118e-08,,,,,none
712,711,1814412973512457,1814412973643791,1814412973659916,1814412974179124,gpu_delivered,16125,131334,0,0,0,5.4948031902313232e-08,,,,,none
713,712,1814412974179124,1814412974284458,1814412974301083,1814412974845791,gpu_delivered,16625,105334,0,0,0,4.4237822294235229e-08,,,,,none
714,713,1814412974845791,1814412974988625,1814412975005625,1814412975512457,gpu_delivered,17000,142834,0,0,0,5.029141902923584e-08,,,,,none
715,714,1814412975512457,1814412975581875,1814412975599333,1814412976179124,gpu_delivered,17458,69418,0,0,0,3.3527612686157227e-08,,,,,none
716,715,1814412976179124,1814412976277125,1814412976294625,1814412976845791,gpu_delivered,17500,98001,0,0,0,3.7252902984619141e-08,,,,,none
717,716,1814412976845791,1814412976992583,1814412977010041,1814412977512457,gpu_delivered,17458,146792,0,0,0,4.6798959374427795e-08,,,,,none
718,717,1814412977512457,1814412977649625,1814412977666625,1814412978179124,gpu_delivered,17000,137168,0,0,0,3.6088749766349792e-08,,,,,none
719,718,1814412978179124,1814412978236125,1814412978253375,1814412978845791,gpu_delivered,17250,57001,0,0,0,4.5634806156158447e-08,,,,,none
720,719,1814412978845791,1814412978909375,1814412978926416,1814412979512457,gpu_delivered,17041,63584,0,0,0,5.029141902923584e-08,,,,,none
721,720,1814412979512457,1814412979565541,1814412979582416,1814412980179124,cpu_fallback,16875,53084,0,0,0,0,,,,,none
722,721,1814412980179124,1814412980335458,1814412980354500,1814412980845791,gpu_delivered,19042,156334,0,0,0,3.4924596548080444e-08,,,,,none
723,722,1814412980845791,1814412980891333,1814412980907541,1814412981512457,cpu_fallback,16208,45542,0,0,0,0,,,,,none
724,723,1814412981512457,1814412981663583,1814412981679750,1814412982179124,gpu_delivered,16167,151126,0,0,0,4.9360096454620361e-08,,,,,none
725,724,1814412982179124,1814412982215083,1814412982231583,1814412982845791,gpu_delivered,16500,35959,0,0,0,3.5855919122695923e-08,,,,,none
726,725,1814412982845791,1814412983006250,1814412983023583,1814412983512457,gpu_delivered,17333,160459,0,0,0,3.0267983675003052e-08,,,,,none
727,726,1814412983512457,1814412983643791,1814412983661000,1814412984179124,gpu_delivered,17209,131334,0,0,0,4.0046870708465576e-08,,,,,none
728,727,1814412984179124,1814412984219125,1814412984236791,1814412984845791,gpu_delivered,17666,40001,0,0,0,5.7741999626159668e-08,,,,,none
729,728,1814412984845791,1814412984881625,1814412984898583,1814412985512457,gpu_delivered,16958,35834,0,0,0,7.2643160820007324e-08,,,,,none
730,729,1814412985512457,1814412985672291,1814412985688125,1814412986179124,gpu_delivered,15834,159834,0,0,0,5.4249539971351624e-08,,,,,none
731,730,1814412986179124,1814412986307875,1814412986323916,1814412986845791,gpu_delivered,16041,128751,0,0,0,5.7974830269813538e-08,,,,,none
732,731,1814412986845791,1814412986983750,1814412987002291,1814412987512457,gpu_delivered,18541,137959,0,0,0,4.1676685214042664e-08,,,,,none
733,732,1814412987512457,1814412987651208,1814412987668791,1814412988179124,gpu_delivered,17583,138751,0,0,0,4.7264620661735535e-08,,,,,none
734,733,1814412988179124,1814412988312458,1814412988329458,1814412988845791,gpu_delivered,17000,133334,0,0,0,3.4458935260772705e-08,,,,,none
735,734,1814412988845791,1814412988983666,1814412989000583,1814412989512457,gpu_delivered,16917,137875,0,0,0,4.0978193283081055e-08,,,,,none
736,735,1814412989512457,1814412989627583,1814412989643458,1814412990179124,gpu_delivered,15875,115126,0,0,0,3.8184225559234619e-08,,,,,none
737,736,1814412990179124,1814412990191333,1814412990208166,1814412990845791,gpu_delivered,16833,12209,0,0,0,4.0512531995773315e-08,,,,,none
738,737,1814412990845791,1814412991013208,1814412991029333,1814412991512457,gpu_delivered,16125,167417,0,0,0,3.3993273973464966e-08,,,,,none
739,738,1814412991512457,1814412991578208,1814412991594916,1814412992179124,gpu_delivered,16708,65751,0,0,0,4.0046870708465576e-08,,,,,none
740,739,1814412992179124,1814412992336041,1814412992351916,1814412992845791,gpu_delivered,15875,156917,0,0,0,4.0978193283081055e-08,,,,,none
741,740,1814412992845791,1814412992975083,1814412992990625,1814412993512457,gpu_delivered,15542,129292,0,0,0,7.2643160820007324e-08,,,,,none
742,741,1814412993512457,1814412993650708,1814412993668291,1814412994179124,gpu_delivered,17583,138251,0,0,0,3.8417056202888489e-08,,,,,none
743,742,1814412994179124,1814412994248208,1814412994275708,1814412994845791,gpu_delivered,27500,69084,0,0,0,4.6566128730773926e-08,,,,,none
744,743,1814412994845791,1814412994996208,1814412995014083,1814412995512457,gpu_delivered,17875,150417,0,0,0,5.9604644775390625e-08,,,,,none
745,744,1814412995512457,1814412995642875,1814412995659375,1814412996179124,gpu_delivered,16500,130418,0,0,0,5.7509168982505798e-08,,,,,none
746,745,1814412996179124,1814412996315166,1814412996331875,1814412996845791,cpu_fallback,16709,136042,0,0,0,0,,,,,none
747,746,1814412996845791,1814412996982541,1814412996999583,1814412997512457,gpu_delivered,17042,136750,0,0,0,4.4703483581542969e-08,,,,,none
748,747,1814412997512457,1814412997625875,1814412997643708,1814412998179124,cpu_fallback,17833,113418,0,0,0,0,,,,,none
749,748,1814412998179124,1814412998327000,1814412998344708,1814412998845791,gpu_delivered,17708,147876,0,0,0,6.1467289924621582e-08,,,,,none
750,749,1814412998845791,1814412998976958,1814412998993541,1814412999512457,gpu_delivered,16583,131167,0,0,0,4.4470652937889099e-08,,,,,none
751,750,1814412999512457,1814412999588625,1814412999605000,1814413000179124,gpu_delivered,16375,76168,0,0,0,3.6321580410003662e-08,,,,,none
752,751,1814413000179124,1814413000329583,1814413000346125,1814413000845791,gpu_delivered,16542,150459,0,0,0,4.0512531995773315e-08,,,,,none
753,752,1814413000845791,1814413000874333,1814413000899791,1814413001512457,gpu_delivered,25458,28542,0,0,0,3.2130628824234009e-08,,,,,none
754,753,1814413001512457,1814413001680791,1814413001698291,1814413002179124,gpu_delivered,17500,168334,0,0,0,3.0733644962310791e-08,,,,,none
755,754,1814413002179124,1814413002306208,1814413002323291,1814413002845791,gpu_delivered,17083,127084,0,0,0,3.2072421163320541e-08,,,,,none
756,755,1814413002845791,1814413002984750,1814413003001541,1814413003512457,gpu_delivered,16791,138959,0,0,0,4.0512531995773315e-08,,,,,none
757,756,1814413003512457,1814413003648791,1814413003669541,1814413004179124,gpu_delivered,20750,136334,0,0,0,3.9581209421157837e-08,,,,,none
758,757,1814413004179124,1814413004232458,1814413004260541,1814413004845791,gpu_delivered,28083,53334,0,0,0,3.5855919122695923e-08,,,,,none
759,758,1814413004845791,1814413005005333,1814413005030333,1814413005512457,gpu_delivered,25000,159542,0,0,0,5.4715201258659363e-08,,,,,none
760,759,1814413005512457,1814413005642708,1814413005659041,1814413006179124,gpu_delivered,16333,130251,0,0,0,5.4016709327697754e-08,,,,,none
761,760,1814413006179124,1814413006315333,1814413006332083,1814413006845791,gpu_delivered,16750,136209,0,0,0,6.3097104430198669e-08,,,,,none
762,761,1814413006845791,1814413006942833,1814413006959291,1814413007512457,gpu_delivered,16458,97042,0,0,0,3.771856427192688e-08,,,,,none
763,762,1814413007512457,1814413007657250,1814413007682416,1814413008179124,gpu_delivered,25166,144793,0,0,0,4.7497451305389404e-08,,,,,none
764,763,1814413008179124,1814413008282958,1814413008298916,1814413008845791,gpu_delivered,15958,103834,0,0,0,4.6566128730773926e-08,,,,,none
765,764,1814413008845791,1814413008991041,1814413009009291,1814413009512457,gpu_delivered,18250,145250,0,0,0,3.0850060284137726e-08,,,,,none
766,765,1814413009512457,1814413009645791,1814413009660041,1814413010179124,gpu_delivered,14250,133334,0,0,0,4.2840838432312012e-08,,,,,none
767,766,1814413010179124,1814413010317833,1814413010336000,1814413010845791,cpu_fallback,18167,138709,0,0,0,0,,,,,none
768,767,1814413010845791,1814413010984166,1814413011000875,1814413011512457,gpu_delivered,16709,138375,0,0,0,3.6321580410003662e-08,,,,,none
769,768,1814413011512457,1814413011582291,1814413011599791,1814413012179124,gpu_delivered,17500,69834,0,0,0,3.8184225559234619e-08,,,,,none
770,769,1814413012179124,1814413012201708,1814413012217750,1814413012845791,gpu_delivered,16042,22584,0,0,0,4.8894435167312622e-08,,,,,none
771,770,1814413012845791,1814413013015625,1814413013032375,1814413013512457,cpu_fallback,16750,169834,0,0,0,0,,,,,none
772,771,1814413013512457,1814413013637125,1814413013653958,1814413014179124,gpu_delivered,16833,124668,0,0,0,3.5506673157215118e-08,,,,,none
773,772,1814413014179124,1814413014298208,1814413014315166,1814413014845791,cpu_fallback,16958,119084,0,0,0,0,,,,,none
774,773,1814413014845791,1814413014984208,1814413015002291,1814413015512457,cpu_fallback,18083,138417,0,0,0,0,,,,,none
775,774,1814413015512457,1814413015540916,1814413015558416,1814413016179124,gpu_delivered,17500,28459,0,0,0,4.2840838432312012e-08,,,,,none
776,775,1814413016179124,1814413016244083,1814413016261166,1814413016845791,gpu_delivered,17083,64959,0,0,0,7.3108822107315063e-08,,,,,none
777,776,1814413016845791,1814413016996916,1814413017014333,1814413017512457,gpu_delivered,17417,151125,0,0,0,5.4948031902313232e-08,,,,,none
778,777,1814413017512457,1814413017641583,1814413017658875,1814413018179124,gpu_delivered,17292,129126,0,0,0,5.5413693189620972e-08,,,,,none
779,778,1814413018179124,1814413018317166,1814413018333541,1814413018845791,gpu_delivered,16375,138042,0,0,0,5.0757080316543579e-08,,,,,none
780,779,1814413018845791,1814413018961333,1814413018977875,1814413019512457,gpu_delivered,16542,115542,0,0,0,5.7043507695198059e-08,,,,,none
781,780,1814413019512457,1814413019572041,1814413019588958,1814413020179124,gpu_delivered,16917,59584,0,0,0,4.0512531995773315e-08,,,,,none
782,781,1814413020179124,1814413020334666,1814413020351958,1814413020845791,gpu_delivered,17292,155542,0,0,0,3.3527612686157227e-08,,,,,none
783,782,1814413020845791,1814413020981291,1814413020997333,1814413021512457,cpu_fallback,16042,135500,0,0,0,0,,,,,none
784,783,1814413021512457,1814413021611166,1814413021642541,1814413022179124,gpu_delivered,31375,98709,0,0,0,3.3993273973464966e-08,,,,,none
785,784,1814413022179124,1814413022320791,1814413022337125,1814413022845791,gpu_delivered,16334,141667,0,0,0,3.3061951398849487e-08,,,,,none
786,785,1814413022845791,1814413022969875,1814413022985791,1814413023512457,gpu_delivered,15916,124084,0,0,0,4.4703483581542969e-08,,,,,none
787,786,1814413023512457,1814413023652416,1814413023673708,1814413024179124,gpu_delivered,21292,139959,0,0,0,3.6554411053657532e-08,,,,,none
788,787,1814413024179124,1814413024314291,1814413024330916,1814413024845791,gpu_delivered,16625,135167,0,0,0,4.377216100692749e-08,,,,,none
789,788,1814413024845791,1814413024978500,1814413024997041,1814413025512457,gpu_delivered,18541,132709,0,0,0,4.3306499719619751e-08,,,,,none
790,789,1814413025512457,1814413025653875,1814413025672291,1814413026179124,gpu_delivered,18416,141418,0,0,0,6.4261257648468018e-08,,,,,none
791,790,1814413026179124,1814413026316875,1814413026334375,1814413026845791,cpu_fallback,17500,137751,0,0,0,0,,,,,none
792,791,1814413026845791,1814413026936166,1814413026962375,1814413027512457,gpu_delivered,26209,90375,0,0,0,4.8195943236351013e-08,,,,,none
793,792,1814413027512457,1814413027582208,1814413027612583,1814413028179124,gpu_delivered,30375,69751,0,0,0,5.6810677051544189e-08,,,,,none
794,793,1814413028179124,1814413028326416,1814413028343208,1814413028845791,gpu_delivered,16792,147292,0,0,0,4.2840838432312012e-08,,,,,none
795,794,1814413028845791,1814413028977583,1814413028993916,1814413029512457,gpu_delivered,16333,131792,0,0,0,3.8649886846542358e-08,,,,,none
796,795,1814413029512457,1814413029651208,1814413029669125,1814413030179124,cpu_fallback,17917,138751,0,0,0,0,,,,,none
797,796,1814413030179124,1814413030311708,1814413030328750,1814413030845791,cpu_fallback,17042,132584,0,0,0,0,,,,,none
798,797,1814413030845791,1814413030919208,1814413030935750,1814413031512457,cpu_fallback,16542,73417,0,0,0,0,,,,,none
799,798,1814413031512457,1814413031665916,1814413031682291,1814413032179124,gpu_delivered,16375,153459,0,0,0,5.4482370615005493e-08,,,,,none
800,799,1814413032179124,1814413032309875,1814413032325500,1814413032845791,gpu_delivered,15625,130751,0,0,0,3.9115548133850098e-08,,,,,none
801,800,1814413032845791,1814413032981000,1814413032997583,1814413033512457,gpu_delivered,16583,135209,0,0,0,3.6321580410003662e-08,,,,,none
802,801,1814413033512457,1814413033605750,1814413033623625,1814413034179124,gpu_delivered,17875,93293,0,0,0,4.1909515857696533e-08,,,,,none
803,802,1814413034179124,1814413034341500,1814413034359416,1814413034845791,gpu_delivered,17916,162376,0,0,0,3.771856427192688e-08,,,,,none
804,803,1814413034845791,1814413034931458,1814413034950041,1814413035512457,gpu_delivered,18583,85667,0,0,0,3.5390257835388184e-08,,,,,none
805,804,1814413035512457,1814413035657833,1814413035674000,1814413036179124,gpu_delivered,16167,145376,0,0,0,3.8649886846542358e-08,,,,,none
806,805,1814413036179124,1814413036188541,1814413036204833,1814413036845791,gpu_delivered,16292,9417,0,0,0,6.28642737865448e-08,,,,,none
807,806,1814413036845791,1814413037013833,1814413037030000,1814413037512457,gpu_delivered,16167,168042,0,0,0,5.6810677051544189e-08,,,,,none
808,807,1814413037512457,1814413037530458,1814413037546541,1814413038179124,gpu_delivered,16083,18001,0,0,0,5.4948031902313232e-08,,,,,none
809,808,1814413038179124,1814413038207583,1814413038224083,1814413038845791,gpu_delivered,16500,28459,0,0,0,4.8428773880004883e-08,,,,,none
810,809,1814413038845791,1814413039007375,1814413039024083,1814413039512457,gpu_delivered,16708,161584,0,0,0,5.4016709327697754e-08,,,,,none
811,810,1814413039512457,1814413039641666,1814413039657875,1814413040179124,gpu_delivered,16209,129209,0,0,0,4.1356543079018593e-08,,,,,none
812,811,1814413040179124,1814413040286500,1814413040302625,1814413040845791,gpu_delivered,16125,107376,0,0,0,3.8649886846542358e-08,,,,,none
813,812,1814413040845791,1814413040970458,1814413040986500,1814413041512457,gpu_delivered,16042,124667,0,0,0,3.9115548133850098e-08,,,,,none
814,813,1814413041512457,1814413041651000,1814413041667291,1814413042179124,gpu_delivered,16291,138543,0,0,0,3.0267983675003052e-08,,,,,none
815,814,1814413042179124,1814413042313416,1814413042329083,1814413042845791,gpu_delivered,15667,134292,0,0,0,3.5157427191734314e-08,,,,,none
816,815,1814413042845791,1814413042952041,1814413042968250,1814413043512457,gpu_delivered,16209,106250,0,0,0,3.7427525967359543e-08,,,,,none
817,816,1814413043512457,1814413043655291,1814413043673083,1814413044179124,gpu_delivered,17792,142834,0,0,0,3.6321580410003662e-08,,,,,none
818,817,1814413044179124,1814413044313791,1814413044330916,1814413044845791,gpu_delivered,17125,134667,0,0,0,6.2398612499237061e-08,,,,,none
819,818,1814413044845791,1814413044983958,1814413045000083,1814413045512457,gpu_delivered,16125,138167,0,0,0,5.657784640789032e-08,,,,,none
820,819,1814413045512457,1814413045645791,1814413045661583,1814413046179124,cpu_fallback,15792,133334,0,0,0,0,,,,,none
821,820,1814413046179124,1814413046312666,1814413046328375,1814413046845791,cpu_fallback,15709,133542,0,0,0,0,,,,,none
822,821,1814413046845791,1814413046982416,1814413047001791,1814413047512457,cpu_fallback,19375,136625,0,0,0,0,,,,,none
823,822,1814413047512457,1814413047547083,1814413047580625,1814413048179124,cpu_fallback,33542,34626,0,0,0,0,,,,,none
824,823,1814413048179124,1814413048341583,1814413048358125,1814413048845791,gpu_delivered,16542,162459,0,0,0,4.4994521886110306e-08,,,,,none
825,824,1814413048845791,1814413048976708,1814413048993375,1814413049512457,gpu_delivered,16667,130917,0,0,0,4.7497451305389404e-08,,,,,none
826,825,1814413049512457,1814413049636833,1814413049653958,1814413050179124,gpu_delivered,17125,124376,0,0,0,2.8870999813079834e-08,,,,,none
827,826,1814413050179124,1814413050319541,1814413050336291,1814413050845791,gpu_delivered,16750,140417,0,0,0,5.5879354476928711e-08,,,,,none
828,827,1814413050845791,1814413050982000,1814413050998583,1814413051512457,gpu_delivered,16583,136209,0,0,0,5.7974830269813538e-08,,,,,none
829,828,1814413051512457,1814413051646291,1814413051662291,1814413052179124,gpu_delivered,16000,133834,0,0,0,4.7963112592697144e-08,,,,,none
830,829,1814413052179124,1814413052322125,1814413052359333,1814413052845791,gpu_delivered,37208,143001,0,0,0,3.9581209421157837e-08,,,,,none
831,830,1814413052845791,1814413052979750,1814413052995750,1814413053512457,gpu_delivered,16000,133959,0,0,0,5.3000348998466507e-08,,,,,none
832,831,1814413053512457,1814413053647000,1814413053663916,1814413054179124,gpu_delivered,16916,134543,0,0,0,3.5390257835388184e-08,,,,,none
833,832,1814413054179124,1814413054247500,1814413054264208,1814413054845791,gpu_delivered,16708,68376,0,0,0,4.6566128730773926e-08,,,,,none
834,833,1814413054845791,1814413054933750,1814413054969333,1814413055512457,gpu_delivered,35583,87959,0,0,0,6.1467289924621582e-08,,,,,none
835,834,1814413055512457,1814413055651958,1814413055667791,1814413056179124,gpu_delivered,15833,139501,0,0,0,7.4971467256546021e-08,,,,,none
836,835,1814413056179124,1814413056303500,1814413056318791,1814413056845791,gpu_delivered,15291,124376,0,0,0,5.1222741603851318e-08,,,,,none
837,836,1814413056845791,1814413056981208,1814413056996583,1814413057512457,gpu_delivered,15375,135417,0,0,0,3.2596290111541748e-08,,,,,none
838,837,1814413057512457,1814413057645333,1814413057660875,1814413058179124,gpu_delivered,15542,132876,0,0,0,4.0512531995773315e-08,,,,,none
839,838,1814413058179124,1814413058317708,1814413058345375,1814413058845791,gpu_delivered,27667,138584,0,0,0,4.4237822294235229e-08,,,,,none
840,839,1814413058845791,1814413058975625,1814413058991458,1814413059512457,gpu_delivered,15833,129834,0,0,0,3.8649886846542358e-08,,,,,none
841,840,1814413059512457,1814413059610208,1814413059631250,1814413060179124,cpu_fallback,21042,97751,0,0,0,0,,,,,none
842,841,1814413060179124,1814413060350916,1814413060367375,1814413060845791,gpu_delivered,16459,171792,0,0,0,4.1909515857696533e-08,,,,,none
843,842,1814413060845791,1814413060985208,1814413061003000,1814413061512457,gpu_delivered,17792,139417,0,0,0,4.0978193283081055e-08,,,,,none
844,843,1814413061512457,1814413061657000,1814413061674291,1814413062179124,gpu_delivered,17291,144543,0,0,0,3.2829120755195618e-08,,,,,none
845,844,1814413062179124,1814413062311666,1814413062328875,1814413062845791,gpu_delivered,17209,132542,0,0,0,2.7706846594810486e-08,,,,,none
846,845,1814413062845791,1814413062982250,1814413063002291,1814413063512457,cpu_fallback,20041,136459,0,0,0,0,,,,,none
847,846,1814413063512457,1814413063647041,1814413063663375,1814413064179124,gpu_delivered,16334,134584,0,0,0,4.6566128730773926e-08,,,,,none
848,847,1814413064179124,1814413064315625,1814413064332375,1814413064845791,cpu_fallback,16750,136501,0,0,0,0,,,,,none
849,848,1814413064845791,1814413064984583,1814413065001458,1814413065512457,gpu_delivered,16875,138792,0,0,0,3.8184225559234619e-08,,,,,none
850,849,1814413065512457,1814413065585916,1814413065625208,1814413066179124,gpu_delivered,39292,73459,0,0,0,3.6321580410003662e-08,,,,,none
851,850,1814413066179124,1814413066324291,1814413066340458,1814413066845791,gpu_delivered,16167,145167,0,0,0,4.6333298087120056e-08,,,,,none
852,851,1814413066845791,1814413066980833,1814413066999875,1814413067512457,gpu_delivered,19042,135042,0,0,0,5.6526914704591036e-08,,,,,none
853,852,1814413067512457,1814413067540708,1814413067558666,1814413068179124,cpu_fallback,17958,28251,0,0,0,0,,,,,none
854,853,1814413068179124,1814413068279208,1814413068295208,1814413068845791,gpu_delivered,16000,100084,0,0,0,4.181856638751924e-08,,,,,none
855,854,1814413068845791,1814413068949583,1814413068966458,1814413069512457,gpu_delivered,16875,103792,0,0,0,4.3306499719619751e-08,,,,,none
856,855,1814413069512457,1814413069525083,1814413069542000,1814413070179124,gpu_delivered,16917,12626,0,0,0,4.377216100692749e-08,,,,,none
857,856,1814413070179124,1814413070344916,1814413070361541,1814413070845791,gpu_delivered,16625,165792,0,0,0,4.9360096454620361e-08,,,,,none
858,857,1814413070845791,1814413070977791,1814413070994000,1814413071512457,gpu_delivered,16209,132000,0,0,0,4.0396116673946381e-08,,,,,none
859,858,1814413071512457,1814413071648500,1814413071664375,1814413072179124,gpu_delivered,15875,136043,0,0,0,5.0873495638370514e-08,,,,,none
860,859,1814413072179124,1814413072272625,1814413072288541,1814413072845791,gpu_delivered,15916,93501,0,0,0,2.8870999813079834e-08,,,,,none
861,860,1814413072845791,1814413072930875,1814413072947000,1814413073512457,gpu_delivered,16125,85084,0,0,0,3.0733644962310791e-08,,,,,none
862,861,1814413073512457,1814413073660250,1814413073676125,1814413074179124,gpu_delivered,15875,147793,0,0,0,3.0733644962310791e-08,,,,,none
863,862,1814413074179124,1814413074313666,1814413074330041,1814413074845791,gpu_delivered,16375,134542,0,0,0,4.1443854570388794e-08,,,,,none
864,863,1814413074845791,1814413074888250,1814413074904750,1814413075512457,gpu_delivered,16500,42459,0,0,0,4.6566128730773926e-08,,,,,none
865,864,1814413075512457,1814413075670791,1814413075686750,1814413076179124,gpu_delivered,15959,158334,0,0,0,7.1711838245391846e-08,,,,,none
866,865,1814413076179124,1814413076277708,1814413076294500,1814413076845791,cpu_fallback,16792,98584,0,0,0,0,,,,,none
867,866,1814413076845791,1814413076990416,1814413077006083,1814413077512457,gpu_delivered,15667,144625,0,0,0,5.9138983488082886e-08,,,,,none
868,867,1814413077512457,1814413077541166,1814413077556916,1814413078179124,gpu_delivered,15750,28709,0,0,0,5.6810677051544189e-08,,,,,none
869,868,1814413078179124,1814413078348791,1814413078365166,1814413078845791,gpu_delivered,16375,169667,0,0,0,5.9604644775390625e-08,,,,,none
870,869,1814413078845791,1814413078948375,1814413078965791,1814413079512457,gpu_delivered,17416,102584,0,0,0,4.0046870708465576e-08,,,,,none
871,870,1814413079512457,1814413079655333,1814413079671750,1814413080179124,gpu_delivered,16417,142876,0,0,0,4.0046870708465576e-08,,,,,none
872,871,1814413080179124,1814413080315750,1814413080331666,1814413080845791,gpu_delivered,15916,136626,0,0,0,3.6787241697311401e-08,,,,,none
873,872,1814413080845791,1814413080980875,1814413080997416,1814413081512457,cpu_fallback,16541,135084,0,0,0,0,,,,,none
874,873,1814413081512457,1814413081611708,1814413081628333,1814413082179124,cpu_fallback,16625,99251,0,0,0,0,,,,,none
875,874,1814413082179124,1814413082325708,1814413082342250,1814413082845791,gpu_delivered,16542,146584,0,0,0,4.6798959374427795e-08,,,,,none
876,875,1814413082845791,1814413082859833,1814413082877333,1814413083512457,gpu_delivered,17500,14042,0,0,0,4.2840838432312012e-08,,,,,none
877,876,1814413083512457,1814413083526250,1814413083541958,1814413084179124,gpu_delivered,15708,13793,0,0,0,4.5634806156158447e-08,,,,,none
878,877,1814413084179124,1814413084343500,1814413084359250,1814413084845791,gpu_delivered,15750,164376,0,0,0,4.4645275920629501e-08,,,,,none
879,878,1814413084845791,1814413084860416,1814413084879000,1814413085512457,gpu_delivered,18584,14625,0,0,0,3.8649886846542358e-08,,,,,none
880,879,1814413085512457,1814413085677416,1814413085694666,1814413086179124,gpu_delivered,17250,164959,0,0,0,4.5634806156158447e-08,,,,,none
881,880,1814413086179124,1814413086306916,1814413086324250,1814413086845791,gpu_delivered,17334,127792,0,0,0,5.4948031902313232e-08,,,,,none
882,881,1814413086845791,1814413087002916,1814413087020000,1814413087512457,gpu_delivered,17084,157125,0,0,0,7.0780515670776367e-08,,,,,none
883,882,1814413087512457,1814413087575541,1814413087604375,1814413088179124,cpu_fallback,28834,63084,0,0,0,0,,,,,none
884,883,1814413088179124,1814413088327958,1814413088344458,1814413088845791,gpu_delivered,16500,148834,0,0,0,4.8894435167312622e-08,,,,,none
885,884,1814413088845791,1814413088978250,1814413088994250,1814413089512457,gpu_delivered,16000,132459,0,0,0,3.5390257835388184e-08,,,,,none
886,885,1814413089512457,1814413089627041,1814413089651375,1814413090179124,gpu_delivered,24334,114584,0,0,0,4.2840838432312012e-08,,,,,none
887,886,1814413090179124,1814413090277708,1814413090294625,1814413090845791,gpu_delivered,16917,98584,0,0,0,3.9115548133850098e-08,,,,,none
888,887,1814413090845791,1814413090908166,1814413090926458,1814413091512457,gpu_delivered,18292,62375,0,0,0,5.0757080316543579e-08,,,,,none
889,888,1814413091512457,1814413091571625,1814413091586208,1814413092179124,cpu_fallback,14583,59168,0,0,0,0,,,,,none
890,889,1814413092179124,1814413092335541,1814413092353625,1814413092845791,gpu_delivered,18084,156417,0,0,0,5.9138983488082886e-08,,,,,none
891,890,1814413092845791,1814413092979666,1814413093023416,1814413093512457,gpu_delivered,43750,133875,0,0,0,3.166496753692627e-08,,,,,none
892,891,1814413093512457,1814413093640875,1814413093657875,1814413094179124,cpu_fallback,17000,128418,0,0,0,0,,,,,none
893,892,1814413094179124,1814413094315708,1814413094333166,1814413094845791,gpu_delivered,17458,136584,0,0,0,4.8894435167312622e-08,,,,,none
894,893,1814413094845791,1814413094980166,1814413094996916,1814413095512457,gpu_delivered,16750,134375,0,0,0,4.6566128730773926e-08,,,,,none
895,894,1814413095512457,1814413095647250,1814413095664250,1814413096179124,gpu_delivered,17000,134793,0,0,0,3.8417056202888489e-08,,,,,none
896,895,1814413096179124,1814413096314208,1814413096333750,1814413096845791,cpu_fallback,19542,135084,0,0,0,0,,,,,none
897,896,1814413096845791,1814413096980291,1814413096996416,1814413097512457,cpu_fallback,16125,134500,0,0,0,0,,,,,none
898,897,1814413097512457,1814413097521333,1814413097538083,1814413098179124,cpu_fallback,16750,8876,0,0,0,0,,,,,none
899,898,1814413098179124,1814413098350458,1814413098367083,1814413098845791,gpu_delivered,16625,171334,0,0,0,4.6100467443466187e-08,,,,,none
900,899,1814413098845791,1814413098973416,1814413098989500,1814413099512457,gpu_delivered,16084,127625,0,0,0,4.2840838432312012e-08,,,,,none
901,900,1814413099512457,1814413099649083,1814413099664916,1814413100179124,gpu_delivered,15833,136626,0,0,0,3.119930624961853e-08,,,,,none
902,901,1814413100179124,1814413100334125,1814413100354666,1814413100845791,gpu_delivered,20541,155001,0,0,0,3.8184225559234619e-08,,,,,none
903,902,1814413100845791,1814413100976708,1814413100992875,1814413101512457,cpu_fallback,16167,130917,0,0,0,0,,,,,none
904,903,1814413101512457,1814413101653625,1814413101672125,1814413102179124,gpu_delivered,18500,141168,0,0,0,4.1909515857696533e-08,,,,,none
905,904,1814413102179124,1814413102211541,1814413102228958,1814413102845791,gpu_delivered,17417,32417,0,0,0,3.9581209421157837e-08,,,,,none
906,905,1814413102845791,1814413103009125,1814413103025541,1814413103512457,gpu_delivered,16416,163334,0,0,0,6.3329935073852539e-08,,,,,none
907,906,1814413103512457,1814413103645583,1814413103661291,1814413104179124,gpu_delivered,15708,133126,0,0,0,4.062894731760025e-08,,,,,none
908,907,1814413104179124,1814413104322916,1814413104340041,1814413104845791,gpu_delivered,17125,143792,0,0,0,4.2840838432312012e-08,,,,,none
909,908,1814413104845791,1814413104956250,1814413104985083,1814413105512457,gpu_delivered,28833,110459,0,0,0,4.7963112592697144e-08,,,,,none
910,909,1814413105512457,1814413105568083,1814413105582750,1814413106179124,gpu_delivered,14667,55626,0,0,0,3.8649886846542358e-08,,,,,none
911,910,1814413106179124,1814413106336000,1814413106363250,1814413106845791,gpu_delivered,27250,156876,0,0,0,4.5169144868850708e-08,,,,,none
912,911,1814413106845791,1814413106871208,1814413106884291,1814413107512457,gpu_delivered,13083,25417,0,0,0,3.3527612686157227e-08,,,,,none
913,912,1814413107512457,1814413107680166,1814413107701083,1814413108179124,gpu_delivered,20917,167709,0,0,0,4.1443854570388794e-08,,,,,none
914,913,1814413108179124,1814413108239750,1814413108255791,1814413108845791,gpu_delivered,16041,60626,0,0,0,4.7031790018081665e-08,,,,,none
915,914,1814413108845791,1814413109005041,1814413109021083,1814413109512457,gpu_delivered,16042,159250,0,0,0,4.1443854570388794e-08,,,,,none
916,915,1814413109512457,1814413109646208,1814413109663625,1814413110179124,gpu_delivered,17417,133751,0,0,0,4.8428773880004883e-08,,,,,none
917,916,1814413110179124,1814413110252708,1814413110298500,1814413110845791,gpu_delivered,45792,73584,0,0,0,4.4703483581542969e-08,,,,,none
918,917,1814413110845791,1814413110995500,1814413111012875,1814413111512457,gpu_delivered,17375,149709,0,0,0,5.8440491557121277e-08,,,,,none
919,918,1814413111512457,1814413111543666,1814413111560958,1814413112179124,gpu_delivered,17292,31209,0,0,0,5.0989910960197449e-08,,,,,none
920,919,1814413112179124,1814413112341250,1814413112357458,1814413112845791,gpu_delivered,16208,162126,0,0,0,3.8649886846542358e-08,,,,,none
921,920,1814413112845791,1814413112978333,1814413112995125,1814413113512457,gpu_delivered,16792,132542,0,0,0,4.2840838432312012e-08,,,,,none
922,921,1814413113512457,1814413113650375,1814413113668500,1814413114179124,gpu_delivered,18125,137918,0,0,0,3.0267983675003052e-08,,,,,none
923,922,1814413114179124,1814413114313375,1814413114331208,1814413114845791,gpu_delivered,17833,134251,0,0,0,4.8894435167312622e-08,,,,,none
924,923,1814413114845791,1814413114867375,1814413114884750,1814413115512457,gpu_delivered,17375,21584,0,0,0,4.377216100692749e-08,,,,,none
925,924,1814413115512457,1814413115540291,1814413115555875,1814413116179124,gpu_delivered,15584,27834,0,0,0,4.7497451305389404e-08,,,,,none
926,925,1814413116179124,1814413116345625,1814413116366041,1814413116845791,gpu_delivered,20416,166501,0,0,0,5.8673322200775146e-08,,,,,none
927,926,1814413116845791,1814413116973875,1814413116990583,1814413117512457,gpu_delivered,16708,128084,0,0,0,4.8079527914524078e-08,,,,,none
928,927,1814413117512457,1814413117582291,1814413117598708,1814413118179124,gpu_delivered,16417,69834,0,0,0,3.9115548133850098e-08,,,,,none
929,928,1814413118179124,1814413118297958,1814413118314833,1814413118845791,gpu_delivered,16875,118834,0,0,0,3.2829120755195618e-08,,,,,none
930,929,1814413118845791,1814413118985541,1814413119001916,1814413119512457,gpu_delivered,16375,139750,0,0,0,4.0163286030292511e-08,,,,,none
931,930,1814413119512457,1814413119584666,1814413119600875,1814413120179124,gpu_delivered,16209,72209,0,0,0,3.166496753692627e-08,,,,,none
932,931,1814413120179124,1814413120330291,1814413120347291,1814413120845791,gpu_delivered,17000,151167,0,0,0,3.901368472725153e-08,,,,,none
933,932,1814413120845791,1814413120883125,1814413120907416,1814413121512457,gpu_delivered,24291,37334,0,0,0,2.7008354663848877e-08,,,,,none
934,933,1814413121512457,1814413121604041,1814413121620416,1814413122179124,gpu_delivered,16375,91584,0,0,0,5.2154064178466797e-08,,,,,none
935,934,1814413122179124,1814413122220791,1814413122236791,1814413122845791,gpu_delivered,16000,41667,0,0,0,3.6787241697311401e-08,,,,,none
936,935,1814413122845791,1814413122855583,1814413122892833,1814413123512457,gpu_delivered,37250,9792,0,0,0,4.6566128730773926e-08,,,,,none
937,936,1814413123512457,1814413123674750,1814413123695833,1814413124179124,gpu_delivered,21083,162293,0,0,0,4.2840838432312012e-08,,,,,none
938,937,1814413124179124,1814413124249333,1814413124265833,1814413124845791,gpu_delivered,16500,70209,0,0,0,4.0978193283081055e-08,,,,,none
939,938,1814413124845791,1814413124946375,1814413124964291,1814413125512457,gpu_delivered,17916,100584,0,0,0,3.9115548133850098e-08,,,,,none
940,939,1814413125512457,1814413125655833,1814413125672291,1814413126179124,gpu_delivered,16458,143376,0,0,0,5.3085386753082275e-08,,,,,none
941,940,1814413126179124,1814413126312583,1814413126328833,1814413126845791,gpu_delivered,16250,133459,0,0,0,6.9616362452507019e-08,,,,,none
942,941,1814413126845791,1814413126957916,1814413126974375,1814413127512457,gpu_delivered,16459,112125,0,0,0,5.4074916988611221e-08,,,,,none
943,942,1814413127512457,1814413127617791,1814413127635125,1814413128179124,gpu_delivered,17334,105334,0,0,0,4.1909515857696533e-08,,,,,none
944,943,1814413128179124,1814413128252958,1814413128270000,1814413128845791,gpu_delivered,17042,73834,0,0,0,3.4546246752142906e-08,,,,,none
945,944,1814413128845791,1814413128997333,1814413129014458,1814413129512457,gpu_delivered,17125,151542,0,0,0,6.3329935073852539e-08,,,,,none
946,945,1814413129512457,1814413129643583,1814413129661500,1814413130179124,gpu_delivered,17917,131126,0,0,0,5.1222741603851318e-08,,,,,none
947,946,1814413130179124,1814413130262083,1814413130289791,1814413130845791,gpu_delivered,27708,82959,0,0,0,4.7264620661735535e-08,,,,,none
948,947,1814413130845791,1814413130989750,1814413131005875,1814413131512457,gpu_delivered,16125,143959,0,0,0,3.771856427192688e-08,,,,,none
949,948,1814413131512457,1814413131621750,1814413131637666,1814413132179124,gpu_delivered,15916,109293,0,0,0,3.6321580410003662e-08,,,,,none
950,949,1814413132179124,1814413132189291,1814413132205666,1814413132845791,gpu_delivered,16375,10167,0,0,0,4.4354237616062164e-08,,,,,none
951,950,1814413132845791,1814413132865458,1814413132882291,1814413133512457,gpu_delivered,16833,19667,0,0,0,2.9802322387695312e-08,,,,,none
952,951,1814413133512457,1814413133682125,1814413133702833,1814413134179124,gpu_delivered,20708,169668,0,0,0,4.3306499719619751e-08,,,,,none
953,952,1814413134179124,1814413134308500,1814413134328750,1814413134845791,gpu_delivered,20250,129376,0,0,0,3.1737727113068104e-08,,,,,none
954,953,1814413134845791,1814413134866166,1814413134879750,1814413135512457,cpu_fallback,13584,20375,0,0,0,0,,,,,none
955,954,1814413135512457,1814413135675041,1814413135689083,1814413136179124,gpu_delivered,14042,162584,0,0,0,5.005858838558197e-08,,,,,none
956,955,1814413136179124,1814413136305250,1814413136318958,1814413136845791,gpu_delivered,13708,126126,0,0,0,7.6834112405776978e-08,,,,,none
957,956,1814413136845791,1814413136867625,1814413136880583,1814413137512457,gpu_delivered,12958,21834,0,0,0,5.6694261729717255e-08,,,,,none
958,957,1814413137512457,1814413137630750,1814413137648416,1814413138179124,gpu_delivered,17666,118293,0,0,0,6.3912011682987213e-08,,,,,none
959,958,1814413138179124,1814413138317541,1814413138335875,1814413138845791,gpu_delivered,18334,138417,0,0,0,4.6566128730773926e-08,,,,,none
960,959,1814413138845791,1814413138977958,1814413138994750,1814413139512457,gpu_delivered,16792,132167,0,0,0,3.2479874789714813e-08,,,,,none
961,960,1814413139512457,1814413139615250,1814413139631625,1814413140179124,gpu_delivered,16375,102793,0,0,0,3.1897798180580139e-08,,,,,none
962,961,1814413140179124,1814413140259791,1814413140284333,1814413140845791,gpu_delivered,24542,80667,0,0,0,4.1909515857696533e-08,,,,,none
963,962,1814413140845791,1814413140958291,1814413140975708,1814413141512457,gpu_delivered,17417,112500,0,0,0,2.514570951461792e-08,,,,,none
964,963,1814413141512457,1814413141659791,1814413141675500,1814413142179124,gpu_delivered,15709,147334,0,0,0,4.9360096454620361e-08,,,,,none
965,964,1814413142179124,1814413142268458,1814413142286083,1814413142845791,gpu_delivered,17625,89334,0,0,0,4.2375177145004272e-08,,,,,none
966,965,1814413142845791,1814413142976916,1814413142993041,1814413143512457,gpu_delivered,16125,131125,0,0,0,6.891787052154541e-08,,,,,none
967,966,1814413143512457,1814413143578083,1814413143594000,1814413144179124,gpu_delivered,15917,65626,0,0,0,3.7252902984619141e-08,,,,,none
968,967,1814413144179124,1814413144334791,1814413144350416,1814413144845791,gpu_delivered,15625,155667,0,0,0,2.9802322387695312e-08,,,,,none
969,968,1814413144845791,1814413144980083,1814413144998041,1814413145512457,gpu_delivered,17958,134292,0,0,0,4.2375177145004272e-08,,,,,none
970,969,1814413145512457,1814413145628416,1814413145645875,1814413146179124,gpu_delivered,17459,115959,0,0,0,4.2840838432312012e-08,,,,,none
971,970,1814413146179124,1814413146319916,1814413146336416,1814413146845791,gpu_delivered,16500,140792,0,0,0,5.4016709327697754e-08,,,,,none
972,971,1814413146845791,1814413146959625,1814413146975916,1814413147512457,gpu_delivered,16291,113834,0,0,0,5.2619725465774536e-08,,,,,none
973,972,1814413147512457,1814413147651916,1814413147669208,1814413148179124,gpu_delivered,17292,139459,0,0,0,4.4761691242456436e-08,,,,,none
974,973,1814413148179124,1814413148227875,1814413148243541,1814413148845791,gpu_delivered,15666,48751,0,0,0,5.4016709327697754e-08,,,,,none
975,974,1814413148845791,1814413148879041,1814413148894791,1814413149512457,gpu_delivered,15750,33250,0,0,0,4.8894435167312622e-08,,,,,none
976,975,1814413149512457,1814413149676041,1814413149693458,1814413150179124,gpu_delivered,17417,163584,0,0,0,4.7381035983562469e-08,,,,,none
977,976,1814413150179124,1814413150269291,1814413150296583,1814413150845791,gpu_delivered,27292,90167,0,0,0,3.9814040064811707e-08,,,,,none
978,977,1814413150845791,1814413150992083,1814413151012291,1814413151512457,gpu_delivered,20208,146292,0,0,0,3.9115548133850098e-08,,,,,none
979,978,1814413151512457,1814413151644083,1814413151661000,1814413152179124,gpu_delivered,16917,131626,0,0,0,3.6321580410003662e-08,,,,,none
980,979,1814413152179124,1814413152283916,1814413152300750,1814413152845791,gpu_delivered,16834,104792,0,0,0,3.3527612686157227e-08,,,,,none
981,980,1814413152845791,1814413152986208,1814413153002083,1814413153512457,gpu_delivered,15875,140417,0,0,0,3.2596290111541748e-08,,,,,none
982,981,1814413153512457,1814413153610625,1814413153626875,1814413154179124,gpu_delivered,16250,98168,0,0,0,4.7497451305389404e-08,,,,,none
983,982,1814413154179124,1814413154263750,1814413154280208,1814413154845791,gpu_delivered,16458,84626,0,0,0,3.6321580410003662e-08,,,,,none
984,983,1814413154845791,1814413154900708,1814413154915083,1814413155512457,gpu_delivered,14375,54917,0,0,0,4.2142346501350403e-08,,,,,none
985,984,1814413155512457,1814413155557916,1814413155572625,1814413156179124,gpu_delivered,14709,45459,0,0,0,6.0535967350006104e-08,,,,,none
986,985,1814413156179124,1814413156194041,1814413156213791,1814413156845791,gpu_delivered,19750,14917,0,0,0,5.2154064178466797e-08,,,,,none
987,986,1814413156845791,1814413157013750,1814413157028416,1814413157512457,gpu_delivered,14666,167959,0,0,0,3.4458935260772705e-08,,,,,none
988,987,1814413157512457,1814413157641041,1814413157657666,1814413158179124,gpu_delivered,16625,128584,0,0,0,4.9825757741928101e-08,,,,,none
989,988,1814413158179124,1814413158316083,1814413158332666,1814413158845791,gpu_delivered,16583,136959,0,0,0,4.7686626203358173e-08,,,,,none
990,989,1814413158845791,1814413158985333,1814413159005666,1814413159512457,gpu_delivered,20333,139542,0,0,0,3.6321580410003662e-08,,,,,none
991,990,1814413159512457,1814413159645958,1814413159659625,1814413160179124,gpu_delivered,13667,133501,0,0,0,3.119930624961853e-08,,,,,none
992,991,1814413160179124,1814413160316541,1814413160330458,1814413160845791,gpu_delivered,13917,137417,0,0,0,6.2165781855583191e-08,,,,,none
993,992,1814413160845791,1814413160984166,1814413161003208,1814413161512457,cpu_fallback,19042,138375,0,0,0,0,,,,,none
994,993,1814413161512457,1814413161647291,1814413161664958,1814413162179124,gpu_delivered,17667,134834,0,0,0,4.0978193283081055e-08,,,,,none
995,994,1814413162179124,1814413162191750,1814413162206625,1814413162845791,gpu_delivered,14875,12626,0,0,0,6.7986547946929932e-08,,,,,none
996,995,1814413162845791,1814413163014416,1814413163031958,1814413163512457,gpu_delivered,17542,168625,0,0,0,3.905734047293663e-08,,,,,none
997,996,1814413163512457,1814413163636625,1814413163687041,1814413164179124,gpu_delivered,50416,124168,0,0,0,4.377216100692749e-08,,,,,none
998,997,1814413164179124,1814413164281791,1814413164296458,1814413164845791,gpu_delivered,14667,102667,0,0,0,3.9581209421157837e-08,,,,,none
999,998,1814413164845791,1814413164999583,1814413165016000,1814413165512457,gpu_delivered,16417,153792,0,0,0,4.5634806156158447e-08,,,,,none
1000,999,1814413165512457,1814413165642083,1814413165659500,1814413166179124,gpu_delivered,17417,129626,0,0,0,5.2386894822120667e-08,,,,,none
