block,delivered_input_sequence,scheduled_ns,start_ns,end_ns,deadline_ns,selected,callback_ns,start_lateness_ns,deadline_missed,mismatch_count,nonfinite_mismatch_count,max_finite_abs_error,first_mismatch_channel,first_mismatch_frame,first_actual,first_expected,first_mismatch_kind
0,,1814410163573833,1814410163573916,1814410163590875,1814410164240499,priming,16959,83,0,0,0,0,,,,,none
1,0,1814410164240499,1814410164446583,1814410164466500,1814410164907166,cpu_fallback,19917,206084,0,0,0,0,,,,,none
2,1,1814410164907166,1814410164957166,1814410164976166,1814410165573833,cpu_fallback,19000,50000,0,0,0,0,,,,,none
3,2,1814410165573833,1814410165594208,1814410165613625,1814410166240499,cpu_fallback,19417,20375,0,0,0,0,,,,,none
4,3,1814410166240499,1814410166398958,1814410166501958,1814410166907166,gpu_delivered,103000,158459,0,0,0,5.8673322200775146e-08,,,,,none
5,4,1814410166907166,1814410167019500,1814410167035958,1814410167573833,cpu_fallback,16458,112334,0,0,0,0,,,,,none
6,5,1814410167573833,1814410167714958,1814410167730083,1814410168240499,gpu_delivered,15125,141125,0,0,0,5.029141902923584e-08,,,,,none
7,6,1814410168240499,1814410168440625,1814410168456000,1814410168907166,cpu_fallback,15375,200126,0,0,0,0,,,,,none
8,7,1814410168907166,1814410169045791,1814410169080208,1814410169573833,cpu_fallback,34417,138625,0,0,0,0,,,,,none
9,8,1814410169573833,1814410169718166,1814410169735291,1814410170240499,gpu_delivered,17125,144333,0,0,0,3.4720869734883308e-08,,,,,none
10,9,1814410170240499,1814410170375541,1814410170396791,1814410170907166,gpu_delivered,21250,135042,0,0,0,4.4237822294235229e-08,,,,,none
11,10,1814410170907166,1814410171069041,1814410171087333,1814410171573833,cpu_fallback,18292,161875,0,0,0,0,,,,,none
12,11,1814410171573833,1814410171722208,1814410171750916,1814410172240499,gpu_delivered,28708,148375,0,0,0,4.0046870708465576e-08,,,,,none
13,12,1814410172240499,1814410172371500,1814410172388291,1814410172907166,cpu_fallback,16791,131001,0,0,0,0,,,,,none
14,13,1814410172907166,1814410173063250,1814410173081500,1814410173573833,cpu_fallback,18250,156084,0,0,0,0,,,,,none
15,14,1814410173573833,1814410173741000,1814410173757458,1814410174240499,cpu_fallback,16458,167167,0,0,0,0,,,,,none
16,15,1814410174240499,1814410174383333,1814410174402541,1814410174907166,cpu_fallback,19208,142834,0,0,0,0,,,,,none
17,16,1814410174907166,1814410175043250,1814410175110500,1814410175573833,gpu_delivered,67250,136084,0,0,0,4.2375177145004272e-08,,,,,none
18,17,1814410175573833,1814410175700500,1814410175718041,1814410176240499,gpu_delivered,17541,126667,0,0,0,3.4458935260772705e-08,,,,,none
19,18,1814410176240499,1814410176422250,1814410176438125,1814410176907166,cpu_fallback,15875,181751,0,0,0,0,,,,,none
20,19,1814410176907166,1814410177035500,1814410177053208,1814410177573833,gpu_delivered,17708,128334,0,0,0,3.119930624961853e-08,,,,,none
21,20,1814410177573833,1814410177714208,1814410177730291,1814410178240499,gpu_delivered,16083,140375,0,0,0,4.7963112592697144e-08,,,,,none
22,21,1814410178240499,1814410178384416,1814410178400250,1814410178907166,cpu_fallback,15834,143917,0,0,0,0,,,,,none
23,22,1814410178907166,1814410179059833,1814410179077625,1814410179573833,cpu_fallback,17792,152667,0,0,0,0,,,,,none
24,23,1814410179573833,1814410179706291,1814410179722833,1814410180240499,gpu_delivered,16542,132458,0,0,0,4.6333298087120056e-08,,,,,none
25,24,1814410180240499,1814410180384666,1814410180401958,1814410180907166,gpu_delivered,17292,144167,0,0,0,3.9581209421157837e-08,,,,,none
26,25,1814410180907166,1814410181044583,1814410181063708,1814410181573833,cpu_fallback,19125,137417,0,0,0,0,,,,,none
27,26,1814410181573833,1814410181711875,1814410181728916,1814410182240499,cpu_fallback,17041,138042,0,0,0,0,,,,,none
28,27,1814410182240499,1814410182379208,1814410182396250,1814410182907166,cpu_fallback,17042,138709,0,0,0,0,,,,,none
29,28,1814410182907166,1814410183053958,1814410183073083,1814410183573833,gpu_delivered,19125,146792,0,0,0,3.3527612686157227e-08,,,,,none
30,29,1814410183573833,1814410183782666,1814410183800208,1814410184240499,cpu_fallback,17542,208833,0,0,0,0,,,,,none
31,30,1814410184240499,1814410184360791,1814410184380416,1814410184907166,cpu_fallback,19625,120292,0,0,0,0,,,,,none
32,31,1814410184907166,1814410185010958,1814410185030833,1814410185573833,cpu_fallback,19875,103792,0,0,0,0,,,,,none
33,32,1814410185573833,1814410185720916,1814410185769208,1814410186240499,gpu_delivered,48292,147083,0,0,0,5.7741999626159668e-08,,,,,none
34,33,1814410186240499,1814410186386666,1814410186403500,1814410186907166,cpu_fallback,16834,146167,0,0,0,0,,,,,none
35,34,1814410186907166,1814410186989750,1814410187005958,1814410187573833,gpu_delivered,16208,82584,0,0,0,3.9115548133850098e-08,,,,,none
36,35,1814410187573833,1814410187724416,1814410187741541,1814410188240499,gpu_delivered,17125,150583,0,0,0,4.4470652937889099e-08,,,,,none
37,36,1814410188240499,1814410188338125,1814410188362375,1814410188907166,cpu_fallback,24250,97626,0,0,0,0,,,,,none
38,37,1814410188907166,1814410189057625,1814410189074958,1814410189573833,gpu_delivered,17333,150459,0,0,0,4.3539330363273621e-08,,,,,none
39,38,1814410189573833,1814410189707208,1814410189721958,1814410190240499,cpu_fallback,14750,133375,0,0,0,0,,,,,none
40,39,1814410190240499,1814410190286250,1814410190304166,1814410190907166,gpu_delivered,17916,45751,0,0,0,3.3993273973464966e-08,,,,,none
41,40,1814410190907166,1814410191063708,1814410191092125,1814410191573833,gpu_delivered,28417,156542,0,0,0,3.4458935260772705e-08,,,,,none
42,41,1814410191573833,1814410191723708,1814410191740375,1814410192240499,cpu_fallback,16667,149875,0,0,0,0,,,,,none
43,42,1814410192240499,1814410192376958,1814410192391791,1814410192907166,gpu_delivered,14833,136459,0,0,0,4.9360096454620361e-08,,,,,none
44,43,1814410192907166,1814410193059833,1814410193079000,1814410193573833,gpu_delivered,19167,152667,0,0,0,3.795139491558075e-08,,,,,none
45,44,1814410193573833,1814410193712250,1814410193730500,1814410194240499,gpu_delivered,18250,138417,0,0,0,4.9476511776447296e-08,,,,,none
46,45,1814410194240499,1814410194403125,1814410194420416,1814410194907166,gpu_delivered,17291,162626,0,0,0,3.2654497772455215e-08,,,,,none
47,46,1814410194907166,1814410195039583,1814410195058666,1814410195573833,gpu_delivered,19083,132417,0,0,0,4.0978193283081055e-08,,,,,none
48,47,1814410195573833,1814410195708583,1814410195726125,1814410196240499,gpu_delivered,17542,134750,0,0,0,3.6321580410003662e-08,,,,,none
49,48,1814410196240499,1814410196379333,1814410196394791,1814410196907166,gpu_delivered,15458,138834,0,0,0,7.1711838245391846e-08,,,,,none
50,49,1814410196907166,1814410197084041,1814410197101083,1814410197573833,gpu_delivered,17042,176875,0,0,0,5.9837475419044495e-08,,,,,none
51,50,1814410197573833,1814410197731791,1814410197774833,1814410198240499,cpu_fallback,43042,157958,0,0,0,0,,,,,none
52,51,1814410198240499,1814410198376208,1814410198391958,1814410198907166,gpu_delivered,15750,135709,0,0,0,5.4424162954092026e-08,,,,,none
53,52,1814410198907166,1814410199044250,1814410199085041,1814410199573833,gpu_delivered,40791,137084,0,0,0,4.6566128730773926e-08,,,,,none
54,53,1814410199573833,1814410199708625,1814410199728250,1814410200240499,cpu_fallback,19625,134792,0,0,0,0,,,,,none
55,54,1814410200240499,1814410200313583,1814410200343333,1814410200907166,cpu_fallback,29750,73084,0,0,0,0,,,,,none
56,55,1814410200907166,1814410201072125,1814410201087833,1814410201573833,gpu_delivered,15708,164959,0,0,0,3.5390257835388184e-08,,,,,none
57,56,1814410201573833,1814410201626666,1814410201642000,1814410202240499,cpu_fallback,15334,52833,0,0,0,0,,,,,none
58,57,1814410202240499,1814410202399500,1814410202424416,1814410202907166,gpu_delivered,24916,159001,0,0,0,4.6929926611483097e-08,,,,,none
59,58,1814410202907166,1814410203038750,1814410203056833,1814410203573833,gpu_delivered,18083,131584,0,0,0,3.8766302168369293e-08,,,,,none
60,59,1814410203573833,1814410203635041,1814410203663583,1814410204240499,cpu_fallback,28542,61208,0,0,0,0,,,,,none
61,60,1814410204240499,1814410204393000,1814410204410666,1814410204907166,gpu_delivered,17666,152501,0,0,0,4.6566128730773926e-08,,,,,none
62,61,1814410204907166,1814410205039625,1814410205058083,1814410205573833,gpu_delivered,18458,132459,0,0,0,5.3085386753082275e-08,,,,,none
63,62,1814410205573833,1814410205609375,1814410205627333,1814410206240499,gpu_delivered,17958,35542,0,0,0,5.9604644775390625e-08,,,,,none
64,63,1814410206240499,1814410206410750,1814410206428000,1814410206907166,gpu_delivered,17250,170251,0,0,0,5.5879354476928711e-08,,,,,none
65,64,1814410206907166,1814410207043375,1814410207059708,1814410207573833,cpu_fallback,16333,136209,0,0,0,0,,,,,none
66,65,1814410207573833,1814410207711166,1814410207730541,1814410208240499,cpu_fallback,19375,137333,0,0,0,0,,,,,none
67,66,1814410208240499,1814410208379083,1814410208395375,1814410208907166,gpu_delivered,16292,138584,0,0,0,4.0978193283081055e-08,,,,,none
68,67,1814410208907166,1814410209053833,1814410209126791,1814410209573833,gpu_delivered,72958,146667,0,0,0,3.6729034036397934e-08,,,,,none
69,68,1814410209573833,1814410209701208,1814410209718208,1814410210240499,cpu_fallback,17000,127375,0,0,0,0,,,,,none
70,69,1814410210240499,1814410210309750,1814410210328250,1814410210907166,gpu_delivered,18500,69251,0,0,0,5.7741999626159668e-08,,,,,none
71,70,1814410210907166,1814410210960666,1814410211004166,1814410211573833,cpu_fallback,43500,53500,0,0,0,0,,,,,none
72,71,1814410211573833,1814410211730916,1814410211749458,1814410212240499,gpu_delivered,18542,157083,0,0,0,4.4237822294235229e-08,,,,,none
73,72,1814410212240499,1814410212296125,1814410212317041,1814410212907166,cpu_fallback,20916,55626,0,0,0,0,,,,,none
74,73,1814410212907166,1814410213068416,1814410213088625,1814410213573833,gpu_delivered,20209,161250,0,0,0,4.1851308196783066e-08,,,,,none
75,74,1814410213573833,1814410213719541,1814410213736833,1814410214240499,gpu_delivered,17292,145708,0,0,0,3.6321580410003662e-08,,,,,none
76,75,1814410214240499,1814410214376541,1814410214393583,1814410214907166,gpu_delivered,17042,136042,0,0,0,3.8882717490196228e-08,,,,,none
77,76,1814410214907166,1814410215040500,1814410215057125,1814410215573833,gpu_delivered,16625,133334,0,0,0,4.6566128730773926e-08,,,,,none
78,77,1814410215573833,1814410215711000,1814410215752916,1814410216240499,gpu_delivered,41916,137167,0,0,0,4.0512531995773315e-08,,,,,none
79,78,1814410216240499,1814410216375333,1814410216393083,1814410216907166,cpu_fallback,17750,134834,0,0,0,0,,,,,none
80,79,1814410216907166,1814410217046791,1814410217063666,1814410217573833,gpu_delivered,16875,139625,0,0,0,3.6321580410003662e-08,,,,,none
81,80,1814410217573833,1814410217715791,1814410217732000,1814410218240499,gpu_delivered,16209,141958,0,0,0,4.0512531995773315e-08,,,,,none
82,81,1814410218240499,1814410218375083,1814410218393666,1814410218907166,gpu_delivered,18583,134584,0,0,0,5.5413693189620972e-08,,,,,none
83,82,1814410218907166,1814410219058791,1814410219076208,1814410219573833,gpu_delivered,17417,151625,0,0,0,6.0070306062698364e-08,,,,,none
84,83,1814410219573833,1814410219713375,1814410219728666,1814410220240499,cpu_fallback,15291,139542,0,0,0,0,,,,,none
85,84,1814410220240499,1814410220375875,1814410220400833,1814410220907166,cpu_fallback,24958,135376,0,0,0,0,,,,,none
86,85,1814410220907166,1814410221048041,1814410221139625,1814410221573833,cpu_fallback,91584,140875,0,0,0,0,,,,,none
87,86,1814410221573833,1814410221690833,1814410221705916,1814410222240499,gpu_delivered,15083,117000,0,0,0,3.2596290111541748e-08,,,,,none
88,87,1814410222240499,1814410222386625,1814410222403833,1814410222907166,gpu_delivered,17208,146126,0,0,0,2.9569491744041443e-08,,,,,none
89,88,1814410222907166,1814410223033208,1814410223064750,1814410223573833,gpu_delivered,31542,126042,0,0,0,3.4924596548080444e-08,,,,,none
90,89,1814410223573833,1814410223714666,1814410223731625,1814410224240499,gpu_delivered,16959,140833,0,0,0,4.377216100692749e-08,,,,,none
91,90,1814410224240499,1814410224419208,1814410224436625,1814410224907166,gpu_delivered,17417,178709,0,0,0,6.6123902797698975e-08,,,,,none
92,91,1814410224907166,1814410225033875,1814410225049250,1814410225573833,cpu_fallback,15375,126709,0,0,0,0,,,,,none
93,92,1814410225573833,1814410225729125,1814410225745541,1814410226240499,gpu_delivered,16416,155292,0,0,0,3.795139491558075e-08,,,,,none
94,93,1814410226240499,1814410226375208,1814410226391166,1814410226907166,gpu_delivered,15958,134709,0,0,0,4.8428773880004883e-08,,,,,none
95,94,1814410226907166,1814410227008750,1814410227023958,1814410227573833,cpu_fallback,15208,101584,0,0,0,0,,,,,none
96,95,1814410227573833,1814410227721416,1814410227736666,1814410228240499,gpu_delivered,15250,147583,0,0,0,4.5634806156158447e-08,,,,,none
97,96,1814410228240499,1814410228413541,1814410228431541,1814410228907166,cpu_fallback,18000,173042,0,0,0,0,,,,,none
98,97,1814410228907166,1814410229038791,1814410229055708,1814410229573833,gpu_delivered,16917,131625,0,0,0,3.3527612686157227e-08,,,,,none
99,98,1814410229573833,1814410229712333,1814410229733291,1814410230240499,gpu_delivered,20958,138500,0,0,0,4.377216100692749e-08,,,,,none
100,99,1814410230240499,1814410230397958,1814410230415583,1814410230907166,gpu_delivered,17625,157459,0,0,0,6.1001628637313843e-08,,,,,none
101,100,1814410230907166,1814410231051958,1814410231068416,1814410231573833,cpu_fallback,16458,144792,0,0,0,0,,,,,none
102,101,1814410231573833,1814410231764083,1814410231782375,1814410232240499,cpu_fallback,18292,190250,0,0,0,0,,,,,none
103,102,1814410232240499,1814410232382041,1814410232421666,1814410232907166,cpu_fallback,39625,141542,0,0,0,0,,,,,none
104,103,1814410232907166,1814410233040333,1814410233060083,1814410233573833,cpu_fallback,19750,133167,0,0,0,0,,,,,none
105,104,1814410233573833,1814410233709416,1814410233725041,1814410234240499,gpu_delivered,15625,135583,0,0,0,3.14321368932724e-08,,,,,none
106,105,1814410234240499,1814410234386166,1814410234401166,1814410234907166,gpu_delivered,15000,145667,0,0,0,3.6787241697311401e-08,,,,,none
107,106,1814410234907166,1814410235038583,1814410235053666,1814410235573833,gpu_delivered,15083,131417,0,0,0,4.0046870708465576e-08,,,,,none
108,107,1814410235573833,1814410235699000,1814410235760041,1814410236240499,gpu_delivered,61041,125167,0,0,0,4.1909515857696533e-08,,,,,none
109,108,1814410236240499,1814410236347625,1814410236377375,1814410236907166,gpu_delivered,29750,107126,0,0,0,5.4016709327697754e-08,,,,,none
110,109,1814410236907166,1814410237057583,1814410237076958,1814410237573833,gpu_delivered,19375,150417,0,0,0,4.5634806156158447e-08,,,,,none
111,110,1814410237573833,1814410237719958,1814410237750458,1814410238240499,gpu_delivered,30500,146125,0,0,0,7.1711838245391846e-08,,,,,none
112,111,1814410238240499,1814410238371458,1814410238387875,1814410238907166,cpu_fallback,16417,130959,0,0,0,0,,,,,none
113,112,1814410238907166,1814410239045416,1814410239061458,1814410239573833,gpu_delivered,16042,138250,0,0,0,4.5169144868850708e-08,,,,,none
114,113,1814410239573833,1814410239715416,1814410239746083,1814410240240499,gpu_delivered,30667,141583,0,0,0,5.029141902923584e-08,,,,,none
115,114,1814410240240499,1814410240270958,1814410240305250,1814410240907166,gpu_delivered,34292,30459,0,0,0,3.9115548133850098e-08,,,,,none
116,115,1814410240907166,1814410241083291,1814410241102125,1814410241573833,gpu_delivered,18834,176125,0,0,0,4.1909515857696533e-08,,,,,none
117,116,1814410241573833,1814410241703166,1814410241720875,1814410242240499,cpu_fallback,17709,129333,0,0,0,0,,,,,none
118,117,1814410242240499,1814410242382125,1814410242411000,1814410242907166,gpu_delivered,28875,141626,0,0,0,3.3061951398849487e-08,,,,,none
119,118,1814410242907166,1814410243061583,1814410243077541,1814410243573833,cpu_fallback,15958,154417,0,0,0,0,,,,,none
120,119,1814410243573833,1814410243707833,1814410243799083,1814410244240499,cpu_fallback,91250,134000,0,0,0,0,,,,,none
121,120,1814410244240499,1814410244360083,1814410244375083,1814410244907166,cpu_fallback,15000,119584,0,0,0,0,,,,,none
122,121,1814410244907166,1814410245069250,1814410245087458,1814410245573833,gpu_delivered,18208,162084,0,0,0,4.7497451305389404e-08,,,,,none
123,122,1814410245573833,1814410245714916,1814410245731208,1814410246240499,gpu_delivered,16292,141083,0,0,0,6.4144842326641083e-08,,,,,none
124,123,1814410246240499,1814410246382000,1814410246400250,1814410246907166,cpu_fallback,18250,141501,0,0,0,0,,,,,none
125,124,1814410246907166,1814410247105333,1814410247122250,1814410247573833,gpu_delivered,16917,198167,0,0,0,4.6798959374427795e-08,,,,,none
126,125,1814410247573833,1814410247722791,1814410247741958,1814410248240499,gpu_delivered,19167,148958,0,0,0,5.3085386753082275e-08,,,,,none
127,126,1814410248240499,1814410248370375,1814410248384750,1814410248907166,cpu_fallback,14375,129876,0,0,0,0,,,,,none
128,127,1814410248907166,1814410249057291,1814410249075416,1814410249573833,gpu_delivered,18125,150125,0,0,0,4.534376785159111e-08,,,,,none
129,128,1814410249573833,1814410249706833,1814410249723083,1814410250240499,gpu_delivered,16250,133000,0,0,0,4.5634806156158447e-08,,,,,none
130,129,1814410250240499,1814410250382166,1814410250446541,1814410250907166,gpu_delivered,64375,141667,0,0,0,3.2130628824234009e-08,,,,,none
131,130,1814410250907166,1814410251031916,1814410251050166,1814410251573833,gpu_delivered,18250,124750,0,0,0,5.1222741603851318e-08,,,,,none
132,131,1814410251573833,1814410251717875,1814410251733875,1814410252240499,cpu_fallback,16000,144042,0,0,0,0,,,,,none
133,132,1814410252240499,1814410252394666,1814410252439250,1814410252907166,gpu_delivered,44584,154167,0,0,0,4.0978193283081055e-08,,,,,none
134,133,1814410252907166,1814410252949750,1814410252966625,1814410253573833,cpu_fallback,16875,42584,0,0,0,0,,,,,none
135,134,1814410253573833,1814410253771083,1814410253823750,1814410254240499,gpu_delivered,52667,197250,0,0,0,4.8894435167312622e-08,,,,,none
136,135,1814410254240499,1814410254364666,1814410254382875,1814410254907166,gpu_delivered,18209,124167,0,0,0,3.2596290111541748e-08,,,,,none
137,136,1814410254907166,1814410255046916,1814410255064333,1814410255573833,gpu_delivered,17417,139750,0,0,0,2.9336661100387573e-08,,,,,none
138,137,1814410255573833,1814410255609625,1814410255625291,1814410256240499,cpu_fallback,15666,35792,0,0,0,0,,,,,none
139,138,1814410256240499,1814410256296750,1814410256314958,1814410256907166,gpu_delivered,18208,56251,0,0,0,5.9604644775390625e-08,,,,,none
140,139,1814410256907166,1814410257065750,1814410257083708,1814410257573833,gpu_delivered,17958,158584,0,0,0,5.634501576423645e-08,,,,,none
141,140,1814410257573833,1814410257707041,1814410257724458,1814410258240499,cpu_fallback,17417,133208,0,0,0,0,,,,,none
142,141,1814410258240499,1814410258430375,1814410258459791,1814410258907166,gpu_delivered,29416,189876,0,0,0,5.657784640789032e-08,,,,,none
143,142,1814410258907166,1814410259083375,1814410259098041,1814410259573833,cpu_fallback,14666,176209,0,0,0,0,,,,,none
144,143,1814410259573833,1814410259725708,1814410259741500,1814410260240499,gpu_delivered,15792,151875,0,0,0,4.1676685214042664e-08,,,,,none
145,144,1814410260240499,1814410260374041,1814410260390041,1814410260907166,gpu_delivered,16000,133542,0,0,0,3.4458935260772705e-08,,,,,none
146,145,1814410260907166,1814410261048083,1814410261099333,1814410261573833,gpu_delivered,51250,140917,0,0,0,3.8184225559234619e-08,,,,,none
147,146,1814410261573833,1814410261700166,1814410261717916,1814410262240499,cpu_fallback,17750,126333,0,0,0,0,,,,,none
148,147,1814410262240499,1814410262378916,1814410262394750,1814410262907166,cpu_fallback,15834,138417,0,0,0,0,,,,,none
149,148,1814410262907166,1814410263076791,1814410263093583,1814410263573833,gpu_delivered,16792,169625,0,0,0,3.5855919122695923e-08,,,,,none
150,149,1814410263573833,1814410263702916,1814410263719750,1814410264240499,cpu_fallback,16834,129083,0,0,0,0,,,,,none
151,150,1814410264240499,1814410264409583,1814410264425708,1814410264907166,gpu_delivered,16125,169084,0,0,0,5.1222741603851318e-08,,,,,none
152,151,1814410264907166,1814410265046875,1814410265064000,1814410265573833,gpu_delivered,17125,139709,0,0,0,4.0978193283081055e-08,,,,,none
153,152,1814410265573833,1814410265710916,1814410265727416,1814410266240499,gpu_delivered,16500,137083,0,0,0,4.377216100692749e-08,,,,,none
154,153,1814410266240499,1814410266374125,1814410266390000,1814410266907166,cpu_fallback,15875,133626,0,0,0,0,,,,,none
155,154,1814410266907166,1814410267015541,1814410267031500,1814410267573833,gpu_delivered,15959,108375,0,0,0,4.4703483581542969e-08,,,,,none
156,155,1814410267573833,1814410267723125,1814410267740166,1814410268240499,gpu_delivered,17041,149292,0,0,0,7.4505805969238281e-08,,,,,none
157,156,1814410268240499,1814410268370000,1814410268385208,1814410268907166,cpu_fallback,15208,129501,0,0,0,0,,,,,none
158,157,1814410268907166,1814410269044875,1814410269060791,1814410269573833,gpu_delivered,15916,137709,0,0,0,4.0803570300340652e-08,,,,,none
159,158,1814410269573833,1814410269720708,1814410269755458,1814410270240499,gpu_delivered,34750,146875,0,0,0,4.6566128730773926e-08,,,,,none
160,159,1814410270240499,1814410270371166,1814410270388750,1814410270907166,gpu_delivered,17584,130667,0,0,0,5.4948031902313232e-08,,,,,none
161,160,1814410270907166,1814410271047875,1814410271064416,1814410271573833,cpu_fallback,16541,140709,0,0,0,0,,,,,none
162,161,1814410271573833,1814410271642125,1814410271659833,1814410272240499,gpu_delivered,17708,68292,0,0,0,3.771856427192688e-08,,,,,none
163,162,1814410272240499,1814410272421541,1814410272436791,1814410272907166,gpu_delivered,15250,181042,0,0,0,4.1909515857696533e-08,,,,,none
164,163,1814410272907166,1814410273029583,1814410273043958,1814410273573833,cpu_fallback,14375,122417,0,0,0,0,,,,,none
165,164,1814410273573833,1814410273701666,1814410273716625,1814410274240499,gpu_delivered,14959,127833,0,0,0,3.6321580410003662e-08,,,,,none
166,165,1814410274240499,1814410274327083,1814410274341708,1814410274907166,gpu_delivered,14625,86584,0,0,0,3.7252902984619141e-08,,,,,none
167,166,1814410274907166,1814410275054708,1814410275070833,1814410275573833,gpu_delivered,16125,147542,0,0,0,3.2014213502407074e-08,,,,,none
168,167,1814410275573833,1814410275710333,1814410275726416,1814410276240499,cpu_fallback,16083,136500,0,0,0,0,,,,,none
169,168,1814410276240499,1814410276378625,1814410276395291,1814410276907166,gpu_delivered,16666,138126,0,0,0,3.8649886846542358e-08,,,,,none
170,169,1814410276907166,1814410277048833,1814410277067833,1814410277573833,gpu_delivered,19000,141667,0,0,0,6.263144314289093e-08,,,,,none
171,170,1814410277573833,1814410277715000,1814410277732333,1814410278240499,gpu_delivered,17333,141167,0,0,0,4.7497451305389404e-08,,,,,none
172,171,1814410278240499,1814410278396875,1814410278411916,1814410278907166,gpu_delivered,15041,156376,0,0,0,5.7945726439356804e-08,,,,,none
173,172,1814410278907166,1814410279060083,1814410279075541,1814410279573833,gpu_delivered,15458,152917,0,0,0,4.0512531995773315e-08,,,,,none
174,173,1814410279573833,1814410279712458,1814410279728625,1814410280240499,cpu_fallback,16167,138625,0,0,0,0,,,,,none
175,174,1814410280240499,1814410280377416,1814410280395333,1814410280907166,gpu_delivered,17917,136917,0,0,0,3.7252902984619141e-08,,,,,none
176,175,1814410280907166,1814410281069375,1814410281085333,1814410281573833,cpu_fallback,15958,162209,0,0,0,0,,,,,none
177,176,1814410281573833,1814410281768583,1814410281784833,1814410282240499,gpu_delivered,16250,194750,0,0,0,4.2375177145004272e-08,,,,,none
178,177,1814410282240499,1814410282373833,1814410282391500,1814410282907166,cpu_fallback,17667,133334,0,0,0,0,,,,,none
179,178,1814410282907166,1814410283074458,1814410283090583,1814410283573833,gpu_delivered,16125,167292,0,0,0,4.5634806156158447e-08,,,,,none
180,179,1814410283573833,1814410283739250,1814410283754791,1814410284240499,gpu_delivered,15541,165417,0,0,0,5.8673322200775146e-08,,,,,none
181,180,1814410284240499,1814410284379666,1814410284395166,1814410284907166,gpu_delivered,15500,139167,0,0,0,4.4470652937889099e-08,,,,,none
182,181,1814410284907166,1814410285044875,1814410285063208,1814410285573833,gpu_delivered,18333,137709,0,0,0,4.8661604523658752e-08,,,,,none
183,182,1814410285573833,1814410285775833,1814410285791666,1814410286240499,cpu_fallback,15833,202000,0,0,0,0,,,,,none
184,183,1814410286240499,1814410286365458,1814410286382500,1814410286907166,cpu_fallback,17042,124959,0,0,0,0,,,,,none
185,184,1814410286907166,1814410287045250,1814410287062291,1814410287573833,gpu_delivered,17041,138084,0,0,0,5.029141902923584e-08,,,,,none
186,185,1814410287573833,1814410287707833,1814410287723375,1814410288240499,gpu_delivered,15542,134000,0,0,0,4.8428773880004883e-08,,,,,none
187,186,1814410288240499,1814410288375458,1814410288390125,1814410288907166,gpu_delivered,14667,134959,0,0,0,5.8440491557121277e-08,,,,,none
188,187,1814410288907166,1814410289081750,1814410289097875,1814410289573833,gpu_delivered,16125,174584,0,0,0,3.8038706406950951e-08,,,,,none
189,188,1814410289573833,1814410289697833,1814410289712291,1814410290240499,cpu_fallback,14458,124000,0,0,0,0,,,,,none
190,189,1814410290240499,1814410290398583,1814410290414416,1814410290907166,gpu_delivered,15833,158084,0,0,0,6.891787052154541e-08,,,,,none
191,190,1814410290907166,1814410291051583,1814410291065958,1814410291573833,gpu_delivered,14375,144417,0,0,0,4.7963112592697144e-08,,,,,none
192,191,1814410291573833,1814410291720291,1814410291738750,1814410292240499,gpu_delivered,18459,146458,0,0,0,4.0512531995773315e-08,,,,,none
193,192,1814410292240499,1814410292376875,1814410292393708,1814410292907166,gpu_delivered,16833,136376,0,0,0,3.3527612686157227e-08,,,,,none
194,193,1814410292907166,1814410292953583,1814410292973166,1814410293573833,cpu_fallback,19583,46417,0,0,0,0,,,,,none
195,194,1814410293573833,1814410293671875,1814410293688541,1814410294240499,gpu_delivered,16666,98042,0,0,0,3.3527612686157227e-08,,,,,none
196,195,1814410294240499,1814410294290458,1814410294308375,1814410294907166,gpu_delivered,17917,49959,0,0,0,4.0046870708465576e-08,,,,,none
197,196,1814410294907166,1814410295103666,1814410295134500,1814410295573833,gpu_delivered,30834,196500,0,0,0,3.9115548133850098e-08,,,,,none
198,197,1814410295573833,1814410295706541,1814410295723875,1814410296240499,gpu_delivered,17334,132708,0,0,0,4.0512531995773315e-08,,,,,none
199,198,1814410296240499,1814410296382125,1814410296396750,1814410296907166,gpu_delivered,14625,141626,0,0,0,5.029141902923584e-08,,,,,none
200,199,1814410296907166,1814410297045916,1814410297064666,1814410297573833,gpu_delivered,18750,138750,0,0,0,4.7963112592697144e-08,,,,,none
201,200,1814410297573833,1814410297708000,1814410297725458,1814410298240499,gpu_delivered,17458,134167,0,0,0,7.2643160820007324e-08,,,,,none
202,201,1814410298240499,1814410298377750,1814410298396583,1814410298907166,gpu_delivered,18833,137251,0,0,0,5.1222741603851318e-08,,,,,none
203,202,1814410298907166,1814410299041000,1814410299059166,1814410299573833,cpu_fallback,18166,133834,0,0,0,0,,,,,none
204,203,1814410299573833,1814410299706500,1814410299725875,1814410300240499,gpu_delivered,19375,132667,0,0,0,4.377216100692749e-08,,,,,none
205,204,1814410300240499,1814410300378458,1814410300395416,1814410300907166,gpu_delivered,16958,137959,0,0,0,4.1560269892215729e-08,,,,,none
206,205,1814410300907166,1814410301062541,1814410301092708,1814410301573833,gpu_delivered,30167,155375,0,0,0,5.0407834351062775e-08,,,,,none
207,206,1814410301573833,1814410301714416,1814410301730500,1814410302240499,cpu_fallback,16084,140583,0,0,0,0,,,,,none
208,207,1814410302240499,1814410302380125,1814410302397083,1814410302907166,gpu_delivered,16958,139626,0,0,0,3.9115548133850098e-08,,,,,none
209,208,1814410302907166,1814410303042958,1814410303061458,1814410303573833,gpu_delivered,18500,135792,0,0,0,7.3574483394622803e-08,,,,,none
210,209,1814410303573833,1814410303710750,1814410303730000,1814410304240499,gpu_delivered,19250,136917,0,0,0,4.7963112592697144e-08,,,,,none
211,210,1814410304240499,1814410304392125,1814410304409916,1814410304907166,gpu_delivered,17791,151626,0,0,0,4.2899046093225479e-08,,,,,none
212,211,1814410304907166,1814410305039666,1814410305056625,1814410305573833,gpu_delivered,16959,132500,0,0,0,4.377216100692749e-08,,,,,none
213,212,1814410305573833,1814410305719375,1814410305741708,1814410306240499,gpu_delivered,22333,145542,0,0,0,3.9115548133850098e-08,,,,,none
214,213,1814410306240499,1814410306389958,1814410306406416,1814410306907166,cpu_fallback,16458,149459,0,0,0,0,,,,,none
215,214,1814410306907166,1814410306999333,1814410307017583,1814410307573833,gpu_delivered,18250,92167,0,0,0,3.795139491558075e-08,,,,,none
216,215,1814410307573833,1814410307719625,1814410307736791,1814410308240499,gpu_delivered,17166,145792,0,0,0,4.5169144868850708e-08,,,,,none
217,216,1814410308240499,1814410308263541,1814410308280000,1814410308907166,cpu_fallback,16459,23042,0,0,0,0,,,,,none
218,217,1814410308907166,1814410309069208,1814410309085291,1814410309573833,gpu_delivered,16083,162042,0,0,0,4.9360096454620361e-08,,,,,none
219,218,1814410309573833,1814410309700375,1814410309716916,1814410310240499,gpu_delivered,16541,126542,0,0,0,4.9127265810966492e-08,,,,,none
220,219,1814410310240499,1814410310288666,1814410310304000,1814410310907166,gpu_delivered,15334,48167,0,0,0,4.6333298087120056e-08,,,,,none
221,220,1814410310907166,1814410311066333,1814410311083125,1814410311573833,gpu_delivered,16792,159167,0,0,0,5.5879354476928711e-08,,,,,none
222,221,1814410311573833,1814410311705666,1814410311721833,1814410312240499,gpu_delivered,16167,131833,0,0,0,3.4226104617118835e-08,,,,,none
223,222,1814410312240499,1814410312378791,1814410312396375,1814410312907166,gpu_delivered,17584,138292,0,0,0,3.2596290111541748e-08,,,,,none
224,223,1814410312907166,1814410313045000,1814410313073500,1814410313573833,gpu_delivered,28500,137834,0,0,0,5.1222741603851318e-08,,,,,none
225,224,1814410313573833,1814410313711375,1814410313728375,1814410314240499,gpu_delivered,17000,137542,0,0,0,3.771856427192688e-08,,,,,none
226,225,1814410314240499,1814410314372333,1814410314387958,1814410314907166,gpu_delivered,15625,131834,0,0,0,4.1909515857696533e-08,,,,,none
227,226,1814410314907166,1814410315002583,1814410315018625,1814410315573833,gpu_delivered,16042,95417,0,0,0,3.6088749766349792e-08,,,,,none
228,227,1814410315573833,1814410315734125,1814410315751375,1814410316240499,gpu_delivered,17250,160292,0,0,0,4.1909515857696533e-08,,,,,none
229,228,1814410316240499,1814410316369833,1814410316386416,1814410316907166,gpu_delivered,16583,129334,0,0,0,5.2154064178466797e-08,,,,,none
230,229,1814410316907166,1814410317104083,1814410317154250,1814410317573833,gpu_delivered,50167,196917,0,0,0,5.3085386753082275e-08,,,,,none
231,230,1814410317573833,1814410317687208,1814410317704875,1814410318240499,cpu_fallback,17667,113375,0,0,0,0,,,,,none
232,231,1814410318240499,1814410318333916,1814410318370708,1814410318907166,gpu_delivered,36792,93417,0,0,0,3.795139491558075e-08,,,,,none
233,232,1814410318907166,1814410319082000,1814410319098708,1814410319573833,gpu_delivered,16708,174834,0,0,0,4.7963112592697144e-08,,,,,none
234,233,1814410319573833,1814410319717916,1814410319735375,1814410320240499,cpu_fallback,17459,144083,0,0,0,0,,,,,none
235,234,1814410320240499,1814410320372500,1814410320399416,1814410320907166,cpu_fallback,26916,132001,0,0,0,0,,,,,none
236,235,1814410320907166,1814410321042375,1814410321060416,1814410321573833,gpu_delivered,18041,135209,0,0,0,3.2596290111541748e-08,,,,,none
237,236,1814410321573833,1814410321756083,1814410321773125,1814410322240499,gpu_delivered,17042,182250,0,0,0,3.6321580410003662e-08,,,,,none
238,237,1814410322240499,1814410322363458,1814410322379625,1814410322907166,gpu_delivered,16167,122959,0,0,0,5.029141902923584e-08,,,,,none
239,238,1814410322907166,1814410323047583,1814410323065750,1814410323573833,gpu_delivered,18167,140417,0,0,0,4.8428773880004883e-08,,,,,none
240,239,1814410323573833,1814410323713750,1814410323730833,1814410324240499,gpu_delivered,17083,139917,0,0,0,4.0046870708465576e-08,,,,,none
241,240,1814410324240499,1814410324374875,1814410324392666,1814410324907166,gpu_delivered,17791,134376,0,0,0,3.9697624742984772e-08,,,,,none
242,241,1814410324907166,1814410325039333,1814410325057500,1814410325573833,gpu_delivered,18167,132167,0,0,0,3.748573362827301e-08,,,,,none
243,242,1814410325573833,1814410325712166,1814410325730000,1814410326240499,gpu_delivered,17834,138333,0,0,0,4.1909515857696533e-08,,,,,none
244,243,1814410326240499,1814410326322416,1814410326341166,1814410326907166,gpu_delivered,18750,81917,0,0,0,5.5879354476928711e-08,,,,,none
245,244,1814410326907166,1814410326926208,1814410326944291,1814410327573833,cpu_fallback,18083,19042,0,0,0,0,,,,,none
246,245,1814410327573833,1814410327721791,1814410327738416,1814410328240499,gpu_delivered,16625,147958,0,0,0,5.5879354476928711e-08,,,,,none
247,246,1814410328240499,1814410328261291,1814410328280875,1814410328907166,cpu_fallback,19584,20792,0,0,0,0,,,,,none
248,247,1814410328907166,1814410329072625,1814410329089833,1814410329573833,gpu_delivered,17208,165459,0,0,0,5.3085386753082275e-08,,,,,none
249,248,1814410329573833,1814410329734041,1814410329751583,1814410330240499,gpu_delivered,17542,160208,0,0,0,6.0535967350006104e-08,,,,,none
250,249,1814410330240499,1814410330370291,1814410330390625,1814410330907166,gpu_delivered,20334,129792,0,0,0,3.7252902984619141e-08,,,,,none
251,250,1814410330907166,1814410331047166,1814410331063458,1814410331573833,gpu_delivered,16292,140000,0,0,0,4.5634806156158447e-08,,,,,none
252,251,1814410331573833,1814410331595833,1814410331614583,1814410332240499,gpu_delivered,18750,22000,0,0,0,4.0978193283081055e-08,,,,,none
253,252,1814410332240499,1814410332257666,1814410332273750,1814410332907166,gpu_delivered,16084,17167,0,0,0,5.029141902923584e-08,,,,,none
254,253,1814410332907166,1814410332963166,1814410332978958,1814410333573833,gpu_delivered,15792,56000,0,0,0,3.4691765904426575e-08,,,,,none
255,254,1814410333573833,1814410333730166,1814410333747166,1814410334240499,gpu_delivered,17000,156333,0,0,0,3.9122824091464281e-08,,,,,none
256,255,1814410334240499,1814410334368875,1814410334385958,1814410334907166,gpu_delivered,17083,128376,0,0,0,4.1509338188916445e-08,,,,,none
257,256,1814410334907166,1814410334967000,1814410334983750,1814410335573833,gpu_delivered,16750,59834,0,0,0,4.0512531995773315e-08,,,,,none
258,257,1814410335573833,1814410335735916,1814410335767833,1814410336240499,gpu_delivered,31917,162083,0,0,0,3.9115548133850098e-08,,,,,none
259,258,1814410336240499,1814410336366916,1814410336386166,1814410336907166,gpu_delivered,19250,126417,0,0,0,5.1688402891159058e-08,,,,,none
260,259,1814410336907166,1814410337113541,1814410337150916,1814410337573833,gpu_delivered,37375,206375,0,0,0,3.7252902984619141e-08,,,,,none
261,260,1814410337573833,1814410337719375,1814410337736333,1814410338240499,cpu_fallback,16958,145542,0,0,0,0,,,,,none
262,261,1814410338240499,1814410338376416,1814410338393833,1814410338907166,cpu_fallback,17417,135917,0,0,0,0,,,,,none
263,262,1814410338907166,1814410339044833,1814410339072125,1814410339573833,gpu_delivered,27292,137667,0,0,0,6.1001628637313843e-08,,,,,none
264,263,1814410339573833,1814410339706541,1814410339723541,1814410340240499,gpu_delivered,17000,132708,0,0,0,3.9115548133850098e-08,,,,,none
265,264,1814410340240499,1814410340266416,1814410340283125,1814410340907166,gpu_delivered,16709,25917,0,0,0,3.3760443329811096e-08,,,,,none
266,265,1814410340907166,1814410341070875,1814410341089083,1814410341573833,gpu_delivered,18208,163709,0,0,0,4.9360096454620361e-08,,,,,none
267,266,1814410341573833,1814410341714166,1814410341736541,1814410342240499,gpu_delivered,22375,140333,0,0,0,4.8428773880004883e-08,,,,,none
268,267,1814410342240499,1814410342400541,1814410342418208,1814410342907166,gpu_delivered,17667,160042,0,0,0,7.1013346314430237e-08,,,,,none
269,268,1814410342907166,1814410343072125,1814410343091416,1814410343573833,cpu_fallback,19291,164959,0,0,0,0,,,,,none
270,269,1814410343573833,1814410343707958,1814410343725375,1814410344240499,gpu_delivered,17417,134125,0,0,0,3.9348378777503967e-08,,,,,none
271,270,1814410344240499,1814410344377458,1814410344395000,1814410344907166,gpu_delivered,17542,136959,0,0,0,4.5809429138898849e-08,,,,,none
272,271,1814410344907166,1814410345041291,1814410345057916,1814410345573833,gpu_delivered,16625,134125,0,0,0,3.2130628824234009e-08,,,,,none
273,272,1814410345573833,1814410345654791,1814410345671166,1814410346240499,gpu_delivered,16375,80958,0,0,0,4.7497451305389404e-08,,,,,none
274,273,1814410346240499,1814410346338416,1814410346354458,1814410346907166,gpu_delivered,16042,97917,0,0,0,4.2840838432312012e-08,,,,,none
275,274,1814410346907166,1814410347053500,1814410347070625,1814410347573833,gpu_delivered,17125,146334,0,0,0,5.0757080316543579e-08,,,,,none
276,275,1814410347573833,1814410347708333,1814410347725291,1814410348240499,cpu_fallback,16958,134500,0,0,0,0,,,,,none
277,276,1814410348240499,1814410348386166,1814410348403916,1814410348907166,gpu_delivered,17750,145667,0,0,0,6.3329935073852539e-08,,,,,none
278,277,1814410348907166,1814410349040458,1814410349056875,1814410349573833,gpu_delivered,16417,133292,0,0,0,4.3539330363273621e-08,,,,,none
279,278,1814410349573833,1814410349665833,1814410349681666,1814410350240499,gpu_delivered,15833,92000,0,0,0,4.6566128730773926e-08,,,,,none
280,279,1814410350240499,1814410350385625,1814410350401583,1814410350907166,gpu_delivered,15958,145126,0,0,0,3.3876858651638031e-08,,,,,none
281,280,1814410350907166,1814410350997125,1814410351013708,1814410351573833,gpu_delivered,16583,89959,0,0,0,3.8417056202888489e-08,,,,,none
282,281,1814410351573833,1814410351719375,1814410351735166,1814410352240499,gpu_delivered,15791,145542,0,0,0,3.2829120755195618e-08,,,,,none
283,282,1814410352240499,1814410352312083,1814410352327958,1814410352907166,gpu_delivered,15875,71584,0,0,0,3.9115548133850098e-08,,,,,none
284,283,1814410352907166,1814410353060458,1814410353077375,1814410353573833,gpu_delivered,16917,153292,0,0,0,4.1909515857696533e-08,,,,,none
285,284,1814410353573833,1814410353622666,1814410353640125,1814410354240499,gpu_delivered,17459,48833,0,0,0,3.8882717490196228e-08,,,,,none
286,285,1814410354240499,1814410354403750,1814410354430083,1814410354907166,gpu_delivered,26333,163251,0,0,0,3.1897798180580139e-08,,,,,none
287,286,1814410354907166,1814410355010333,1814410355027166,1814410355573833,cpu_fallback,16833,103167,0,0,0,0,,,,,none
288,287,1814410355573833,1814410355725375,1814410355741916,1814410356240499,gpu_delivered,16541,151542,0,0,0,6.28642737865448e-08,,,,,none
289,288,1814410356240499,1814410356376791,1814410356393833,1814410356907166,gpu_delivered,17042,136292,0,0,0,4.0046870708465576e-08,,,,,none
290,289,1814410356907166,1814410357038666,1814410357056208,1814410357573833,gpu_delivered,17542,131500,0,0,0,4.1909515857696533e-08,,,,,none
291,290,1814410357573833,1814410357683083,1814410357699958,1814410358240499,gpu_delivered,16875,109250,0,0,0,3.2596290111541748e-08,,,,,none
292,291,1814410358240499,1814410358344000,1814410358362125,1814410358907166,gpu_delivered,18125,103501,0,0,0,5.6810677051544189e-08,,,,,none
293,292,1814410358907166,1814410359054625,1814410359073375,1814410359573833,gpu_delivered,18750,147459,0,0,0,5.8207660913467407e-08,,,,,none
294,293,1814410359573833,1814410359705833,1814410359722583,1814410360240499,gpu_delivered,16750,132000,0,0,0,4.1443854570388794e-08,,,,,none
295,294,1814410360240499,1814410360381041,1814410360403375,1814410360907166,gpu_delivered,22334,140542,0,0,0,4.6566128730773926e-08,,,,,none
296,295,1814410360907166,1814410360966833,1814410360988791,1814410361573833,cpu_fallback,21958,59667,0,0,0,0,,,,,none
297,296,1814410361573833,1814410361778500,1814410361795166,1814410362240499,gpu_delivered,16666,204667,0,0,0,4.4936314225196838e-08,,,,,none
298,297,1814410362240499,1814410362372750,1814410362400625,1814410362907166,gpu_delivered,27875,132251,0,0,0,3.166496753692627e-08,,,,,none
299,298,1814410362907166,1814410363060958,1814410363079583,1814410363573833,gpu_delivered,18625,153792,0,0,0,4.5169144868850708e-08,,,,,none
300,299,1814410363573833,1814410363746125,1814410363764041,1814410364240499,cpu_fallback,17916,172292,0,0,0,0,,,,,none
301,300,1814410364240499,1814410364365583,1814410364382666,1814410364907166,cpu_fallback,17083,125084,0,0,0,0,,,,,none
302,301,1814410364907166,1814410365047083,1814410365064375,1814410365573833,gpu_delivered,17292,139917,0,0,0,4.2840838432312012e-08,,,,,none
303,302,1814410365573833,1814410365719125,1814410365735916,1814410366240499,gpu_delivered,16791,145292,0,0,0,4.1356543079018593e-08,,,,,none
304,303,1814410366240499,1814410366383416,1814410366400333,1814410366907166,gpu_delivered,16917,142917,0,0,0,4.6100467443466187e-08,,,,,none
305,304,1814410366907166,1814410367047208,1814410367063625,1814410367573833,gpu_delivered,16417,140042,0,0,0,3.5157427191734314e-08,,,,,none
306,305,1814410367573833,1814410367715500,1814410367734916,1814410368240499,gpu_delivered,19416,141667,0,0,0,4.5634806156158447e-08,,,,,none
307,306,1814410368240499,1814410368392666,1814410368411708,1814410368907166,gpu_delivered,19042,152167,0,0,0,7.543712854385376e-08,,,,,none
308,307,1814410368907166,1814410369042958,1814410369059791,1814410369573833,gpu_delivered,16833,135792,0,0,0,4.8894435167312622e-08,,,,,none
309,308,1814410369573833,1814410369717083,1814410369733208,1814410370240499,gpu_delivered,16125,143250,0,0,0,5.5413693189620972e-08,,,,,none
310,309,1814410370240499,1814410370387833,1814410370406125,1814410370907166,cpu_fallback,18292,147334,0,0,0,0,,,,,none
311,310,1814410370907166,1814410371044500,1814410371064541,1814410371573833,gpu_delivered,20041,137334,0,0,0,3.7252902984619141e-08,,,,,none
312,311,1814410371573833,1814410371705791,1814410371725958,1814410372240499,gpu_delivered,20167,131958,0,0,0,3.3527612686157227e-08,,,,,none
313,312,1814410372240499,1814410372408625,1814410372425708,1814410372907166,gpu_delivered,17083,168126,0,0,0,2.6077032089233398e-08,,,,,none
314,313,1814410372907166,1814410373050166,1814410373067541,1814410373573833,gpu_delivered,17375,143000,0,0,0,3.7020072340965271e-08,,,,,none
315,314,1814410373573833,1814410373711708,1814410373748500,1814410374240499,gpu_delivered,36792,137875,0,0,0,4.6566128730773926e-08,,,,,none
316,315,1814410374240499,1814410374384625,1814410374409875,1814410374907166,gpu_delivered,25250,144126,0,0,0,4.0046870708465576e-08,,,,,none
317,316,1814410374907166,1814410375064500,1814410375082250,1814410375573833,gpu_delivered,17750,157334,0,0,0,6.4261257648468018e-08,,,,,none
318,317,1814410375573833,1814410375715208,1814410375735041,1814410376240499,gpu_delivered,19833,141375,0,0,0,4.4703483581542969e-08,,,,,none
319,318,1814410376240499,1814410376309500,1814410376333708,1814410376907166,cpu_fallback,24208,69001,0,0,0,0,,,,,none
320,319,1814410376907166,1814410377055791,1814410377073041,1814410377573833,gpu_delivered,17250,148625,0,0,0,4.6100467443466187e-08,,,,,none
321,320,1814410377573833,1814410377708333,1814410377726375,1814410378240499,cpu_fallback,18042,134500,0,0,0,0,,,,,none
322,321,1814410378240499,1814410378426458,1814410378474875,1814410378907166,gpu_delivered,48417,185959,0,0,0,4.8894435167312622e-08,,,,,none
323,322,1814410378907166,1814410379035500,1814410379071375,1814410379573833,gpu_delivered,35875,128334,0,0,0,4.2840838432312012e-08,,,,,none
324,323,1814410379573833,1814410379615375,1814410379675541,1814410380240499,gpu_delivered,60166,41542,0,0,0,6.3329935073852539e-08,,,,,none
325,324,1814410380240499,1814410380397000,1814410380414666,1814410380907166,gpu_delivered,17666,156501,0,0,0,4.0745362639427185e-08,,,,,none
326,325,1814410380907166,1814410380936416,1814410380959375,1814410381573833,cpu_fallback,22959,29250,0,0,0,0,,,,,none
327,326,1814410381573833,1814410381634041,1814410381651750,1814410382240499,cpu_fallback,17709,60208,0,0,0,0,,,,,none
328,327,1814410382240499,1814410382394041,1814410382411208,1814410382907166,gpu_delivered,17167,153542,0,0,0,3.8649886846542358e-08,,,,,none
329,328,1814410382907166,1814410383050166,1814410383067083,1814410383573833,cpu_fallback,16917,143000,0,0,0,0,,,,,none
330,329,1814410383573833,1814410383755791,1814410383787875,1814410384240499,cpu_fallback,32084,181958,0,0,0,0,,,,,none
331,330,1814410384240499,1814410384370083,1814410384389083,1814410384907166,cpu_fallback,19000,129584,0,0,0,0,,,,,none
332,331,1814410384907166,1814410384922416,1814410384938458,1814410385573833,cpu_fallback,16042,15250,0,0,0,0,,,,,none
333,332,1814410385573833,1814410385648750,1814410385665708,1814410386240499,gpu_delivered,16958,74917,0,0,0,5.3230905905365944e-08,,,,,none
334,333,1814410386240499,1814410386321333,1814410386339875,1814410386907166,cpu_fallback,18542,80834,0,0,0,0,,,,,none
335,334,1814410386907166,1814410387055500,1814410387090500,1814410387573833,gpu_delivered,35000,148334,0,0,0,3.4458935260772705e-08,,,,,none
336,335,1814410387573833,1814410387707083,1814410387725208,1814410388240499,cpu_fallback,18125,133250,0,0,0,0,,,,,none
337,336,1814410388240499,1814410388376791,1814410388393500,1814410388907166,gpu_delivered,16709,136292,0,0,0,6.1932951211929321e-08,,,,,none
338,337,1814410388907166,1814410389048583,1814410389066291,1814410389573833,gpu_delivered,17708,141417,0,0,0,5.7392753660678864e-08,,,,,none
339,338,1814410389573833,1814410389723041,1814410389741333,1814410390240499,gpu_delivered,18292,149208,0,0,0,3.7369318306446075e-08,,,,,none
340,339,1814410390240499,1814410390376166,1814410390410541,1814410390907166,gpu_delivered,34375,135667,0,0,0,4.5401975512504578e-08,,,,,none
341,340,1814410390907166,1814410391038333,1814410391055041,1814410391573833,cpu_fallback,16708,131167,0,0,0,0,,,,,none
342,341,1814410391573833,1814410391708000,1814410391735291,1814410392240499,gpu_delivered,27291,134167,0,0,0,4.8428773880004883e-08,,,,,none
343,342,1814410392240499,1814410392390916,1814410392408250,1814410392907166,gpu_delivered,17334,150417,0,0,0,3.771856427192688e-08,,,,,none
344,343,1814410392907166,1814410393046625,1814410393072333,1814410393573833,gpu_delivered,25708,139459,0,0,0,3.9115548133850098e-08,,,,,none
345,344,1814410393573833,1814410393742958,1814410393759916,1814410394240499,gpu_delivered,16958,169125,0,0,0,3.7020072340965271e-08,,,,,none
346,345,1814410394240499,1814410394375416,1814410394393000,1814410394907166,cpu_fallback,17584,134917,0,0,0,0,,,,,none
347,346,1814410394907166,1814410395044791,1814410395061458,1814410395573833,gpu_delivered,16667,137625,0,0,0,3.4458935260772705e-08,,,,,none
348,347,1814410395573833,1814410395743041,1814410395759458,1814410396240499,gpu_delivered,16417,169208,0,0,0,3.5157427191734314e-08,,,,,none
349,348,1814410396240499,1814410396366625,1814410396383250,1814410396907166,gpu_delivered,16625,126126,0,0,0,4.6333298087120056e-08,,,,,none
350,349,1814410396907166,1814410397032291,1814410397051125,1814410397573833,cpu_fallback,18834,125125,0,0,0,0,,,,,none
351,350,1814410397573833,1814410397713541,1814410397731875,1814410398240499,cpu_fallback,18334,139708,0,0,0,0,,,,,none
352,351,1814410398240499,1814410398266000,1814410398283458,1814410398907166,cpu_fallback,17458,25501,0,0,0,0,,,,,none
353,352,1814410398907166,1814410399077958,1814410399097125,1814410399573833,gpu_delivered,19167,170792,0,0,0,4.8908987082540989e-08,,,,,none
354,353,1814410399573833,1814410399710875,1814410399729041,1814410400240499,gpu_delivered,18166,137042,0,0,0,3.7369318306446075e-08,,,,,none
355,354,1814410400240499,1814410400381250,1814410400397958,1814410400907166,gpu_delivered,16708,140751,0,0,0,4.7672074288129807e-08,,,,,none
356,355,1814410400907166,1814410401045625,1814410401084375,1814410401573833,gpu_delivered,38750,138459,0,0,0,4.5634806156158447e-08,,,,,none
357,356,1814410401573833,1814410401707916,1814410401726583,1814410402240499,gpu_delivered,18667,134083,0,0,0,6.891787052154541e-08,,,,,none
358,357,1814410402240499,1814410402380791,1814410402405000,1814410402907166,gpu_delivered,24209,140292,0,0,0,6.1001628637313843e-08,,,,,none
359,358,1814410402907166,1814410403048166,1814410403064666,1814410403573833,cpu_fallback,16500,141000,0,0,0,0,,,,,none
360,359,1814410403573833,1814410403799291,1814410403816458,1814410404240499,gpu_delivered,17167,225458,0,0,0,3.3061951398849487e-08,,,,,none
361,360,1814410404240499,1814410404360958,1814410404376833,1814410404907166,cpu_fallback,15875,120459,0,0,0,0,,,,,none
362,361,1814410404907166,1814410405048208,1814410405075041,1814410405573833,cpu_fallback,26833,141042,0,0,0,0,,,,,none
363,362,1814410405573833,1814410405704083,1814410405720500,1814410406240499,gpu_delivered,16417,130250,0,0,0,3.8533471524715424e-08,,,,,none
364,363,1814410406240499,1814410406377000,1814410406393958,1814410406907166,cpu_fallback,16958,136501,0,0,0,0,,,,,none
365,364,1814410406907166,1814410407048541,1814410407069041,1814410407573833,gpu_delivered,20500,141375,0,0,0,4.0978193283081055e-08,,,,,none
366,365,1814410407573833,1814410407714750,1814410407733125,1814410408240499,cpu_fallback,18375,140917,0,0,0,0,,,,,none
367,366,1814410408240499,1814410408373708,1814410408391625,1814410408907166,gpu_delivered,17917,133209,0,0,0,5.4948031902313232e-08,,,,,none
368,367,1814410408907166,1814410409076291,1814410409093500,1814410409573833,cpu_fallback,17209,169125,0,0,0,0,,,,,none
369,368,1814410409573833,1814410409709708,1814410409726250,1814410410240499,gpu_delivered,16542,135875,0,0,0,4.6333298087120056e-08,,,,,none
370,369,1814410410240499,1814410410389166,1814410410406458,1814410410907166,gpu_delivered,17292,148667,0,0,0,4.0978193283081055e-08,,,,,none
371,370,1814410410907166,1814410411042000,1814410411059125,1814410411573833,gpu_delivered,17125,134834,0,0,0,5.6810677051544189e-08,,,,,none
372,371,1814410411573833,1814410411723750,1814410411741750,1814410412240499,gpu_delivered,18000,149917,0,0,0,3.6787241697311401e-08,,,,,none
373,372,1814410412240499,1814410412382291,1814410412398958,1814410412907166,gpu_delivered,16667,141792,0,0,0,3.7252902984619141e-08,,,,,none
374,373,1814410412907166,1814410413045708,1814410413061958,1814410413573833,gpu_delivered,16250,138542,0,0,0,4.5634806156158447e-08,,,,,none
375,374,1814410413573833,1814410413711458,1814410413740291,1814410414240499,gpu_delivered,28833,137625,0,0,0,3.3061951398849487e-08,,,,,none
376,375,1814410414240499,1814410414383041,1814410414400833,1814410414907166,cpu_fallback,17792,142542,0,0,0,0,,,,,none
377,376,1814410414907166,1814410415059458,1814410415106625,1814410415573833,cpu_fallback,47167,152292,0,0,0,0,,,,,none
378,377,1814410415573833,1814410415595458,1814410415618041,1814410416240499,cpu_fallback,22583,21625,0,0,0,0,,,,,none
379,378,1814410416240499,1814410416292583,1814410416308875,1814410416907166,gpu_delivered,16292,52084,0,0,0,4.2840838432312012e-08,,,,,none
380,379,1814410416907166,1814410416993291,1814410417009625,1814410417573833,cpu_fallback,16334,86125,0,0,0,0,,,,,none
381,380,1814410417573833,1814410417740500,1814410417759666,1814410418240499,gpu_delivered,19166,166667,0,0,0,3.3993273973464966e-08,,,,,none
382,381,1814410418240499,1814410418404291,1814410418422500,1814410418907166,cpu_fallback,18209,163792,0,0,0,0,,,,,none
383,382,1814410418907166,1814410419053625,1814410419072500,1814410419573833,cpu_fallback,18875,146459,0,0,0,0,,,,,none
384,383,1814410419573833,1814410419769541,1814410419786375,1814410420240499,gpu_delivered,16834,195708,0,0,0,6.3097104430198669e-08,,,,,none
385,384,1814410420240499,1814410420364458,1814410420383625,1814410420907166,cpu_fallback,19167,123959,0,0,0,0,,,,,none
386,385,1814410420907166,1814410421051541,1814410421069791,1814410421573833,gpu_delivered,18250,144375,0,0,0,4.2375177145004272e-08,,,,,none
387,386,1814410421573833,1814410421735291,1814410421753333,1814410422240499,gpu_delivered,18042,161458,0,0,0,5.1688402891159058e-08,,,,,none
388,387,1814410422240499,1814410422364583,1814410422393125,1814410422907166,gpu_delivered,28542,124084,0,0,0,3.9814040064811707e-08,,,,,none
389,388,1814410422907166,1814410423045041,1814410423062833,1814410423573833,gpu_delivered,17792,137875,0,0,0,3.3061951398849487e-08,,,,,none
390,389,1814410423573833,1814410423659666,1814410423677083,1814410424240499,gpu_delivered,17417,85833,0,0,0,3.2596290111541748e-08,,,,,none
391,390,1814410424240499,1814410424391458,1814410424409083,1814410424907166,cpu_fallback,17625,150959,0,0,0,0,,,,,none
392,391,1814410424907166,1814410425044666,1814410425063625,1814410425573833,gpu_delivered,18959,137500,0,0,0,5.6097633205354214e-08,,,,,none
393,392,1814410425573833,1814410425712125,1814410425730125,1814410426240499,gpu_delivered,18000,138292,0,0,0,3.8184225559234619e-08,,,,,none
394,393,1814410426240499,1814410426376041,1814410426405291,1814410426907166,gpu_delivered,29250,135542,0,0,0,4.6566128730773926e-08,,,,,none
395,394,1814410426907166,1814410427040541,1814410427057625,1814410427573833,gpu_delivered,17084,133375,0,0,0,4.0046870708465576e-08,,,,,none
396,395,1814410427573833,1814410427709583,1814410427726916,1814410428240499,gpu_delivered,17333,135750,0,0,0,5.4948031902313232e-08,,,,,none
397,396,1814410428240499,1814410428370291,1814410428397875,1814410428907166,gpu_delivered,27584,129792,0,0,0,5.8673322200775146e-08,,,,,none
398,397,1814410428907166,1814410429047000,1814410429065125,1814410429573833,gpu_delivered,18125,139834,0,0,0,5.9604644775390625e-08,,,,,none
399,398,1814410429573833,1814410429673625,1814410429690166,1814410430240499,cpu_fallback,16541,99792,0,0,0,0,,,,,none
400,399,1814410430240499,1814410430401375,1814410430441125,1814410430907166,gpu_delivered,39750,160876,0,0,0,4.2840838432312012e-08,,,,,none
401,400,1814410430907166,1814410431053083,1814410431104458,1814410431573833,cpu_fallback,51375,145917,0,0,0,0,,,,,none
402,401,1814410431573833,1814410431707791,1814410431725875,1814410432240499,cpu_fallback,18084,133958,0,0,0,0,,,,,none
403,402,1814410432240499,1814410432438500,1814410432457333,1814410432907166,gpu_delivered,18833,198001,0,0,0,3.5797711461782455e-08,,,,,none
404,403,1814410432907166,1814410433048208,1814410433065666,1814410433573833,cpu_fallback,17458,141042,0,0,0,0,,,,,none
405,404,1814410433573833,1814410433725458,1814410433743000,1814410434240499,gpu_delivered,17542,151625,0,0,0,3.5390257835388184e-08,,,,,none
406,405,1814410434240499,1814410434380500,1814410434397958,1814410434907166,cpu_fallback,17458,140001,0,0,0,0,,,,,none
407,406,1814410434907166,1814410435086083,1814410435104375,1814410435573833,gpu_delivered,18292,178917,0,0,0,5.5413693189620972e-08,,,,,none
408,407,1814410435573833,1814410435702750,1814410435720458,1814410436240499,gpu_delivered,17708,128917,0,0,0,4.1909515857696533e-08,,,,,none
409,408,1814410436240499,1814410436379083,1814410436395791,1814410436907166,gpu_delivered,16708,138584,0,0,0,3.4924596548080444e-08,,,,,none
410,409,1814410436907166,1814410437042416,1814410437059458,1814410437573833,gpu_delivered,17042,135250,0,0,0,4.4703483581542969e-08,,,,,none
411,410,1814410437573833,1814410437708708,1814410437725583,1814410438240499,gpu_delivered,16875,134875,0,0,0,4.2375177145004272e-08,,,,,none
412,411,1814410438240499,1814410438373708,1814410438390416,1814410438907166,gpu_delivered,16708,133209,0,0,0,5.657784640789032e-08,,,,,none
413,412,1814410438907166,1814410439050291,1814410439122291,1814410439573833,gpu_delivered,72000,143125,0,0,0,5.0757080316543579e-08,,,,,none
414,413,1814410439573833,1814410439712000,1814410439729791,1814410440240499,cpu_fallback,17791,138167,0,0,0,0,,,,,none
415,414,1814410440240499,1814410440382625,1814410440399583,1814410440907166,gpu_delivered,16958,142126,0,0,0,5.9138983488082886e-08,,,,,none
416,415,1814410440907166,1814410441087750,1814410441104833,1814410441573833,cpu_fallback,17083,180584,0,0,0,0,,,,,none
417,416,1814410441573833,1814410441699291,1814410441716791,1814410442240499,cpu_fallback,17500,125458,0,0,0,0,,,,,none
418,417,1814410442240499,1814410442379583,1814410442396083,1814410442907166,gpu_delivered,16500,139084,0,0,0,3.2596290111541748e-08,,,,,none
419,418,1814410442907166,1814410442963208,1814410442987375,1814410443573833,gpu_delivered,24167,56042,0,0,0,3.4458935260772705e-08,,,,,none
420,419,1814410443573833,1814410443732333,1814410443749291,1814410444240499,gpu_delivered,16958,158500,0,0,0,3.795139491558075e-08,,,,,none
421,420,1814410444240499,1814410444382125,1814410444401041,1814410444907166,cpu_fallback,18916,141626,0,0,0,0,,,,,none
422,421,1814410444907166,1814410445044041,1814410445062500,1814410445573833,cpu_fallback,18459,136875,0,0,0,0,,,,,none
423,422,1814410445573833,1814410445708208,1814410445726041,1814410446240499,cpu_fallback,17833,134375,0,0,0,0,,,,,none
424,423,1814410446240499,1814410446378000,1814410446396666,1814410446907166,cpu_fallback,18666,137501,0,0,0,0,,,,,none
425,424,1814410446907166,1814410447051833,1814410447069750,1814410447573833,gpu_delivered,17917,144667,0,0,0,3.4458935260772705e-08,,,,,none
426,425,1814410447573833,1814410447707250,1814410447724333,1814410448240499,gpu_delivered,17083,133417,0,0,0,5.029141902923584e-08,,,,,none
427,426,1814410448240499,1814410448375416,1814410448391791,1814410448907166,gpu_delivered,16375,134917,0,0,0,5.9255398809909821e-08,,,,,none
428,427,1814410448907166,1814410449046041,1814410449064750,1814410449573833,gpu_delivered,18709,138875,0,0,0,4.8428773880004883e-08,,,,,none
429,428,1814410449573833,1814410449722541,1814410449748625,1814410450240499,gpu_delivered,26084,148708,0,0,0,3.9581209421157837e-08,,,,,none
430,429,1814410450240499,1814410450377500,1814410450396208,1814410450907166,cpu_fallback,18708,137001,0,0,0,0,,,,,none
431,430,1814410450907166,1814410450987041,1814410451004625,1814410451573833,gpu_delivered,17584,79875,0,0,0,4.0512531995773315e-08,,,,,none
432,431,1814410451573833,1814410451724916,1814410451744750,1814410452240499,gpu_delivered,19834,151083,0,0,0,3.5855919122695923e-08,,,,,none
433,432,1814410452240499,1814410452370833,1814410452388125,1814410452907166,gpu_delivered,17292,130334,0,0,0,3.5855919122695923e-08,,,,,none
434,433,1814410452907166,1814410453047666,1814410453150333,1814410453573833,gpu_delivered,102667,140500,0,0,0,4.2840838432312012e-08,,,,,none
435,434,1814410453573833,1814410453689166,1814410453706041,1814410454240499,gpu_delivered,16875,115333,0,0,0,4.8661604523658752e-08,,,,,none
436,435,1814410454240499,1814410454378458,1814410454394791,1814410454907166,gpu_delivered,16333,137959,0,0,0,6.3795596361160278e-08,,,,,none
437,436,1814410454907166,1814410455015833,1814410455031958,1814410455573833,gpu_delivered,16125,108667,0,0,0,4.1793100535869598e-08,,,,,none
438,437,1814410455573833,1814410455596083,1814410455612958,1814410456240499,gpu_delivered,16875,22250,0,0,0,5.005858838558197e-08,,,,,none
439,438,1814410456240499,1814410456392916,1814410456410083,1814410456907166,gpu_delivered,17167,152417,0,0,0,3.4458935260772705e-08,,,,,none
440,439,1814410456907166,1814410457134958,1814410457152916,1814410457573833,gpu_delivered,17958,227792,0,0,0,4.5634806156158447e-08,,,,,none
441,440,1814410457573833,1814410457686291,1814410457703291,1814410458240499,cpu_fallback,17000,112458,0,0,0,0,,,,,none
442,441,1814410458240499,1814410458386333,1814410458402833,1814410458907166,gpu_delivered,16500,145834,0,0,0,4.8894435167312622e-08,,,,,none
443,442,1814410458907166,1814410459045541,1814410459062958,1814410459573833,gpu_delivered,17417,138375,0,0,0,5.3085386753082275e-08,,,,,none
444,443,1814410459573833,1814410459713333,1814410459730083,1814410460240499,cpu_fallback,16750,139500,0,0,0,0,,,,,none
445,444,1814410460240499,1814410460375708,1814410460432875,1814410460907166,cpu_fallback,57167,135209,0,0,0,0,,,,,none
446,445,1814410460907166,1814410461111041,1814410461129083,1814410461573833,cpu_fallback,18042,203875,0,0,0,0,,,,,none
447,446,1814410461573833,1814410461770125,1814410461787500,1814410462240499,cpu_fallback,17375,196292,0,0,0,0,,,,,none
448,447,1814410462240499,1814410462316833,1814410462334083,1814410462907166,cpu_fallback,17250,76334,0,0,0,0,,,,,none
449,448,1814410462907166,1814410463062583,1814410463081333,1814410463573833,gpu_delivered,18750,155417,0,0,0,3.6321580410003662e-08,,,,,none
450,449,1814410463573833,1814410463711458,1814410463730291,1814410464240499,cpu_fallback,18833,137625,0,0,0,0,,,,,none
451,450,1814410464240499,1814410464385041,1814410464403791,1814410464907166,gpu_delivered,18750,144542,0,0,0,5.0873495638370514e-08,,,,,none
452,451,1814410464907166,1814410465049500,1814410465066708,1814410465573833,gpu_delivered,17208,142334,0,0,0,3.2829120755195618e-08,,,,,none
453,452,1814410465573833,1814410465776791,1814410465795375,1814410466240499,gpu_delivered,18584,202958,0,0,0,4.1909515857696533e-08,,,,,none
454,453,1814410466240499,1814410466362416,1814410466381416,1814410466907166,cpu_fallback,19000,121917,0,0,0,0,,,,,none
455,454,1814410466907166,1814410467055791,1814410467072958,1814410467573833,gpu_delivered,17167,148625,0,0,0,7.8231096267700195e-08,,,,,none
456,455,1814410467573833,1814410467749500,1814410467774916,1814410468240499,cpu_fallback,25416,175667,0,0,0,0,,,,,none
457,456,1814410468240499,1814410468369333,1814410468387000,1814410468907166,cpu_fallback,17667,128834,0,0,0,0,,,,,none
458,457,1814410468907166,1814410468982708,1814410469000000,1814410469573833,cpu_fallback,17292,75542,0,0,0,0,,,,,none
459,458,1814410469573833,1814410469727750,1814410469746625,1814410470240499,gpu_delivered,18875,153917,0,0,0,4.0279701352119446e-08,,,,,none
460,459,1814410470240499,1814410470407958,1814410470424333,1814410470907166,cpu_fallback,16375,167459,0,0,0,0,,,,,none
461,460,1814410470907166,1814410471044208,1814410471059750,1814410471573833,cpu_fallback,15542,137042,0,0,0,0,,,,,none
462,461,1814410471573833,1814410471708708,1814410471741916,1814410472240499,gpu_delivered,33208,134875,0,0,0,3.9755832403898239e-08,,,,,none
463,462,1814410472240499,1814410472257666,1814410472275625,1814410472907166,cpu_fallback,17959,17167,0,0,0,0,,,,,none
464,463,1814410472907166,1814410473086375,1814410473103750,1814410473573833,gpu_delivered,17375,179209,0,0,0,4.0046870708465576e-08,,,,,none
465,464,1814410473573833,1814410473698000,1814410473715500,1814410474240499,gpu_delivered,17500,124167,0,0,0,4.086177796125412e-08,,,,,none
466,465,1814410474240499,1814410474383250,1814410474400291,1814410474907166,gpu_delivered,17041,142751,0,0,0,4.5867636799812317e-08,,,,,none
467,466,1814410474907166,1814410474942000,1814410474958041,1814410475573833,gpu_delivered,16041,34834,0,0,0,3.4458935260772705e-08,,,,,none
468,467,1814410475573833,1814410475733333,1814410475753791,1814410476240499,gpu_delivered,20458,159500,0,0,0,3.7252902984619141e-08,,,,,none
469,468,1814410476240499,1814410476369291,1814410476385916,1814410476907166,gpu_delivered,16625,128792,0,0,0,5.1222741603851318e-08,,,,,none
470,469,1814410476907166,1814410477049833,1814410477067125,1814410477573833,gpu_delivered,17292,142667,0,0,0,3.4204276744276285e-08,,,,,none
471,470,1814410477573833,1814410477708208,1814410477727000,1814410478240499,gpu_delivered,18792,134375,0,0,0,5.4948031902313232e-08,,,,,none
472,471,1814410478240499,1814410478383250,1814410478406958,1814410478907166,gpu_delivered,23708,142751,0,0,0,6.1467289924621582e-08,,,,,none
473,472,1814410478907166,1814410478982291,1814410479000541,1814410479573833,cpu_fallback,18250,75125,0,0,0,0,,,,,none
474,473,1814410479573833,1814410479742000,1814410479759875,1814410480240499,gpu_delivered,17875,168167,0,0,0,5.2968971431255341e-08,,,,,none
475,474,1814410480240499,1814410480386041,1814410480408000,1814410480907166,gpu_delivered,21959,145542,0,0,0,6.7986547946929932e-08,,,,,none
476,475,1814410480907166,1814410481065916,1814410481084583,1814410481573833,cpu_fallback,18667,158750,0,0,0,0,,,,,none
477,476,1814410481573833,1814410481703666,1814410481721500,1814410482240499,cpu_fallback,17834,129833,0,0,0,0,,,,,none
478,477,1814410482240499,1814410482380791,1814410482409291,1814410482907166,cpu_fallback,28500,140292,0,0,0,0,,,,,none
479,478,1814410482907166,1814410483045208,1814410483061333,1814410483573833,cpu_fallback,16125,138042,0,0,0,0,,,,,none
480,479,1814410483573833,1814410483750416,1814410483768083,1814410484240499,cpu_fallback,17667,176583,0,0,0,0,,,,,none
481,480,1814410484240499,1814410484382000,1814410484399541,1814410484907166,gpu_delivered,17541,141501,0,0,0,3.8649886846542358e-08,,,,,none
482,481,1814410484907166,1814410485045291,1814410485063250,1814410485573833,cpu_fallback,17959,138125,0,0,0,0,,,,,none
483,482,1814410485573833,1814410485738000,1814410485756125,1814410486240499,gpu_delivered,18125,164167,0,0,0,3.7252902984619141e-08,,,,,none
484,483,1814410486240499,1814410486407375,1814410486431458,1814410486907166,cpu_fallback,24083,166876,0,0,0,0,,,,,none
485,484,1814410486907166,1814410487031916,1814410487047833,1814410487573833,gpu_delivered,15917,124750,0,0,0,5.4424162954092026e-08,,,,,none
486,485,1814410487573833,1814410487715333,1814410487734000,1814410488240499,gpu_delivered,18667,141500,0,0,0,3.8417056202888489e-08,,,,,none
487,486,1814410488240499,1814410488378041,1814410488396500,1814410488907166,gpu_delivered,18459,137542,0,0,0,4.6100467443466187e-08,,,,,none
488,487,1814410488907166,1814410488915125,1814410488933041,1814410489573833,gpu_delivered,17916,7959,0,0,0,5.8673322200775146e-08,,,,,none
489,488,1814410489573833,1814410489741458,1814410489770916,1814410490240499,gpu_delivered,29458,167625,0,0,0,4.2840838432312012e-08,,,,,none
490,489,1814410490240499,1814410490368541,1814410490389958,1814410490907166,gpu_delivered,21417,128042,0,0,0,4.1676685214042664e-08,,,,,none
491,490,1814410490907166,1814410491075916,1814410491093833,1814410491573833,gpu_delivered,17917,168750,0,0,0,4.0046870708465576e-08,,,,,none
492,491,1814410491573833,1814410491704333,1814410491721916,1814410492240499,gpu_delivered,17583,130500,0,0,0,4.1909515857696533e-08,,,,,none
493,492,1814410492240499,1814410492384041,1814410492400916,1814410492907166,cpu_fallback,16875,143542,0,0,0,0,,,,,none
494,493,1814410492907166,1814410493051250,1814410493071208,1814410493573833,cpu_fallback,19958,144084,0,0,0,0,,,,,none
495,494,1814410493573833,1814410493713375,1814410493731875,1814410494240499,cpu_fallback,18500,139542,0,0,0,0,,,,,none
496,495,1814410494240499,1814410494439291,1814410494457416,1814410494907166,cpu_fallback,18125,198792,0,0,0,0,,,,,none
497,496,1814410494907166,1814410495030125,1814410495047208,1814410495573833,cpu_fallback,17083,122959,0,0,0,0,,,,,none
498,497,1814410495573833,1814410495713625,1814410495735083,1814410496240499,gpu_delivered,21458,139792,0,0,0,4.1676685214042664e-08,,,,,none
499,498,1814410496240499,1814410496372875,1814410496388833,1814410496907166,gpu_delivered,15958,132376,0,0,0,3.2829120755195618e-08,,,,,none
500,499,1814410496907166,1814410497046541,1814410497063875,1814410497573833,gpu_delivered,17334,139375,0,0,0,4.2375177145004272e-08,,,,,none
501,500,1814410497573833,1814410497712041,1814410497728833,1814410498240499,gpu_delivered,16792,138208,0,0,0,4.7264620661735535e-08,,,,,none
502,501,1814410498240499,1814410498383750,1814410498402291,1814410498907166,cpu_fallback,18541,143251,0,0,0,0,,,,,none
503,502,1814410498907166,1814410499039458,1814410499055750,1814410499573833,gpu_delivered,16292,132292,0,0,0,4.9825757741928101e-08,,,,,none
504,503,1814410499573833,1814410499708375,1814410499724916,1814410500240499,cpu_fallback,16541,134542,0,0,0,0,,,,,none
505,504,1814410500240499,1814410500376958,1814410500393291,1814410500907166,gpu_delivered,16333,136459,0,0,0,4.6071363613009453e-08,,,,,none
506,505,1814410500907166,1814410501086791,1814410501105000,1814410501573833,cpu_fallback,18209,179625,0,0,0,0,,,,,none
507,506,1814410501573833,1814410501698916,1814410501728000,1814410502240499,cpu_fallback,29084,125083,0,0,0,0,,,,,none
508,507,1814410502240499,1814410502375625,1814410502392916,1814410502907166,gpu_delivered,17291,135126,0,0,0,3.3527612686157227e-08,,,,,none
509,508,1814410502907166,1814410503011166,1814410503046708,1814410503573833,cpu_fallback,35542,104000,0,0,0,0,,,,,none
510,509,1814410503573833,1814410503730083,1814410503753750,1814410504240499,gpu_delivered,23667,156250,0,0,0,3.8649886846542358e-08,,,,,none
511,510,1814410504240499,1814410504366750,1814410504394458,1814410504907166,gpu_delivered,27708,126251,0,0,0,3.6321580410003662e-08,,,,,none
512,511,1814410504907166,1814410505055041,1814410505072500,1814410505573833,gpu_delivered,17459,147875,0,0,0,3.5390257835388184e-08,,,,,none
513,512,1814410505573833,1814410505709833,1814410505728083,1814410506240499,gpu_delivered,18250,136000,0,0,0,6.5425410866737366e-08,,,,,none
514,513,1814410506240499,1814410506378875,1814410506396708,1814410506907166,gpu_delivered,17833,138376,0,0,0,4.9942173063755035e-08,,,,,none
515,514,1814410506907166,1814410507044041,1814410507062000,1814410507573833,gpu_delivered,17959,136875,0,0,0,4.5634806156158447e-08,,,,,none
516,515,1814410507573833,1814410507710541,1814410507729041,1814410508240499,gpu_delivered,18500,136708,0,0,0,4.0978193283081055e-08,,,,,none
517,516,1814410508240499,1814410508289125,1814410508323500,1814410508907166,cpu_fallback,34375,48626,0,0,0,0,,,,,none
518,517,1814410508907166,1814410509063750,1814410509081375,1814410509573833,gpu_delivered,17625,156584,0,0,0,4.1909515857696533e-08,,,,,none
519,518,1814410509573833,1814410509707166,1814410509724250,1814410510240499,cpu_fallback,17084,133333,0,0,0,0,,,,,none
520,519,1814410510240499,1814410510395916,1814410510414666,1814410510907166,cpu_fallback,18750,155417,0,0,0,0,,,,,none
521,520,1814410510907166,1814410511041375,1814410511058791,1814410511573833,gpu_delivered,17416,134209,0,0,0,3.5623088479042053e-08,,,,,none
522,521,1814410511573833,1814410511710583,1814410511729291,1814410512240499,gpu_delivered,18708,136750,0,0,0,3.7252902984619141e-08,,,,,none
523,522,1814410512240499,1814410512275166,1814410512303375,1814410512907166,cpu_fallback,28209,34667,0,0,0,0,,,,,none
524,523,1814410512907166,1814410513065666,1814410513083416,1814410513573833,gpu_delivered,17750,158500,0,0,0,4.4237822294235229e-08,,,,,none
525,524,1814410513573833,1814410513745416,1814410513773500,1814410514240499,gpu_delivered,28084,171583,0,0,0,4.9360096454620361e-08,,,,,none
526,525,1814410514240499,1814410514368416,1814410514397541,1814410514907166,cpu_fallback,29125,127917,0,0,0,0,,,,,none
527,526,1814410514907166,1814410515045708,1814410515062833,1814410515573833,cpu_fallback,17125,138542,0,0,0,0,,,,,none
528,527,1814410515573833,1814410515673500,1814410515736875,1814410516240499,cpu_fallback,63375,99667,0,0,0,0,,,,,none
529,528,1814410516240499,1814410516377375,1814410516409250,1814410516907166,cpu_fallback,31875,136876,0,0,0,0,,,,,none
530,529,1814410516907166,1814410517051750,1814410517069541,1814410517573833,gpu_delivered,17791,144584,0,0,0,3.8184225559234619e-08,,,,,none
531,530,1814410517573833,1814410517709041,1814410517725916,1814410518240499,gpu_delivered,16875,135208,0,0,0,3.3527612686157227e-08,,,,,none
532,531,1814410518240499,1814410518381583,1814410518448791,1814410518907166,gpu_delivered,67208,141084,0,0,0,4.6566128730773926e-08,,,,,none
533,532,1814410518907166,1814410518957333,1814410518982416,1814410519573833,cpu_fallback,25083,50167,0,0,0,0,,,,,none
534,533,1814410519573833,1814410519751458,1814410519770083,1814410520240499,gpu_delivered,18625,177625,0,0,0,5.7276338338851929e-08,,,,,none
535,534,1814410520240499,1814410520381416,1814410520397208,1814410520907166,cpu_fallback,15792,140917,0,0,0,0,,,,,none
536,535,1814410520907166,1814410521041958,1814410521059291,1814410521573833,cpu_fallback,17333,134792,0,0,0,0,,,,,none
537,536,1814410521573833,1814410521716500,1814410521734083,1814410522240499,gpu_delivered,17583,142667,0,0,0,5.5879354476928711e-08,,,,,none
538,537,1814410522240499,1814410522377125,1814410522394125,1814410522907166,gpu_delivered,17000,136626,0,0,0,2.8870999813079834e-08,,,,,none
539,538,1814410522907166,1814410523047750,1814410523064541,1814410523573833,gpu_delivered,16791,140584,0,0,0,3.5390257835388184e-08,,,,,none
540,539,1814410523573833,1814410523681541,1814410523714791,1814410524240499,gpu_delivered,33250,107708,0,0,0,4.1909515857696533e-08,,,,,none
541,540,1814410524240499,1814410524378375,1814410524394750,1814410524907166,gpu_delivered,16375,137876,0,0,0,3.8184225559234619e-08,,,,,none
542,541,1814410524907166,1814410525050958,1814410525068541,1814410525573833,gpu_delivered,17583,143792,0,0,0,3.9581209421157837e-08,,,,,none
543,542,1814410525573833,1814410525771000,1814410525789625,1814410526240499,gpu_delivered,18625,197167,0,0,0,3.4924596548080444e-08,,,,,none
544,543,1814410526240499,1814410526395291,1814410526412541,1814410526907166,cpu_fallback,17250,154792,0,0,0,0,,,,,none
545,544,1814410526907166,1814410527048958,1814410527068208,1814410527573833,cpu_fallback,19250,141792,0,0,0,0,,,,,none
546,545,1814410527573833,1814410527711833,1814410527729625,1814410528240499,gpu_delivered,17792,138000,0,0,0,4.377216100692749e-08,,,,,none
547,546,1814410528240499,1814410528304083,1814410528324791,1814410528907166,gpu_delivered,20708,63584,0,0,0,5.029141902923584e-08,,,,,none
548,547,1814410528907166,1814410529074708,1814410529126291,1814410529573833,gpu_delivered,51583,167542,0,0,0,6.5658241510391235e-08,,,,,none
549,548,1814410529573833,1814410529704375,1814410529722375,1814410530240499,cpu_fallback,18000,130542,0,0,0,0,,,,,none
550,549,1814410530240499,1814410530291125,1814410530308125,1814410530907166,cpu_fallback,17000,50626,0,0,0,0,,,,,none
551,550,1814410530907166,1814410530966416,1814410530997125,1814410531573833,gpu_delivered,30709,59250,0,0,0,3.3411197364330292e-08,,,,,none
552,551,1814410531573833,1814410531628666,1814410531646958,1814410532240499,cpu_fallback,18292,54833,0,0,0,0,,,,,none
553,552,1814410532240499,1814410532456708,1814410532474208,1814410532907166,gpu_delivered,17500,216209,0,0,0,5.6810677051544189e-08,,,,,none
554,553,1814410532907166,1814410533027583,1814410533045500,1814410533573833,cpu_fallback,17917,120417,0,0,0,0,,,,,none
555,554,1814410533573833,1814410533727375,1814410533750000,1814410534240499,gpu_delivered,22625,153542,0,0,0,3.8184225559234619e-08,,,,,none
556,555,1814410534240499,1814410534373000,1814410534390708,1814410534907166,cpu_fallback,17708,132501,0,0,0,0,,,,,none
557,556,1814410534907166,1814410535014125,1814410535031916,1814410535573833,gpu_delivered,17791,106959,0,0,0,2.7706846594810486e-08,,,,,none
558,557,1814410535573833,1814410535743291,1814410535759583,1814410536240499,gpu_delivered,16292,169458,0,0,0,4.2375177145004272e-08,,,,,none
559,558,1814410536240499,1814410536370041,1814410536388708,1814410536907166,cpu_fallback,18667,129542,0,0,0,0,,,,,none
560,559,1814410536907166,1814410537046625,1814410537069000,1814410537573833,cpu_fallback,22375,139459,0,0,0,0,,,,,none
561,560,1814410537573833,1814410537708041,1814410537725750,1814410538240499,cpu_fallback,17709,134208,0,0,0,0,,,,,none
562,561,1814410538240499,1814410538382250,1814410538399875,1814410538907166,cpu_fallback,17625,141751,0,0,0,0,,,,,none
563,562,1814410538907166,1814410539048041,1814410539064791,1814410539573833,gpu_delivered,16750,140875,0,0,0,6.7055225372314453e-08,,,,,none
564,563,1814410539573833,1814410539715875,1814410539732625,1814410540240499,gpu_delivered,16750,142042,0,0,0,4.9360096454620361e-08,,,,,none
565,564,1814410540240499,1814410540378375,1814410540396166,1814410540907166,cpu_fallback,17791,137876,0,0,0,0,,,,,none
566,565,1814410540907166,1814410541041291,1814410541059041,1814410541573833,gpu_delivered,17750,134125,0,0,0,4.8428773880004883e-08,,,,,none
567,566,1814410541573833,1814410541722125,1814410541752375,1814410542240499,gpu_delivered,30250,148292,0,0,0,4.0978193283081055e-08,,,,,none
568,567,1814410542240499,1814410542377000,1814410542394416,1814410542907166,gpu_delivered,17416,136501,0,0,0,4.109460860490799e-08,,,,,none
569,568,1814410542907166,1814410543060500,1814410543079250,1814410543573833,gpu_delivered,18750,153334,0,0,0,4.6275090426206589e-08,,,,,none
570,569,1814410543573833,1814410543706333,1814410543728000,1814410544240499,gpu_delivered,21667,132500,0,0,0,3.6321580410003662e-08,,,,,none
571,570,1814410544240499,1814410544378708,1814410544396500,1814410544907166,gpu_delivered,17792,138209,0,0,0,2.8870999813079834e-08,,,,,none
572,571,1814410544907166,1814410545042583,1814410545058625,1814410545573833,gpu_delivered,16042,135417,0,0,0,4.0978193283081055e-08,,,,,none
573,572,1814410545573833,1814410545673916,1814410545691333,1814410546240499,cpu_fallback,17417,100083,0,0,0,0,,,,,none
574,573,1814410546240499,1814410546385250,1814410546403041,1814410546907166,gpu_delivered,17791,144751,0,0,0,4.4237822294235229e-08,,,,,none
575,574,1814410546907166,1814410547104833,1814410547122125,1814410547573833,gpu_delivered,17292,197667,0,0,0,4.6566128730773926e-08,,,,,none
576,575,1814410547573833,1814410547699208,1814410547717458,1814410548240499,gpu_delivered,18250,125375,0,0,0,3.2596290111541748e-08,,,,,none
577,576,1814410548240499,1814410548381125,1814410548399041,1814410548907166,gpu_delivered,17916,140626,0,0,0,3.4458935260772705e-08,,,,,none
578,577,1814410548907166,1814410549027375,1814410549045250,1814410549573833,cpu_fallback,17875,120209,0,0,0,0,,,,,none
579,578,1814410549573833,1814410549631125,1814410549662291,1814410550240499,cpu_fallback,31166,57292,0,0,0,0,,,,,none
580,579,1814410550240499,1814410550396666,1814410550414416,1814410550907166,cpu_fallback,17750,156167,0,0,0,0,,,,,none
581,580,1814410550907166,1814410551061875,1814410551079791,1814410551573833,cpu_fallback,17916,154709,0,0,0,0,,,,,none
582,581,1814410551573833,1814410551704125,1814410551722625,1814410552240499,cpu_fallback,18500,130292,0,0,0,0,,,,,none
583,582,1814410552240499,1814410552295250,1814410552312000,1814410552907166,gpu_delivered,16750,54751,0,0,0,5.1222741603851318e-08,,,,,none
584,583,1814410552907166,1814410553064291,1814410553084291,1814410553573833,gpu_delivered,20000,157125,0,0,0,5.3085386753082275e-08,,,,,none
585,584,1814410553573833,1814410553718791,1814410553735375,1814410554240499,gpu_delivered,16584,144958,0,0,0,2.7706846594810486e-08,,,,,none
586,585,1814410554240499,1814410554322833,1814410554349250,1814410554907166,cpu_fallback,26417,82334,0,0,0,0,,,,,none
587,586,1814410554907166,1814410555055291,1814410555072125,1814410555573833,gpu_delivered,16834,148125,0,0,0,3.8649886846542358e-08,,,,,none
588,587,1814410555573833,1814410555713208,1814410555743916,1814410556240499,gpu_delivered,30708,139375,0,0,0,3.3993273973464966e-08,,,,,none
589,588,1814410556240499,1814410556362208,1814410556378916,1814410556907166,gpu_delivered,16708,121709,0,0,0,3.4458935260772705e-08,,,,,none
590,589,1814410556907166,1814410557050750,1814410557068375,1814410557573833,gpu_delivered,17625,143584,0,0,0,3.8184225559234619e-08,,,,,none
591,590,1814410557573833,1814410557731541,1814410557748041,1814410558240499,cpu_fallback,16500,157708,0,0,0,0,,,,,none
592,591,1814410558240499,1814410558374708,1814410558392791,1814410558907166,gpu_delivered,18083,134209,0,0,0,4.7497451305389404e-08,,,,,none
593,592,1814410558907166,1814410558971708,1814410558989875,1814410559573833,cpu_fallback,18167,64542,0,0,0,0,,,,,none
594,593,1814410559573833,1814410559736083,1814410559753625,1814410560240499,gpu_delivered,17542,162250,0,0,0,5.2657924243248999e-08,,,,,none
595,594,1814410560240499,1814410560372500,1814410560390125,1814410560907166,gpu_delivered,17625,132001,0,0,0,5.5413693189620972e-08,,,,,none
596,595,1814410560907166,1814410561042250,1814410561059291,1814410561573833,gpu_delivered,17041,135084,0,0,0,5.6199496611952782e-08,,,,,none
597,596,1814410561573833,1814410561777166,1814410561792958,1814410562240499,gpu_delivered,15792,203333,0,0,0,4.2840838432312012e-08,,,,,none
598,597,1814410562240499,1814410562348375,1814410562376916,1814410562907166,cpu_fallback,28541,107876,0,0,0,0,,,,,none
599,598,1814410562907166,1814410562937166,1814410562953916,1814410563573833,cpu_fallback,16750,30000,0,0,0,0,,,,,none
600,599,1814410563573833,1814410563736166,1814410563771541,1814410564240499,gpu_delivered,35375,162333,0,0,0,4.4703483581542969e-08,,,,,none
601,600,1814410564240499,1814410564387375,1814410564404833,1814410564907166,cpu_fallback,17458,146876,0,0,0,0,,,,,none
602,601,1814410564907166,1814410565046916,1814410565063875,1814410565573833,cpu_fallback,16959,139750,0,0,0,0,,,,,none
603,602,1814410565573833,1814410565710083,1814410565730250,1814410566240499,cpu_fallback,20167,136250,0,0,0,0,,,,,none
604,603,1814410566240499,1814410566285333,1814410566312250,1814410566907166,cpu_fallback,26917,44834,0,0,0,0,,,,,none
605,604,1814410566907166,1814410566984250,1814410567001625,1814410567573833,gpu_delivered,17375,77084,0,0,0,4.0978193283081055e-08,,,,,none
606,605,1814410567573833,1814410567722916,1814410567739125,1814410568240499,cpu_fallback,16209,149083,0,0,0,0,,,,,none
607,606,1814410568240499,1814410568370291,1814410568386500,1814410568907166,gpu_delivered,16209,129792,0,0,0,4.4703483581542969e-08,,,,,none
608,607,1814410568907166,1814410569044875,1814410569063500,1814410569573833,gpu_delivered,18625,137709,0,0,0,3.2130628824234009e-08,,,,,none
609,608,1814410569573833,1814410569712333,1814410569730375,1814410570240499,gpu_delivered,18042,138500,0,0,0,4.5634806156158447e-08,,,,,none
610,609,1814410570240499,1814410570422916,1814410570439458,1814410570907166,gpu_delivered,16542,182417,0,0,0,6.4261257648468018e-08,,,,,none
611,610,1814410570907166,1814410571033666,1814410571048791,1814410571573833,cpu_fallback,15125,126500,0,0,0,0,,,,,none
612,611,1814410571573833,1814410571714000,1814410571731458,1814410572240499,gpu_delivered,17458,140167,0,0,0,4.6682544052600861e-08,,,,,none
613,612,1814410572240499,1814410572376416,1814410572393958,1814410572907166,gpu_delivered,17542,135917,0,0,0,5.657784640789032e-08,,,,,none
614,613,1814410572907166,1814410573110583,1814410573131833,1814410573573833,gpu_delivered,21250,203417,0,0,0,4.9825757741928101e-08,,,,,none
615,614,1814410573573833,1814410573660750,1814410573678166,1814410574240499,cpu_fallback,17416,86917,0,0,0,0,,,,,none
616,615,1814410574240499,1814410574420625,1814410574437208,1814410574907166,gpu_delivered,16583,180126,0,0,0,3.9348378777503967e-08,,,,,none
617,616,1814410574907166,1814410575032083,1814410575047833,1814410575573833,gpu_delivered,15750,124917,0,0,0,4.7963112592697144e-08,,,,,none
618,617,1814410575573833,1814410575715000,1814410575732375,1814410576240499,gpu_delivered,17375,141167,0,0,0,4.3306499719619751e-08,,,,,none
619,618,1814410576240499,1814410576388791,1814410576405375,1814410576907166,cpu_fallback,16584,148292,0,0,0,0,,,,,none
620,619,1814410576907166,1814410577039125,1814410577055833,1814410577573833,gpu_delivered,16708,131959,0,0,0,4.377216100692749e-08,,,,,none
621,620,1814410577573833,1814410577710791,1814410577727666,1814410578240499,gpu_delivered,16875,136958,0,0,0,4.9360096454620361e-08,,,,,none
622,621,1814410578240499,1814410578375208,1814410578391958,1814410578907166,gpu_delivered,16750,134709,0,0,0,5.5879354476928711e-08,,,,,none
623,622,1814410578907166,1814410579023958,1814410579040833,1814410579573833,gpu_delivered,16875,116792,0,0,0,7.4971467256546021e-08,,,,,none
624,623,1814410579573833,1814410579604250,1814410579621000,1814410580240499,gpu_delivered,16750,30417,0,0,0,4.8428773880004883e-08,,,,,none
625,624,1814410580240499,1814410580406375,1814410580425166,1814410580907166,gpu_delivered,18791,165876,0,0,0,4.1909515857696533e-08,,,,,none
626,625,1814410580907166,1814410581048041,1814410581064708,1814410581573833,gpu_delivered,16667,140875,0,0,0,3.7252902984619141e-08,,,,,none
627,626,1814410581573833,1814410581709000,1814410581726083,1814410582240499,cpu_fallback,17083,135167,0,0,0,0,,,,,none
628,627,1814410582240499,1814410582378541,1814410582395583,1814410582907166,cpu_fallback,17042,138042,0,0,0,0,,,,,none
629,628,1814410582907166,1814410583048541,1814410583064916,1814410583573833,cpu_fallback,16375,141375,0,0,0,0,,,,,none
630,629,1814410583573833,1814410583708666,1814410583726041,1814410584240499,gpu_delivered,17375,134833,0,0,0,3.6321580410003662e-08,,,,,none
631,630,1814410584240499,1814410584375875,1814410584393333,1814410584907166,gpu_delivered,17458,135376,0,0,0,5.4016709327697754e-08,,,,,none
632,631,1814410584907166,1814410585077625,1814410585118958,1814410585573833,gpu_delivered,41333,170459,0,0,0,6.5308995544910431e-08,,,,,none
633,632,1814410585573833,1814410585709333,1814410585726875,1814410586240499,cpu_fallback,17542,135500,0,0,0,0,,,,,none
634,633,1814410586240499,1814410586271583,1814410586288833,1814410586907166,cpu_fallback,17250,31084,0,0,0,0,,,,,none
635,634,1814410586907166,1814410587062666,1814410587079416,1814410587573833,gpu_delivered,16750,155500,0,0,0,3.8184225559234619e-08,,,,,none
636,635,1814410587573833,1814410587703958,1814410587721833,1814410588240499,cpu_fallback,17875,130125,0,0,0,0,,,,,none
637,636,1814410588240499,1814410588398750,1814410588415166,1814410588907166,cpu_fallback,16416,158251,0,0,0,0,,,,,none
638,637,1814410588907166,1814410589044166,1814410589062458,1814410589573833,gpu_delivered,18292,137000,0,0,0,6.0535967350006104e-08,,,,,none
639,638,1814410589573833,1814410589711541,1814410589766791,1814410590240499,gpu_delivered,55250,137708,0,0,0,4.4703483581542969e-08,,,,,none
640,639,1814410590240499,1814410590365708,1814410590382791,1814410590907166,cpu_fallback,17083,125209,0,0,0,0,,,,,none
641,640,1814410590907166,1814410591054208,1814410591071125,1814410591573833,gpu_delivered,16917,147042,0,0,0,4.2608007788658142e-08,,,,,none
642,641,1814410591573833,1814410591710208,1814410591728625,1814410592240499,gpu_delivered,18417,136375,0,0,0,4.4703483581542969e-08,,,,,none
643,642,1814410592240499,1814410592374125,1814410592392125,1814410592907166,gpu_delivered,18000,133626,0,0,0,5.7509168982505798e-08,,,,,none
644,643,1814410592907166,1814410593085083,1814410593157166,1814410593573833,gpu_delivered,72083,177917,0,0,0,4.8894435167312622e-08,,,,,none
645,644,1814410593573833,1814410593699333,1814410593716000,1814410594240499,cpu_fallback,16667,125500,0,0,0,0,,,,,none
646,645,1814410594240499,1814410594359125,1814410594375041,1814410594907166,gpu_delivered,15916,118626,0,0,0,4.4703483581542969e-08,,,,,none
647,646,1814410594907166,1814410595049583,1814410595067875,1814410595573833,cpu_fallback,18292,142417,0,0,0,0,,,,,none
648,647,1814410595573833,1814410595717458,1814410595733541,1814410596240499,cpu_fallback,16083,143625,0,0,0,0,,,,,none
649,648,1814410596240499,1814410596373708,1814410596389541,1814410596907166,gpu_delivered,15833,133209,0,0,0,3.0384398996829987e-08,,,,,none
650,649,1814410596907166,1814410597073083,1814410597091291,1814410597573833,gpu_delivered,18208,165917,0,0,0,4.4703483581542969e-08,,,,,none
651,650,1814410597573833,1814410597732125,1814410597749208,1814410598240499,gpu_delivered,17083,158292,0,0,0,6.7986547946929932e-08,,,,,none
652,651,1814410598240499,1814410598369125,1814410598427666,1814410598907166,cpu_fallback,58541,128626,0,0,0,0,,,,,none
653,652,1814410598907166,1814410599038708,1814410599056750,1814410599573833,gpu_delivered,18042,131542,0,0,0,4.0978193283081055e-08,,,,,none
654,653,1814410599573833,1814410599713750,1814410599731125,1814410600240499,cpu_fallback,17375,139917,0,0,0,0,,,,,none
655,654,1814410600240499,1814410600334833,1814410600372916,1814410600907166,cpu_fallback,38083,94334,0,0,0,0,,,,,none
656,655,1814410600907166,1814410601115500,1814410601133333,1814410601573833,gpu_delivered,17833,208334,0,0,0,4.2375177145004272e-08,,,,,none
657,656,1814410601573833,1814410601743833,1814410601762125,1814410602240499,gpu_delivered,18292,170000,0,0,0,3.3760443329811096e-08,,,,,none
658,657,1814410602240499,1814410602308833,1814410602326250,1814410602907166,cpu_fallback,17417,68334,0,0,0,0,,,,,none
659,658,1814410602907166,1814410603069750,1814410603087250,1814410603573833,gpu_delivered,17500,162584,0,0,0,4.5634806156158447e-08,,,,,none
660,659,1814410603573833,1814410603743875,1814410603765375,1814410604240499,cpu_fallback,21500,170042,0,0,0,0,,,,,none
661,660,1814410604240499,1814410604362041,1814410604389541,1814410604907166,cpu_fallback,27500,121542,0,0,0,0,,,,,none
662,661,1814410604907166,1814410605056125,1814410605074125,1814410605573833,gpu_delivered,18000,148959,0,0,0,4.6100467443466187e-08,,,,,none
663,662,1814410605573833,1814410605704958,1814410605720833,1814410606240499,gpu_delivered,15875,131125,0,0,0,3.8649886846542358e-08,,,,,none
664,663,1814410606240499,1814410606388625,1814410606405916,1814410606907166,cpu_fallback,17291,148126,0,0,0,0,,,,,none
665,664,1814410606907166,1814410607041875,1814410607059375,1814410607573833,gpu_delivered,17500,134709,0,0,0,4.4936314225196838e-08,,,,,none
666,665,1814410607573833,1814410607712625,1814410607730250,1814410608240499,gpu_delivered,17625,138792,0,0,0,4.1909515857696533e-08,,,,,none
667,666,1814410608240499,1814410608401458,1814410608419541,1814410608907166,gpu_delivered,18083,160959,0,0,0,3.2596290111541748e-08,,,,,none
668,667,1814410608907166,1814410609037708,1814410609055541,1814410609573833,gpu_delivered,17833,130542,0,0,0,4.7031790018081665e-08,,,,,none
669,668,1814410609573833,1814410609714416,1814410609732250,1814410610240499,gpu_delivered,17834,140583,0,0,0,4.5634806156158447e-08,,,,,none
670,669,1814410610240499,1814410610378625,1814410610395375,1814410610907166,gpu_delivered,16750,138126,0,0,0,6.2398612499237061e-08,,,,,none
671,670,1814410610907166,1814410611041291,1814410611059791,1814410611573833,gpu_delivered,18500,134125,0,0,0,5.3085386753082275e-08,,,,,none
672,671,1814410611573833,1814410611710666,1814410611726916,1814410612240499,gpu_delivered,16250,136833,0,0,0,6.7637301981449127e-08,,,,,none
673,672,1814410612240499,1814410612377208,1814410612395000,1814410612907166,gpu_delivered,17792,136709,0,0,0,4.1676685214042664e-08,,,,,none
674,673,1814410612907166,1814410613042041,1814410613060000,1814410613573833,gpu_delivered,17959,134875,0,0,0,4.1909515857696533e-08,,,,,none
675,674,1814410613573833,1814410613626291,1814410613642625,1814410614240499,gpu_delivered,16334,52458,0,0,0,3.3527612686157227e-08,,,,,none
676,675,1814410614240499,1814410614306583,1814410614323333,1814410614907166,gpu_delivered,16750,66084,0,0,0,3.3527612686157227e-08,,,,,none
677,676,1814410614907166,1814410615058666,1814410615075166,1814410615573833,gpu_delivered,16500,151500,0,0,0,3.5855919122695923e-08,,,,,none
678,677,1814410615573833,1814410615703083,1814410615722416,1814410616240499,cpu_fallback,19333,129250,0,0,0,0,,,,,none
679,678,1814410616240499,1814410616287083,1814410616303166,1814410616907166,gpu_delivered,16083,46584,0,0,0,4.5169144868850708e-08,,,,,none
680,679,1814410616907166,1814410617072666,1814410617090208,1814410617573833,cpu_fallback,17542,165500,0,0,0,0,,,,,none
681,680,1814410617573833,1814410617706250,1814410617722500,1814410618240499,gpu_delivered,16250,132417,0,0,0,3.3993273973464966e-08,,,,,none
682,681,1814410618240499,1814410618304291,1814410618322458,1814410618907166,cpu_fallback,18167,63792,0,0,0,0,,,,,none
683,682,1814410618907166,1814410619065500,1814410619083708,1814410619573833,gpu_delivered,18208,158334,0,0,0,4.7963112592697144e-08,,,,,none
684,683,1814410619573833,1814410619599375,1814410619616250,1814410620240499,gpu_delivered,16875,25542,0,0,0,6.7055225372314453e-08,,,,,none
685,684,1814410620240499,1814410620403000,1814410620423166,1814410620907166,gpu_delivered,20166,162501,0,0,0,5.4948031902313232e-08,,,,,none
686,685,1814410620907166,1814410621046083,1814410621064041,1814410621573833,gpu_delivered,17958,138917,0,0,0,4.8894435167312622e-08,,,,,none
687,686,1814410621573833,1814410621710666,1814410621728291,1814410622240499,gpu_delivered,17625,136833,0,0,0,3.3993273973464966e-08,,,,,none
688,687,1814410622240499,1814410622376250,1814410622392458,1814410622907166,gpu_delivered,16208,135751,0,0,0,4.377216100692749e-08,,,,,none
689,688,1814410622907166,1814410623073500,1814410623112208,1814410623573833,gpu_delivered,38708,166334,0,0,0,4.7031790018081665e-08,,,,,none
690,689,1814410623573833,1814410623705000,1814410623743375,1814410624240499,gpu_delivered,38375,131167,0,0,0,5.0757080316543579e-08,,,,,none
691,690,1814410624240499,1814410624378333,1814410624406708,1814410624907166,cpu_fallback,28375,137834,0,0,0,0,,,,,none
692,691,1814410624907166,1814410625064500,1814410625083541,1814410625573833,gpu_delivered,19041,157334,0,0,0,6.1001628637313843e-08,,,,,none
693,692,1814410625573833,1814410625705250,1814410625722375,1814410626240499,cpu_fallback,17125,131417,0,0,0,0,,,,,none
694,693,1814410626240499,1814410626396916,1814410626414458,1814410626907166,gpu_delivered,17542,156417,0,0,0,4.0512531995773315e-08,,,,,none
695,694,1814410626907166,1814410627039041,1814410627056833,1814410627573833,gpu_delivered,17792,131875,0,0,0,4.0046870708465576e-08,,,,,none
696,695,1814410627573833,1814410627727291,1814410627743625,1814410628240499,gpu_delivered,16334,153458,0,0,0,4.0512531995773315e-08,,,,,none
697,696,1814410628240499,1814410628369458,1814410628385208,1814410628907166,cpu_fallback,15750,128959,0,0,0,0,,,,,none
698,697,1814410628907166,1814410628933625,1814410628949833,1814410629573833,gpu_delivered,16208,26459,0,0,0,4.3539330363273621e-08,,,,,none
699,698,1814410629573833,1814410629663666,1814410629682041,1814410630240499,gpu_delivered,18375,89833,0,0,0,5.4948031902313232e-08,,,,,none
700,699,1814410630240499,1814410630388166,1814410630404458,1814410630907166,gpu_delivered,16292,147667,0,0,0,5.029141902923584e-08,,,,,none
701,700,1814410630907166,1814410630980416,1814410630996375,1814410631573833,cpu_fallback,15959,73250,0,0,0,0,,,,,none
702,701,1814410631573833,1814410631753416,1814410631769166,1814410632240499,gpu_delivered,15750,179583,0,0,0,4.7613866627216339e-08,,,,,none
703,702,1814410632240499,1814410632372708,1814410632389375,1814410632907166,cpu_fallback,16667,132209,0,0,0,0,,,,,none
704,703,1814410632907166,1814410633042500,1814410633061666,1814410633573833,cpu_fallback,19166,135334,0,0,0,0,,,,,none
705,704,1814410633573833,1814410633710875,1814410633730916,1814410634240499,gpu_delivered,20041,137042,0,0,0,3.3993273973464966e-08,,,,,none
706,705,1814410634240499,1814410634378125,1814410634395500,1814410634907166,gpu_delivered,17375,137626,0,0,0,3.4458935260772705e-08,,,,,none
707,706,1814410634907166,1814410635046291,1814410635062708,1814410635573833,gpu_delivered,16417,139125,0,0,0,3.2130628824234009e-08,,,,,none
708,707,1814410635573833,1814410635706291,1814410635722666,1814410636240499,gpu_delivered,16375,132458,0,0,0,4.2840838432312012e-08,,,,,none
709,708,1814410636240499,1814410636388375,1814410636416958,1814410636907166,gpu_delivered,28583,147876,0,0,0,4.377216100692749e-08,,,,,none
710,709,1814410636907166,1814410637040791,1814410637059375,1814410637573833,gpu_delivered,18584,133625,0,0,0,6.1467289924621582e-08,,,,,none
711,710,1814410637573833,1814410637710416,1814410637749916,1814410638240499,gpu_delivered,39500,136583,0,0,0,3.5506673157215118e-08,,,,,none
712,711,1814410638240499,1814410638431291,1814410638448916,1814410638907166,cpu_fallback,17625,190792,0,0,0,0,,,,,none
713,712,1814410638907166,1814410639045291,1814410639087833,1814410639573833,gpu_delivered,42542,138125,0,0,0,4.4237822294235229e-08,,,,,none
714,713,1814410639573833,1814410639703250,1814410639721083,1814410640240499,gpu_delivered,17833,129417,0,0,0,5.029141902923584e-08,,,,,none
715,714,1814410640240499,1814410640377416,1814410640394916,1814410640907166,gpu_delivered,17500,136917,0,0,0,3.3527612686157227e-08,,,,,none
716,715,1814410640907166,1814410640931708,1814410640948625,1814410641573833,gpu_delivered,16917,24542,0,0,0,3.7252902984619141e-08,,,,,none
717,716,1814410641573833,1814410641747958,1814410641764791,1814410642240499,gpu_delivered,16833,174125,0,0,0,4.6798959374427795e-08,,,,,none
718,717,1814410642240499,1814410642365625,1814410642383416,1814410642907166,gpu_delivered,17791,125126,0,0,0,3.6088749766349792e-08,,,,,none
719,718,1814410642907166,1814410642955708,1814410642974708,1814410643573833,cpu_fallback,19000,48542,0,0,0,0,,,,,none
720,719,1814410643573833,1814410643732833,1814410643750625,1814410644240499,gpu_delivered,17792,159000,0,0,0,5.029141902923584e-08,,,,,none
721,720,1814410644240499,1814410644368708,1814410644385250,1814410644907166,gpu_delivered,16542,128209,0,0,0,4.8428773880004883e-08,,,,,none
722,721,1814410644907166,1814410644933833,1814410644950250,1814410645573833,gpu_delivered,16417,26667,0,0,0,3.4924596548080444e-08,,,,,none
723,722,1814410645573833,1814410645735750,1814410645751875,1814410646240499,gpu_delivered,16125,161917,0,0,0,3.119930624961853e-08,,,,,none
724,723,1814410646240499,1814410646280375,1814410646296958,1814410646907166,gpu_delivered,16583,39876,0,0,0,4.9360096454620361e-08,,,,,none
725,724,1814410646907166,1814410647069875,1814410647088583,1814410647573833,gpu_delivered,18708,162709,0,0,0,3.5855919122695923e-08,,,,,none
726,725,1814410647573833,1814410647735625,1814410647783291,1814410648240499,gpu_delivered,47666,161792,0,0,0,3.0267983675003052e-08,,,,,none
727,726,1814410648240499,1814410648360208,1814410648377291,1814410648907166,gpu_delivered,17083,119709,0,0,0,4.0046870708465576e-08,,,,,none
728,727,1814410648907166,1814410649052625,1814410649070000,1814410649573833,gpu_delivered,17375,145459,0,0,0,5.7741999626159668e-08,,,,,none
729,728,1814410649573833,1814410649716208,1814410649733666,1814410650240499,cpu_fallback,17458,142375,0,0,0,0,,,,,none
730,729,1814410650240499,1814410650381875,1814410650398625,1814410650907166,cpu_fallback,16750,141376,0,0,0,0,,,,,none
731,730,1814410650907166,1814410651055291,1814410651072458,1814410651573833,cpu_fallback,17167,148125,0,0,0,0,,,,,none
732,731,1814410651573833,1814410651713541,1814410651731583,1814410652240499,gpu_delivered,18042,139708,0,0,0,4.1676685214042664e-08,,,,,none
733,732,1814410652240499,1814410652375541,1814410652399208,1814410652907166,cpu_fallback,23667,135042,0,0,0,0,,,,,none
734,733,1814410652907166,1814410653040375,1814410653057000,1814410653573833,gpu_delivered,16625,133209,0,0,0,3.4458935260772705e-08,,,,,none
735,734,1814410653573833,1814410653661333,1814410653679083,1814410654240499,cpu_fallback,17750,87500,0,0,0,0,,,,,none
736,735,1814410654240499,1814410654393375,1814410654410958,1814410654907166,gpu_delivered,17583,152876,0,0,0,3.8184225559234619e-08,,,,,none
737,736,1814410654907166,1814410655041125,1814410655104333,1814410655573833,cpu_fallback,63208,133959,0,0,0,0,,,,,none
738,737,1814410655573833,1814410655721625,1814410655738541,1814410656240499,cpu_fallback,16916,147792,0,0,0,0,,,,,none
739,738,1814410656240499,1814410656408708,1814410656427916,1814410656907166,gpu_delivered,19208,168209,0,0,0,4.0046870708465576e-08,,,,,none
740,739,1814410656907166,1814410657034333,1814410657050083,1814410657573833,gpu_delivered,15750,127167,0,0,0,4.0978193283081055e-08,,,,,none
741,740,1814410657573833,1814410657710541,1814410657726125,1814410658240499,gpu_delivered,15584,136708,0,0,0,7.2643160820007324e-08,,,,,none
742,741,1814410658240499,1814410658338625,1814410658355333,1814410658907166,gpu_delivered,16708,98126,0,0,0,3.8417056202888489e-08,,,,,none
743,742,1814410658907166,1814410659069208,1814410659107625,1814410659573833,gpu_delivered,38417,162042,0,0,0,4.6566128730773926e-08,,,,,none
744,743,1814410659573833,1814410659701375,1814410659728583,1814410660240499,cpu_fallback,27208,127542,0,0,0,0,,,,,none
745,744,1814410660240499,1814410660378625,1814410660395750,1814410660907166,gpu_delivered,17125,138126,0,0,0,5.7509168982505798e-08,,,,,none
746,745,1814410660907166,1814410661040208,1814410661056625,1814410661573833,gpu_delivered,16417,133042,0,0,0,3.9639417082071304e-08,,,,,none
747,746,1814410661573833,1814410661652208,1814410661679291,1814410662240499,cpu_fallback,27083,78375,0,0,0,0,,,,,none
748,747,1814410662240499,1814410662392333,1814410662410416,1814410662907166,gpu_delivered,18083,151834,0,0,0,4.2375177145004272e-08,,,,,none
749,748,1814410662907166,1814410663040416,1814410663067916,1814410663573833,cpu_fallback,27500,133250,0,0,0,0,,,,,none
750,749,1814410663573833,1814410663710416,1814410663727208,1814410664240499,cpu_fallback,16792,136583,0,0,0,0,,,,,none
751,750,1814410664240499,1814410664389583,1814410664413791,1814410664907166,gpu_delivered,24208,149084,0,0,0,3.6321580410003662e-08,,,,,none
752,751,1814410664907166,1814410665040750,1814410665058083,1814410665573833,gpu_delivered,17333,133584,0,0,0,4.0512531995773315e-08,,,,,none
753,752,1814410665573833,1814410665710791,1814410665727708,1814410666240499,gpu_delivered,16917,136958,0,0,0,3.2130628824234009e-08,,,,,none
754,753,1814410666240499,1814410666374250,1814410666391000,1814410666907166,gpu_delivered,16750,133751,0,0,0,3.0733644962310791e-08,,,,,none
755,754,1814410666907166,1814410666980750,1814410666997125,1814410667573833,cpu_fallback,16375,73584,0,0,0,0,,,,,none
756,755,1814410667573833,1814410667730583,1814410667747041,1814410668240499,gpu_delivered,16458,156750,0,0,0,4.0512531995773315e-08,,,,,none
757,756,1814410668240499,1814410668375333,1814410668392583,1814410668907166,gpu_delivered,17250,134834,0,0,0,3.9581209421157837e-08,,,,,none
758,757,1814410668907166,1814410668931291,1814410668948166,1814410669573833,cpu_fallback,16875,24125,0,0,0,0,,,,,none
759,758,1814410669573833,1814410669769916,1814410669787375,1814410670240499,gpu_delivered,17459,196083,0,0,0,5.4715201258659363e-08,,,,,none
760,759,1814410670240499,1814410670257833,1814410670280041,1814410670907166,cpu_fallback,22208,17334,0,0,0,0,,,,,none
761,760,1814410670907166,1814410671043541,1814410671060333,1814410671573833,gpu_delivered,16792,136375,0,0,0,6.3097104430198669e-08,,,,,none
762,761,1814410671573833,1814410671711541,1814410671732125,1814410672240499,cpu_fallback,20584,137708,0,0,0,0,,,,,none
763,762,1814410672240499,1814410672383375,1814410672400208,1814410672907166,cpu_fallback,16833,142876,0,0,0,0,,,,,none
764,763,1814410672907166,1814410672983291,1814410673012375,1814410673573833,gpu_delivered,29084,76125,0,0,0,4.6566128730773926e-08,,,,,none
765,764,1814410673573833,1814410673721916,1814410673738083,1814410674240499,gpu_delivered,16167,148083,0,0,0,3.0850060284137726e-08,,,,,none
766,765,1814410674240499,1814410674373500,1814410674390250,1814410674907166,gpu_delivered,16750,133001,0,0,0,4.2840838432312012e-08,,,,,none
767,766,1814410674907166,1814410675045041,1814410675088458,1814410675573833,gpu_delivered,43417,137875,0,0,0,4.4703483581542969e-08,,,,,none
768,767,1814410675573833,1814410675702208,1814410675720250,1814410676240499,gpu_delivered,18042,128375,0,0,0,3.6321580410003662e-08,,,,,none
769,768,1814410676240499,1814410676385583,1814410676413583,1814410676907166,cpu_fallback,28000,145084,0,0,0,0,,,,,none
770,769,1814410676907166,1814410676934833,1814410676952416,1814410677573833,cpu_fallback,17583,27667,0,0,0,0,,,,,none
771,770,1814410677573833,1814410677741166,1814410677758791,1814410678240499,gpu_delivered,17625,167333,0,0,0,4.8428773880004883e-08,,,,,none
772,771,1814410678240499,1814410678396208,1814410678414083,1814410678907166,cpu_fallback,17875,155709,0,0,0,0,,,,,none
773,772,1814410678907166,1814410679075333,1814410679093041,1814410679573833,cpu_fallback,17708,168167,0,0,0,0,,,,,none
774,773,1814410679573833,1814410679724125,1814410679742375,1814410680240499,cpu_fallback,18250,150292,0,0,0,0,,,,,none
775,774,1814410680240499,1814410680391291,1814410680409208,1814410680907166,cpu_fallback,17917,150792,0,0,0,0,,,,,none
776,775,1814410680907166,1814410681037291,1814410681054166,1814410681573833,cpu_fallback,16875,130125,0,0,0,0,,,,,none
777,776,1814410681573833,1814410681709625,1814410681727250,1814410682240499,cpu_fallback,17625,135792,0,0,0,0,,,,,none
778,777,1814410682240499,1814410682377291,1814410682398958,1814410682907166,gpu_delivered,21667,136792,0,0,0,5.5413693189620972e-08,,,,,none
779,778,1814410682907166,1814410683041750,1814410683058666,1814410683573833,gpu_delivered,16916,134584,0,0,0,5.0757080316543579e-08,,,,,none
780,779,1814410683573833,1814410683637250,1814410683656541,1814410684240499,cpu_fallback,19291,63417,0,0,0,0,,,,,none
781,780,1814410684240499,1814410684395541,1814410684413333,1814410684907166,gpu_delivered,17792,155042,0,0,0,4.0512531995773315e-08,,,,,none
782,781,1814410684907166,1814410685067541,1814410685084541,1814410685573833,cpu_fallback,17000,160375,0,0,0,0,,,,,none
783,782,1814410685573833,1814410685591541,1814410685609125,1814410686240499,gpu_delivered,17584,17708,0,0,0,3.2596290111541748e-08,,,,,none
784,783,1814410686240499,1814410686272958,1814410686289583,1814410686907166,gpu_delivered,16625,32459,0,0,0,3.3993273973464966e-08,,,,,none
785,784,1814410686907166,1814410687069958,1814410687122916,1814410687573833,cpu_fallback,52958,162792,0,0,0,0,,,,,none
786,785,1814410687573833,1814410687717750,1814410687735458,1814410688240499,cpu_fallback,17708,143917,0,0,0,0,,,,,none
787,786,1814410688240499,1814410688381458,1814410688398083,1814410688907166,gpu_delivered,16625,140959,0,0,0,3.6554411053657532e-08,,,,,none
788,787,1814410688907166,1814410689033875,1814410689052500,1814410689573833,gpu_delivered,18625,126709,0,0,0,4.377216100692749e-08,,,,,none
789,788,1814410689573833,1814410689714000,1814410689731458,1814410690240499,gpu_delivered,17458,140167,0,0,0,4.3306499719619751e-08,,,,,none
790,789,1814410690240499,1814410690350500,1814410690368250,1814410690907166,gpu_delivered,17750,110001,0,0,0,6.4261257648468018e-08,,,,,none
791,790,1814410690907166,1814410691051708,1814410691069583,1814410691573833,gpu_delivered,17875,144542,0,0,0,5.8673322200775146e-08,,,,,none
792,791,1814410691573833,1814410691710666,1814410691729375,1814410692240499,cpu_fallback,18709,136833,0,0,0,0,,,,,none
793,792,1814410692240499,1814410692378291,1814410692394541,1814410692907166,gpu_delivered,16250,137792,0,0,0,5.6810677051544189e-08,,,,,none
794,793,1814410692907166,1814410693042958,1814410693059833,1814410693573833,cpu_fallback,16875,135792,0,0,0,0,,,,,none
795,794,1814410693573833,1814410693718000,1814410693734625,1814410694240499,gpu_delivered,16625,144167,0,0,0,3.8649886846542358e-08,,,,,none
796,795,1814410694240499,1814410694372458,1814410694388625,1814410694907166,gpu_delivered,16167,131959,0,0,0,4.7497451305389404e-08,,,,,none
797,796,1814410694907166,1814410695048208,1814410695066166,1814410695573833,gpu_delivered,17958,141042,0,0,0,4.4703483581542969e-08,,,,,none
798,797,1814410695573833,1814410695714916,1814410695736541,1814410696240499,cpu_fallback,21625,141083,0,0,0,0,,,,,none
799,798,1814410696240499,1814410696374625,1814410696392291,1814410696907166,cpu_fallback,17666,134126,0,0,0,0,,,,,none
800,799,1814410696907166,1814410697020958,1814410697037833,1814410697573833,cpu_fallback,16875,113792,0,0,0,0,,,,,none
801,800,1814410697573833,1814410697727000,1814410697744500,1814410698240499,gpu_delivered,17500,153167,0,0,0,3.6321580410003662e-08,,,,,none
802,801,1814410698240499,1814410698375083,1814410698403916,1814410698907166,gpu_delivered,28833,134584,0,0,0,4.1909515857696533e-08,,,,,none
803,802,1814410698907166,1814410699052125,1814410699070291,1814410699573833,gpu_delivered,18166,144959,0,0,0,3.771856427192688e-08,,,,,none
804,803,1814410699573833,1814410699705708,1814410699729333,1814410700240499,gpu_delivered,23625,131875,0,0,0,3.5390257835388184e-08,,,,,none
805,804,1814410700240499,1814410700376708,1814410700393583,1814410700907166,gpu_delivered,16875,136209,0,0,0,3.8649886846542358e-08,,,,,none
806,805,1814410700907166,1814410701044375,1814410701065166,1814410701573833,gpu_delivered,20791,137209,0,0,0,6.28642737865448e-08,,,,,none
807,806,1814410701573833,1814410701717625,1814410701734416,1814410702240499,gpu_delivered,16791,143792,0,0,0,5.6810677051544189e-08,,,,,none
808,807,1814410702240499,1814410702312333,1814410702333541,1814410702907166,gpu_delivered,21208,71834,0,0,0,5.4948031902313232e-08,,,,,none
809,808,1814410702907166,1814410703068583,1814410703086208,1814410703573833,gpu_delivered,17625,161417,0,0,0,4.8428773880004883e-08,,,,,none
810,809,1814410703573833,1814410703706208,1814410703724416,1814410704240499,cpu_fallback,18208,132375,0,0,0,0,,,,,none
811,810,1814410704240499,1814410704345083,1814410704373666,1814410704907166,gpu_delivered,28583,104584,0,0,0,4.1356543079018593e-08,,,,,none
812,811,1814410704907166,1814410705050166,1814410705066625,1814410705573833,gpu_delivered,16459,143000,0,0,0,3.8649886846542358e-08,,,,,none
813,812,1814410705573833,1814410705708583,1814410705725250,1814410706240499,gpu_delivered,16667,134750,0,0,0,3.9115548133850098e-08,,,,,none
814,813,1814410706240499,1814410706378666,1814410706395333,1814410706907166,cpu_fallback,16667,138167,0,0,0,0,,,,,none
815,814,1814410706907166,1814410707041208,1814410707057291,1814410707573833,gpu_delivered,16083,134042,0,0,0,3.5157427191734314e-08,,,,,none
816,815,1814410707573833,1814410707714541,1814410707732125,1814410708240499,gpu_delivered,17584,140708,0,0,0,3.7427525967359543e-08,,,,,none
817,816,1814410708240499,1814410708358250,1814410708376041,1814410708907166,gpu_delivered,17791,117751,0,0,0,3.6321580410003662e-08,,,,,none
818,817,1814410708907166,1814410709068958,1814410709087000,1814410709573833,gpu_delivered,18042,161792,0,0,0,6.2398612499237061e-08,,,,,none
819,818,1814410709573833,1814410709704375,1814410709721291,1814410710240499,cpu_fallback,16916,130542,0,0,0,0,,,,,none
820,819,1814410710240499,1814410710392208,1814410710420583,1814410710907166,gpu_delivered,28375,151709,0,0,0,5.1688402891159058e-08,,,,,none
821,820,1814410710907166,1814410711041500,1814410711058791,1814410711573833,gpu_delivered,17291,134334,0,0,0,5.5646523833274841e-08,,,,,none
822,821,1814410711573833,1814410711712666,1814410711729541,1814410712240499,cpu_fallback,16875,138833,0,0,0,0,,,,,none
823,822,1814410712240499,1814410712381083,1814410712398125,1814410712907166,gpu_delivered,17042,140584,0,0,0,4.5532942749559879e-08,,,,,none
824,823,1814410712907166,1814410713043250,1814410713061583,1814410713573833,gpu_delivered,18333,136084,0,0,0,4.4994521886110306e-08,,,,,none
825,824,1814410713573833,1814410713721583,1814410713738833,1814410714240499,cpu_fallback,17250,147750,0,0,0,0,,,,,none
826,825,1814410714240499,1814410714367416,1814410714385875,1814410714907166,cpu_fallback,18459,126917,0,0,0,0,,,,,none
827,826,1814410714907166,1814410715054208,1814410715074250,1814410715573833,gpu_delivered,20042,147042,0,0,0,5.5879354476928711e-08,,,,,none
828,827,1814410715573833,1814410715723833,1814410715815083,1814410716240499,gpu_delivered,91250,150000,0,0,0,5.7974830269813538e-08,,,,,none
829,828,1814410716240499,1814410716356500,1814410716374875,1814410716907166,cpu_fallback,18375,116001,0,0,0,0,,,,,none
830,829,1814410716907166,1814410716960291,1814410716977666,1814410717573833,gpu_delivered,17375,53125,0,0,0,3.9581209421157837e-08,,,,,none
831,830,1814410717573833,1814410717730541,1814410717747166,1814410718240499,gpu_delivered,16625,156708,0,0,0,5.3000348998466507e-08,,,,,none
832,831,1814410718240499,1814410718334041,1814410718350875,1814410718907166,gpu_delivered,16834,93542,0,0,0,3.5390257835388184e-08,,,,,none
833,832,1814410718907166,1814410718924541,1814410718942000,1814410719573833,cpu_fallback,17459,17375,0,0,0,0,,,,,none
834,833,1814410719573833,1814410719734166,1814410719751708,1814410720240499,gpu_delivered,17542,160333,0,0,0,6.1467289924621582e-08,,,,,none
835,834,1814410720240499,1814410720378541,1814410720395916,1814410720907166,gpu_delivered,17375,138042,0,0,0,7.4971467256546021e-08,,,,,none
836,835,1814410720907166,1814410721016250,1814410721032541,1814410721573833,gpu_delivered,16291,109084,0,0,0,5.1222741603851318e-08,,,,,none
837,836,1814410721573833,1814410721639500,1814410721655500,1814410722240499,gpu_delivered,16000,65667,0,0,0,3.2596290111541748e-08,,,,,none
838,837,1814410722240499,1814410722328458,1814410722344375,1814410722907166,gpu_delivered,15917,87959,0,0,0,4.0512531995773315e-08,,,,,none
839,838,1814410722907166,1814410723055708,1814410723073250,1814410723573833,gpu_delivered,17542,148542,0,0,0,4.4237822294235229e-08,,,,,none
840,839,1814410723573833,1814410723707333,1814410723724125,1814410724240499,gpu_delivered,16792,133500,0,0,0,3.8649886846542358e-08,,,,,none
841,840,1814410724240499,1814410724381375,1814410724412541,1814410724907166,cpu_fallback,31166,140876,0,0,0,0,,,,,none
842,841,1814410724907166,1814410725063375,1814410725080041,1814410725573833,gpu_delivered,16666,156209,0,0,0,4.1909515857696533e-08,,,,,none
843,842,1814410725573833,1814410725706291,1814410725722666,1814410726240499,cpu_fallback,16375,132458,0,0,0,0,,,,,none
844,843,1814410726240499,1814410726384916,1814410726402583,1814410726907166,gpu_delivered,17667,144417,0,0,0,3.2829120755195618e-08,,,,,none
845,844,1814410726907166,1814410727067250,1814410727084458,1814410727573833,gpu_delivered,17208,160084,0,0,0,2.7706846594810486e-08,,,,,none
846,845,1814410727573833,1814410727705875,1814410727722291,1814410728240499,gpu_delivered,16416,132042,0,0,0,4.3655745685100555e-08,,,,,none
847,846,1814410728240499,1814410728360666,1814410728380291,1814410728907166,gpu_delivered,19625,120167,0,0,0,4.6566128730773926e-08,,,,,none
848,847,1814410728907166,1814410729048416,1814410729066125,1814410729573833,gpu_delivered,17709,141250,0,0,0,5.3085386753082275e-08,,,,,none
849,848,1814410729573833,1814410729700250,1814410729718166,1814410730240499,gpu_delivered,17916,126417,0,0,0,3.8184225559234619e-08,,,,,none
850,849,1814410730240499,1814410730385666,1814410730427875,1814410730907166,cpu_fallback,42209,145167,0,0,0,0,,,,,none
851,850,1814410730907166,1814410731034791,1814410731052166,1814410731573833,gpu_delivered,17375,127625,0,0,0,4.6333298087120056e-08,,,,,none
852,851,1814410731573833,1814410731714166,1814410731730750,1814410732240499,cpu_fallback,16584,140333,0,0,0,0,,,,,none
853,852,1814410732240499,1814410732376125,1814410732393333,1814410732907166,cpu_fallback,17208,135626,0,0,0,0,,,,,none
854,853,1814410732907166,1814410733044125,1814410733060958,1814410733573833,gpu_delivered,16833,136959,0,0,0,4.181856638751924e-08,,,,,none
855,854,1814410733573833,1814410733718875,1814410733744458,1814410734240499,gpu_delivered,25583,145042,0,0,0,4.3306499719619751e-08,,,,,none
856,855,1814410734240499,1814410734374666,1814410734392166,1814410734907166,gpu_delivered,17500,134167,0,0,0,4.377216100692749e-08,,,,,none
857,856,1814410734907166,1814410735089250,1814410735118583,1814410735573833,gpu_delivered,29333,182084,0,0,0,4.9360096454620361e-08,,,,,none
858,857,1814410735573833,1814410735711166,1814410735742875,1814410736240499,gpu_delivered,31709,137333,0,0,0,4.0396116673946381e-08,,,,,none
859,858,1814410736240499,1814410736376291,1814410736409041,1814410736907166,gpu_delivered,32750,135792,0,0,0,5.0873495638370514e-08,,,,,none
860,859,1814410736907166,1814410737042958,1814410737113000,1814410737573833,gpu_delivered,70042,135792,0,0,0,2.8870999813079834e-08,,,,,none
861,860,1814410737573833,1814410737627666,1814410737683458,1814410738240499,cpu_fallback,55792,53833,0,0,0,0,,,,,none
862,861,1814410738240499,1814410738392791,1814410738410291,1814410738907166,gpu_delivered,17500,152292,0,0,0,3.0733644962310791e-08,,,,,none
863,862,1814410738907166,1814410739036208,1814410739053500,1814410739573833,cpu_fallback,17292,129042,0,0,0,0,,,,,none
864,863,1814410739573833,1814410739715166,1814410739732500,1814410740240499,gpu_delivered,17334,141333,0,0,0,4.6566128730773926e-08,,,,,none
865,864,1814410740240499,1814410740312541,1814410740330000,1814410740907166,gpu_delivered,17459,72042,0,0,0,7.1711838245391846e-08,,,,,none
866,865,1814410740907166,1814410741064291,1814410741082291,1814410741573833,gpu_delivered,18000,157125,0,0,0,4.1909515857696533e-08,,,,,none
867,866,1814410741573833,1814410741707416,1814410741724083,1814410742240499,cpu_fallback,16667,133583,0,0,0,0,,,,,none
868,867,1814410742240499,1814410742377625,1814410742394000,1814410742907166,gpu_delivered,16375,137126,0,0,0,5.6810677051544189e-08,,,,,none
869,868,1814410742907166,1814410743053250,1814410743069833,1814410743573833,gpu_delivered,16583,146084,0,0,0,5.9604644775390625e-08,,,,,none
870,869,1814410743573833,1814410743717916,1814410743757500,1814410744240499,gpu_delivered,39584,144083,0,0,0,4.0046870708465576e-08,,,,,none
871,870,1814410744240499,1814410744369541,1814410744385625,1814410744907166,gpu_delivered,16084,129042,0,0,0,4.0046870708465576e-08,,,,,none
872,871,1814410744907166,1814410745045708,1814410745064958,1814410745573833,gpu_delivered,19250,138542,0,0,0,3.6787241697311401e-08,,,,,none
873,872,1814410745573833,1814410745708250,1814410745725708,1814410746240499,cpu_fallback,17458,134417,0,0,0,0,,,,,none
874,873,1814410746240499,1814410746377458,1814410746429416,1814410746907166,gpu_delivered,51958,136959,0,0,0,4.9127265810966492e-08,,,,,none
875,874,1814410746907166,1814410747034750,1814410747052125,1814410747573833,cpu_fallback,17375,127584,0,0,0,0,,,,,none
876,875,1814410747573833,1814410747600500,1814410747616250,1814410748240499,cpu_fallback,15750,26667,0,0,0,0,,,,,none
877,876,1814410748240499,1814410748405125,1814410748422125,1814410748907166,cpu_fallback,17000,164626,0,0,0,0,,,,,none
878,877,1814410748907166,1814410749040083,1814410749075125,1814410749573833,cpu_fallback,35042,132917,0,0,0,0,,,,,none
879,878,1814410749573833,1814410749706791,1814410749724833,1814410750240499,gpu_delivered,18042,132958,0,0,0,3.8649886846542358e-08,,,,,none
880,879,1814410750240499,1814410750267083,1814410750284583,1814410750907166,gpu_delivered,17500,26584,0,0,0,4.5634806156158447e-08,,,,,none
881,880,1814410750907166,1814410751075333,1814410751092500,1814410751573833,gpu_delivered,17167,168167,0,0,0,5.4948031902313232e-08,,,,,none
882,881,1814410751573833,1814410751707000,1814410751724791,1814410752240499,cpu_fallback,17791,133167,0,0,0,0,,,,,none
883,882,1814410752240499,1814410752421041,1814410752438000,1814410752907166,cpu_fallback,16959,180542,0,0,0,0,,,,,none
884,883,1814410752907166,1814410753036666,1814410753055250,1814410753573833,gpu_delivered,18584,129500,0,0,0,4.8894435167312622e-08,,,,,none
885,884,1814410753573833,1814410753732333,1814410753803125,1814410754240499,gpu_delivered,70792,158500,0,0,0,3.5390257835388184e-08,,,,,none
886,885,1814410754240499,1814410754359291,1814410754376541,1814410754907166,cpu_fallback,17250,118792,0,0,0,0,,,,,none
887,886,1814410754907166,1814410755047000,1814410755064916,1814410755573833,gpu_delivered,17916,139834,0,0,0,3.9115548133850098e-08,,,,,none
888,887,1814410755573833,1814410755724666,1814410755740000,1814410756240499,gpu_delivered,15334,150833,0,0,0,5.0757080316543579e-08,,,,,none
889,888,1814410756240499,1814410756373666,1814410756391416,1814410756907166,cpu_fallback,17750,133167,0,0,0,0,,,,,none
890,889,1814410756907166,1814410757128083,1814410757155291,1814410757573833,gpu_delivered,27208,220917,0,0,0,5.9138983488082886e-08,,,,,none
891,890,1814410757573833,1814410757746166,1814410757763750,1814410758240499,gpu_delivered,17584,172333,0,0,0,3.166496753692627e-08,,,,,none
892,891,1814410758240499,1814410758368250,1814410758383833,1814410758907166,gpu_delivered,15583,127751,0,0,0,3.6787241697311401e-08,,,,,none
893,892,1814410758907166,1814410758932500,1814410758946958,1814410759573833,gpu_delivered,14458,25334,0,0,0,4.8894435167312622e-08,,,,,none
894,893,1814410759573833,1814410759738958,1814410759756500,1814410760240499,gpu_delivered,17542,165125,0,0,0,4.6566128730773926e-08,,,,,none
895,894,1814410760240499,1814410760374791,1814410760392583,1814410760907166,gpu_delivered,17792,134292,0,0,0,3.8417056202888489e-08,,,,,none
896,895,1814410760907166,1814410761044916,1814410761060500,1814410761573833,gpu_delivered,15584,137750,0,0,0,5.9604644775390625e-08,,,,,none
897,896,1814410761573833,1814410761734375,1814410761777083,1814410762240499,gpu_delivered,42708,160542,0,0,0,6.3329935073852539e-08,,,,,none
898,897,1814410762240499,1814410762370000,1814410762387125,1814410762907166,gpu_delivered,17125,129501,0,0,0,4.9127265810966492e-08,,,,,none
899,898,1814410762907166,1814410763044125,1814410763059583,1814410763573833,gpu_delivered,15458,136959,0,0,0,4.6100467443466187e-08,,,,,none
900,899,1814410763573833,1814410763618958,1814410763653208,1814410764240499,cpu_fallback,34250,45125,0,0,0,0,,,,,none
901,900,1814410764240499,1814410764399583,1814410764416666,1814410764907166,cpu_fallback,17083,159084,0,0,0,0,,,,,none
902,901,1814410764907166,1814410765041875,1814410765070000,1814410765573833,cpu_fallback,28125,134709,0,0,0,0,,,,,none
903,902,1814410765573833,1814410765614583,1814410765630541,1814410766240499,cpu_fallback,15958,40750,0,0,0,0,,,,,none
904,903,1814410766240499,1814410766400333,1814410766418583,1814410766907166,gpu_delivered,18250,159834,0,0,0,4.1909515857696533e-08,,,,,none
905,904,1814410766907166,1814410767049625,1814410767065625,1814410767573833,gpu_delivered,16000,142459,0,0,0,3.9581209421157837e-08,,,,,none
906,905,1814410767573833,1814410767737625,1814410767780666,1814410768240499,gpu_delivered,43041,163792,0,0,0,6.3329935073852539e-08,,,,,none
907,906,1814410768240499,1814410768369625,1814410768386000,1814410768907166,cpu_fallback,16375,129126,0,0,0,0,,,,,none
908,907,1814410768907166,1814410769106875,1814410769121208,1814410769573833,gpu_delivered,14333,199709,0,0,0,4.2840838432312012e-08,,,,,none
909,908,1814410769573833,1814410769699166,1814410769716583,1814410770240499,cpu_fallback,17417,125333,0,0,0,0,,,,,none
910,909,1814410770240499,1814410770340666,1814410770369375,1814410770907166,cpu_fallback,28709,100167,0,0,0,0,,,,,none
911,910,1814410770907166,1814410771061875,1814410771077500,1814410771573833,cpu_fallback,15625,154709,0,0,0,0,,,,,none
912,911,1814410771573833,1814410771711958,1814410771727500,1814410772240499,cpu_fallback,15542,138125,0,0,0,0,,,,,none
913,912,1814410772240499,1814410772317041,1814410772330958,1814410772907166,cpu_fallback,13917,76542,0,0,0,0,,,,,none
914,913,1814410772907166,1814410773082625,1814410773098333,1814410773573833,gpu_delivered,15708,175459,0,0,0,4.7031790018081665e-08,,,,,none
915,914,1814410773573833,1814410773697458,1814410773711750,1814410774240499,cpu_fallback,14292,123625,0,0,0,0,,,,,none
916,915,1814410774240499,1814410774357291,1814410774372416,1814410774907166,gpu_delivered,15125,116792,0,0,0,4.8428773880004883e-08,,,,,none
917,916,1814410774907166,1814410775051041,1814410775065166,1814410775573833,gpu_delivered,14125,143875,0,0,0,4.4703483581542969e-08,,,,,none
918,917,1814410775573833,1814410775708166,1814410775726791,1814410776240499,gpu_delivered,18625,134333,0,0,0,5.8440491557121277e-08,,,,,none
919,918,1814410776240499,1814410776387916,1814410776424541,1814410776907166,gpu_delivered,36625,147417,0,0,0,5.0989910960197449e-08,,,,,none
920,919,1814410776907166,1814410777044166,1814410777062166,1814410777573833,gpu_delivered,18000,137000,0,0,0,3.8649886846542358e-08,,,,,none
921,920,1814410777573833,1814410777753500,1814410777769291,1814410778240499,gpu_delivered,15791,179667,0,0,0,4.2840838432312012e-08,,,,,none
922,921,1814410778240499,1814410778366583,1814410778381625,1814410778907166,gpu_delivered,15042,126084,0,0,0,3.0267983675003052e-08,,,,,none
923,922,1814410778907166,1814410779050666,1814410779069458,1814410779573833,gpu_delivered,18792,143500,0,0,0,4.8894435167312622e-08,,,,,none
924,923,1814410779573833,1814410779739250,1814410779797083,1814410780240499,cpu_fallback,57833,165417,0,0,0,0,,,,,none
925,924,1814410780240499,1814410780373000,1814410780391375,1814410780907166,cpu_fallback,18375,132501,0,0,0,0,,,,,none
926,925,1814410780907166,1814410781043291,1814410781066166,1814410781573833,cpu_fallback,22875,136125,0,0,0,0,,,,,none
927,926,1814410781573833,1814410781714875,1814410781730916,1814410782240499,cpu_fallback,16041,141042,0,0,0,0,,,,,none
928,927,1814410782240499,1814410782378125,1814410782393833,1814410782907166,cpu_fallback,15708,137626,0,0,0,0,,,,,none
929,928,1814410782907166,1814410783056875,1814410783084750,1814410783573833,gpu_delivered,27875,149709,0,0,0,3.2829120755195618e-08,,,,,none
930,929,1814410783573833,1814410783710458,1814410783726000,1814410784240499,gpu_delivered,15542,136625,0,0,0,4.0163286030292511e-08,,,,,none
931,930,1814410784240499,1814410784264166,1814410784279250,1814410784907166,gpu_delivered,15084,23667,0,0,0,3.166496753692627e-08,,,,,none
932,931,1814410784907166,1814410784984958,1814410785001000,1814410785573833,gpu_delivered,16042,77792,0,0,0,3.901368472725153e-08,,,,,none
933,932,1814410785573833,1814410785722750,1814410785738708,1814410786240499,gpu_delivered,15958,148917,0,0,0,2.7008354663848877e-08,,,,,none
934,933,1814410786240499,1814410786370833,1814410786385375,1814410786907166,gpu_delivered,14542,130334,0,0,0,5.2154064178466797e-08,,,,,none
935,934,1814410786907166,1814410787046375,1814410787063583,1814410787573833,gpu_delivered,17208,139209,0,0,0,3.6787241697311401e-08,,,,,none
936,935,1814410787573833,1814410787715041,1814410787729666,1814410788240499,cpu_fallback,14625,141208,0,0,0,0,,,,,none
937,936,1814410788240499,1814410788378458,1814410788395166,1814410788907166,cpu_fallback,16708,137959,0,0,0,0,,,,,none
938,937,1814410788907166,1814410789056166,1814410789071208,1814410789573833,gpu_delivered,15042,149000,0,0,0,4.0978193283081055e-08,,,,,none
939,938,1814410789573833,1814410789709500,1814410789724583,1814410790240499,gpu_delivered,15083,135667,0,0,0,3.9115548133850098e-08,,,,,none
940,939,1814410790240499,1814410790378958,1814410790398291,1814410790907166,gpu_delivered,19333,138459,0,0,0,5.3085386753082275e-08,,,,,none
941,940,1814410790907166,1814410791113166,1814410791129208,1814410791573833,gpu_delivered,16042,206000,0,0,0,6.9616362452507019e-08,,,,,none
942,941,1814410791573833,1814410791695541,1814410791713791,1814410792240499,cpu_fallback,18250,121708,0,0,0,0,,,,,none
943,942,1814410792240499,1814410792394125,1814410792410333,1814410792907166,cpu_fallback,16208,153626,0,0,0,0,,,,,none
944,943,1814410792907166,1814410792973791,1814410792990083,1814410793573833,gpu_delivered,16292,66625,0,0,0,3.4546246752142906e-08,,,,,none
945,944,1814410793573833,1814410793732333,1814410793761875,1814410794240499,cpu_fallback,29542,158500,0,0,0,0,,,,,none
946,945,1814410794240499,1814410794381375,1814410794397333,1814410794907166,cpu_fallback,15958,140876,0,0,0,0,,,,,none
947,946,1814410794907166,1814410795045083,1814410795061833,1814410795573833,gpu_delivered,16750,137917,0,0,0,4.7264620661735535e-08,,,,,none
948,947,1814410795573833,1814410795727875,1814410795742791,1814410796240499,cpu_fallback,14916,154042,0,0,0,0,,,,,none
949,948,1814410796240499,1814410796387291,1814410796401666,1814410796907166,cpu_fallback,14375,146792,0,0,0,0,,,,,none
950,949,1814410796907166,1814410797050291,1814410797070250,1814410797573833,cpu_fallback,19959,143125,0,0,0,0,,,,,none
951,950,1814410797573833,1814410797720916,1814410797737083,1814410798240499,cpu_fallback,16167,147083,0,0,0,0,,,,,none
952,951,1814410798240499,1814410798380333,1814410798396750,1814410798907166,gpu_delivered,16417,139834,0,0,0,4.3306499719619751e-08,,,,,none
953,952,1814410798907166,1814410799043083,1814410799111541,1814410799573833,gpu_delivered,68458,135917,0,0,0,3.1737727113068104e-08,,,,,none
954,953,1814410799573833,1814410799703333,1814410799721833,1814410800240499,gpu_delivered,18500,129500,0,0,0,5.029141902923584e-08,,,,,none
955,954,1814410800240499,1814410800381958,1814410800397750,1814410800907166,gpu_delivered,15792,141459,0,0,0,5.005858838558197e-08,,,,,none
956,955,1814410800907166,1814410801048291,1814410801064541,1814410801573833,gpu_delivered,16250,141125,0,0,0,7.6834112405776978e-08,,,,,none
957,956,1814410801573833,1814410801724750,1814410801742666,1814410802240499,gpu_delivered,17916,150917,0,0,0,5.6694261729717255e-08,,,,,none
958,957,1814410802240499,1814410802380333,1814410802407958,1814410802907166,gpu_delivered,27625,139834,0,0,0,6.3912011682987213e-08,,,,,none
959,958,1814410802907166,1814410803052166,1814410803070166,1814410803573833,gpu_delivered,18000,145000,0,0,0,4.6566128730773926e-08,,,,,none
960,959,1814410803573833,1814410803724250,1814410803772541,1814410804240499,gpu_delivered,48291,150417,0,0,0,3.2479874789714813e-08,,,,,none
961,960,1814410804240499,1814410804371458,1814410804389708,1814410804907166,cpu_fallback,18250,130959,0,0,0,0,,,,,none
962,961,1814410804907166,1814410805088625,1814410805107375,1814410805573833,gpu_delivered,18750,181459,0,0,0,4.1909515857696533e-08,,,,,none
963,962,1814410805573833,1814410805699250,1814410805715291,1814410806240499,gpu_delivered,16041,125417,0,0,0,2.514570951461792e-08,,,,,none
964,963,1814410806240499,1814410806381000,1814410806398916,1814410806907166,gpu_delivered,17916,140501,0,0,0,4.9360096454620361e-08,,,,,none
965,964,1814410806907166,1814410807054208,1814410807072541,1814410807573833,gpu_delivered,18333,147042,0,0,0,4.2375177145004272e-08,,,,,none
966,965,1814410807573833,1814410807718416,1814410807733458,1814410808240499,gpu_delivered,15042,144583,0,0,0,6.891787052154541e-08,,,,,none
967,966,1814410808240499,1814410808372916,1814410808388166,1814410808907166,gpu_delivered,15250,132417,0,0,0,3.7252902984619141e-08,,,,,none
968,967,1814410808907166,1814410809041000,1814410809056375,1814410809573833,gpu_delivered,15375,133834,0,0,0,2.9802322387695312e-08,,,,,none
969,968,1814410809573833,1814410809603041,1814410809630375,1814410810240499,cpu_fallback,27334,29208,0,0,0,0,,,,,none
970,969,1814410810240499,1814410810402666,1814410810428666,1814410810907166,gpu_delivered,26000,162167,0,0,0,4.2840838432312012e-08,,,,,none
971,970,1814410810907166,1814410811036541,1814410811052291,1814410811573833,gpu_delivered,15750,129375,0,0,0,5.4016709327697754e-08,,,,,none
972,971,1814410811573833,1814410811718583,1814410811735000,1814410812240499,gpu_delivered,16417,144750,0,0,0,5.2619725465774536e-08,,,,,none
973,972,1814410812240499,1814410812374708,1814410812392583,1814410812907166,cpu_fallback,17875,134209,0,0,0,0,,,,,none
974,973,1814410812907166,1814410813059708,1814410813076416,1814410813573833,gpu_delivered,16708,152542,0,0,0,5.4016709327697754e-08,,,,,none
975,974,1814410813573833,1814410813728583,1814410813746458,1814410814240499,cpu_fallback,17875,154750,0,0,0,0,,,,,none
976,975,1814410814240499,1814410814396291,1814410814411666,1814410814907166,gpu_delivered,15375,155792,0,0,0,4.7381035983562469e-08,,,,,none
977,976,1814410814907166,1814410815057250,1814410815074708,1814410815573833,cpu_fallback,17458,150084,0,0,0,0,,,,,none
978,977,1814410815573833,1814410815738083,1814410815756208,1814410816240499,cpu_fallback,18125,164250,0,0,0,0,,,,,none
979,978,1814410816240499,1814410816367916,1814410816407375,1814410816907166,gpu_delivered,39459,127417,0,0,0,3.6321580410003662e-08,,,,,none
980,979,1814410816907166,1814410817045208,1814410817066500,1814410817573833,cpu_fallback,21292,138042,0,0,0,0,,,,,none
981,980,1814410817573833,1814410817708750,1814410817725750,1814410818240499,gpu_delivered,17000,134917,0,0,0,3.2596290111541748e-08,,,,,none
982,981,1814410818240499,1814410818376333,1814410818391375,1814410818907166,cpu_fallback,15042,135834,0,0,0,0,,,,,none
983,982,1814410818907166,1814410818952375,1814410818966000,1814410819573833,gpu_delivered,13625,45209,0,0,0,3.6321580410003662e-08,,,,,none
984,983,1814410819573833,1814410819732791,1814410819751791,1814410820240499,gpu_delivered,19000,158958,0,0,0,4.2142346501350403e-08,,,,,none
985,984,1814410820240499,1814410820367166,1814410820382375,1814410820907166,gpu_delivered,15209,126667,0,0,0,6.0535967350006104e-08,,,,,none
986,985,1814410820907166,1814410821044500,1814410821059375,1814410821573833,gpu_delivered,14875,137334,0,0,0,5.2154064178466797e-08,,,,,none
987,986,1814410821573833,1814410821718125,1814410821735833,1814410822240499,gpu_delivered,17708,144292,0,0,0,3.4458935260772705e-08,,,,,none
988,987,1814410822240499,1814410822400958,1814410822418500,1814410822907166,gpu_delivered,17542,160459,0,0,0,4.9825757741928101e-08,,,,,none
989,988,1814410822907166,1814410823038916,1814410823056125,1814410823573833,gpu_delivered,17209,131750,0,0,0,4.7686626203358173e-08,,,,,none
990,989,1814410823573833,1814410823711166,1814410823727625,1814410824240499,gpu_delivered,16459,137333,0,0,0,3.6321580410003662e-08,,,,,none
991,990,1814410824240499,1814410824382416,1814410824397125,1814410824907166,cpu_fallback,14709,141917,0,0,0,0,,,,,none
992,991,1814410824907166,1814410824945250,1814410824961750,1814410825573833,cpu_fallback,16500,38084,0,0,0,0,,,,,none
993,992,1814410825573833,1814410825758958,1814410825776875,1814410826240499,gpu_delivered,17917,185125,0,0,0,3.3993273973464966e-08,,,,,none
994,993,1814410826240499,1814410826368791,1814410826406500,1814410826907166,cpu_fallback,37709,128292,0,0,0,0,,,,,none
995,994,1814410826907166,1814410827091583,1814410827107750,1814410827573833,gpu_delivered,16167,184417,0,0,0,6.7986547946929932e-08,,,,,none
996,995,1814410827573833,1814410827761375,1814410827776916,1814410828240499,cpu_fallback,15541,187542,0,0,0,0,,,,,none
997,996,1814410828240499,1814410828377500,1814410828394375,1814410828907166,cpu_fallback,16875,137001,0,0,0,0,,,,,none
998,997,1814410828907166,1814410829047083,1814410829065166,1814410829573833,cpu_fallback,18083,139917,0,0,0,0,,,,,none
999,998,1814410829573833,1814410829712541,1814410829729166,1814410830240499,cpu_fallback,16625,138708,0,0,0,0,,,,,none
1000,999,1814410830240499,1814410830376541,1814410830391250,1814410830907166,cpu_fallback,14709,136042,0,0,0,0,,,,,none
