block,delivered_input_sequence,scheduled_ns,start_ns,end_ns,deadline_ns,selected,callback_ns,start_lateness_ns,deadline_missed,mismatch_count,nonfinite_mismatch_count,max_finite_abs_error,first_mismatch_channel,first_mismatch_frame,first_actual,first_expected,first_mismatch_kind
0,,1607407199878291,1607407199878583,1607407200469750,1607407201211624,priming,591167,292,0,0,0,0,,,,,none
1,,1607407201211624,1607407201356166,1607407201949291,1607407202544957,priming,593125,144542,0,0,0,0,,,,,none
2,,1607407202544957,1607407202853500,1607407203407250,1607407203878291,priming,553750,308543,0,0,0,0,,,,,none
3,,1607407203878291,1607407204134750,1607407204676166,1607407205211624,priming,541416,256459,0,0,0,0,,,,,none
4,0,1607407205211624,1607407205504916,1607407206056916,1607407206544957,gpu_delivered,552000,293292,0,0,0,1.1660158634185791e-06,,,,,none
5,1,1607407206544957,1607407206802250,1607407207400208,1607407207878291,gpu_delivered,597958,257293,0,0,0,8.5532665252685547e-06,,,,,none
6,2,1607407207878291,1607407208125041,1607407208667833,1607407209211624,gpu_delivered,542792,246750,0,0,0,1.1224299669265747e-05,,,,,none
7,3,1607407209211624,1607407209496291,1607407210048666,1607407210544957,gpu_delivered,552375,284667,0,0,0,3.7997961044311523e-06,,,,,none
8,4,1607407210544957,1607407210804083,1607407211408125,1607407211878291,gpu_delivered,604042,259126,0,0,0,3.1669624149799347e-06,,,,,none
9,5,1607407211878291,1607407212123000,1607407212669458,1607407213211624,gpu_delivered,546458,244709,0,0,0,7.5548887252807617e-06,,,,,none
10,6,1607407213211624,1607407213488000,1607407214056958,1607407214544957,gpu_delivered,568958,276376,0,0,0,6.3627958297729492e-06,,,,,none
11,7,1607407214544957,1607407214799041,1607407215365500,1607407215878291,gpu_delivered,566459,254084,0,0,0,6.631016731262207e-07,,,,,none
12,8,1607407215878291,1607407216143708,1607407216671708,1607407217211624,gpu_delivered,528000,265417,0,0,0,4.7534704208374023e-06,,,,,none
13,9,1607407217211624,1607407217491000,1607407218004333,1607407218544957,gpu_delivered,513333,279376,0,0,0,9.6186995506286621e-06,,,,,none
14,10,1607407218544957,1607407218819875,1607407219360958,1607407219878291,gpu_delivered,541083,274918,0,0,0,9.4324350357055664e-06,,,,,none
15,11,1607407219878291,1607407220146500,1607407220659625,1607407221211624,gpu_delivered,513125,268209,0,0,0,5.1259994506835938e-06,,,,,none
16,12,1607407221211624,1607407221498833,1607407222041416,1607407222544957,gpu_delivered,542583,287209,0,0,0,7.2568655014038086e-06,,,,,none
17,13,1607407222544957,1607407222801541,1607407223310250,1607407223878291,gpu_delivered,508709,256584,0,0,0,8.1434845924377441e-06,,,,,none
18,14,1607407223878291,1607407224168000,1607407224682541,1607407225211624,gpu_delivered,514541,289709,0,0,0,1.63298100233078e-05,,,,,none
19,15,1607407225211624,1607407225486625,1607407225994041,1607407226544957,gpu_delivered,507416,275001,0,0,0,5.245208740234375e-06,,,,,none
20,16,1607407226544957,1607407226830375,1607407227357458,1607407227878291,gpu_delivered,527083,285418,0,0,0,3.7476420402526855e-06,,,,,none
21,17,1607407227878291,1607407228148500,1607407228686208,1607407229211624,gpu_delivered,537708,270209,0,0,0,1.9189901649951935e-06,,,,,none
22,18,1607407229211624,1607407229478875,1607407229992958,1607407230544957,gpu_delivered,514083,267251,0,0,0,2.7418136596679688e-06,,,,,none
23,19,1607407230544957,1607407230825625,1607407231335166,1607407231878291,gpu_delivered,509541,280668,0,0,0,2.1988525986671448e-06,,,,,none
24,20,1607407231878291,1607407232153375,1607407232660875,1607407233211624,gpu_delivered,507500,275084,0,0,0,2.1755695343017578e-06,,,,,none
25,21,1607407233211624,1607407233504041,1607407234046208,1607407234544957,gpu_delivered,542167,292417,0,0,0,4.6417117118835449e-06,,,,,none
26,22,1607407234544957,1607407234806666,1607407235325541,1607407235878291,gpu_delivered,518875,261709,0,0,0,1.4021992683410645e-05,,,,,none
27,23,1607407235878291,1607407236164250,1607407236671958,1607407237211624,gpu_delivered,507708,285959,0,0,0,2.9876828193664551e-06,,,,,none
28,24,1607407237211624,1607407237489791,1607407238033375,1607407238544957,gpu_delivered,543584,278167,0,0,0,3.5390257835388184e-07,,,,,none
29,25,1607407238544957,1607407238813583,1607407239347625,1607407239878291,gpu_delivered,534042,268626,0,0,0,3.3676624298095703e-06,,,,,none
30,26,1607407239878291,1607407240148791,1607407240696458,1607407241211624,gpu_delivered,547667,270500,0,0,0,7.8752636909484863e-06,,,,,none
31,27,1607407241211624,1607407241480208,1607407242011916,1607407242544957,gpu_delivered,531708,268584,0,0,0,3.4868717193603516e-06,,,,,none
32,28,1607407242544957,1607407242822416,1607407243355833,1607407243878291,gpu_delivered,533417,277459,0,0,0,2.2957101464271545e-07,,,,,none
33,29,1607407243878291,1607407244151166,1607407244681833,1607407245211624,gpu_delivered,530667,272875,0,0,0,6.8694353103637695e-06,,,,,none
34,30,1607407245211624,1607407245483291,1607407246006625,1607407246544957,gpu_delivered,523334,271667,0,0,0,1.0922551155090332e-05,,,,,none
35,31,1607407246544957,1607407246644750,1607407247170166,1607407247878291,gpu_delivered,525416,99793,0,0,0,4.0680170059204102e-06,,,,,none
36,32,1607407247878291,1607407248241625,1607407248771500,1607407249211624,gpu_delivered,529875,363334,0,0,0,5.0812959671020508e-06,,,,,none
37,33,1607407249211624,1607407249441666,1607407249963166,1607407250544957,gpu_delivered,521500,230042,0,0,0,3.7178397178649902e-06,,,,,none
38,34,1607407250544957,1607407250848291,1607407251367583,1607407251878291,gpu_delivered,519292,303334,0,0,0,4.2170286178588867e-06,,,,,none
39,35,1607407251878291,1607407252141666,1607407252673166,1607407253211624,gpu_delivered,531500,263375,0,0,0,5.809590220451355e-06,,,,,none
40,36,1607407253211624,1607407253490583,1607407253998958,1607407254544957,gpu_delivered,508375,278959,0,0,0,4.4330954551696777e-06,,,,,none
41,37,1607407254544957,1607407254827166,1607407255408541,1607407255878291,gpu_delivered,581375,282209,0,0,0,3.0398368835449219e-06,,,,,none
42,38,1607407255878291,1607407256123833,1607407256686375,1607407257211624,gpu_delivered,562542,245542,0,0,0,1.2107193470001221e-05,,,,,none
43,39,1607407257211624,1607407257482500,1607407258038375,1607407258544957,gpu_delivered,555875,270876,0,0,0,8.7097287178039551e-06,,,,,none
44,40,1607407258544957,1607407258805250,1607407259379083,1607407259878291,gpu_delivered,573833,260293,0,0,0,2.5779008865356445e-06,,,,,none
45,41,1607407259878291,1607407260133875,1607407260661333,1607407261211624,gpu_delivered,527458,255584,0,0,0,3.3974647521972656e-06,,,,,none
46,42,1607407261211624,1607407261499000,1607407262033375,1607407262544957,gpu_delivered,534375,287376,0,0,0,3.7942081689834595e-06,,,,,none
47,43,1607407262544957,1607407262822250,1607407263491416,1607407263878291,gpu_delivered,669166,277293,0,0,0,8.9108943939208984e-06,,,,,none
48,44,1607407263878291,1607407264079833,1607407264596916,1607407265211624,gpu_delivered,517083,201542,0,0,0,8.6426734924316406e-07,,,,,none
49,45,1607407265211624,1607407265529833,1607407266057291,1607407266544957,gpu_delivered,527458,318209,0,0,0,3.6656856536865234e-06,,,,,none
50,46,1607407266544957,1607407266802041,1607407267315750,1607407267878291,gpu_delivered,513709,257084,0,0,0,7.1898102760314941e-06,,,,,none
51,47,1607407267878291,1607407268166708,1607407268711291,1607407269211624,gpu_delivered,544583,288417,0,0,0,8.4787607192993164e-06,,,,,none
52,48,1607407269211624,1607407269475416,1607407270003291,1607407270544957,gpu_delivered,527875,263792,0,0,0,5.6624412536621094e-07,,,,,none
53,49,1607407270544957,1607407270822333,1607407271350166,1607407271878291,gpu_delivered,527833,277376,0,0,0,2.1159648895263672e-06,,,,,none
54,50,1607407271878291,1607407271936916,1607407272469250,1607407273211624,gpu_delivered,532334,58625,0,0,0,8.7171792984008789e-06,,,,,none
55,51,1607407273211624,1607407273598583,1607407274125916,1607407274544957,gpu_delivered,527333,386959,0,0,0,5.2172690629959106e-06,,,,,none
56,52,1607407274544957,1607407274762583,1607407275328291,1607407275878291,gpu_delivered,565708,217626,0,0,0,1.6987323760986328e-06,,,,,none
57,53,1607407275878291,1607407276165041,1607407276697166,1607407277211624,gpu_delivered,532125,286750,0,0,0,1.6689300537109375e-06,,,,,none
58,54,1607407277211624,1607407277475500,1607407278003250,1607407278544957,gpu_delivered,527750,263876,0,0,0,1.0550022125244141e-05,,,,,none
59,55,1607407278544957,1607407278819291,1607407279340583,1607407279878291,gpu_delivered,521292,274334,0,0,0,3.509223461151123e-06,,,,,none
60,56,1607407279878291,1607407280151458,1607407280690791,1607407281211624,gpu_delivered,539333,273167,0,0,0,2.86102294921875e-06,,,,,none
61,57,1607407281211624,1607407281482083,1607407282014250,1607407282544957,gpu_delivered,532167,270459,0,0,0,9.0971589088439941e-06,,,,,none
62,58,1607407282544957,1607407282569875,1607407283086500,1607407283878291,gpu_delivered,516625,24918,0,0,0,1.125037670135498e-05,,,,,none
63,59,1607407283878291,1607407284044916,1607407284564041,1607407285211624,gpu_delivered,519125,166625,0,0,0,6.5267086029052734e-06,,,,,none
64,60,1607407285211624,1607407285540625,1607407286067291,1607407286544957,gpu_delivered,526666,329001,0,0,0,6.8545341491699219e-06,,,,,none
65,61,1607407286544957,1607407286792791,1607407287327166,1607407287878291,gpu_delivered,534375,247834,0,0,0,3.6805868148803711e-06,,,,,none
66,62,1607407287878291,1607407288167583,1607407288668708,1607407289211624,gpu_delivered,501125,289292,0,0,0,1.1682510375976562e-05,,,,,none
67,63,1607407289211624,1607407289491875,1607407290004041,1607407290544957,gpu_delivered,512166,280251,0,0,0,5.2712857723236084e-06,,,,,none
68,64,1607407290544957,1607407290820166,1607407291336541,1607407291878291,gpu_delivered,516375,275209,0,0,0,3.5017728805541992e-06,,,,,none
69,65,1607407291878291,1607407292158333,1607407292654208,1607407293211624,gpu_delivered,495875,280042,0,0,0,5.5804848670959473e-06,,,,,none
70,66,1607407293211624,1607407293502416,1607407294031083,1607407294544957,gpu_delivered,528667,290792,0,0,0,6.198883056640625e-06,,,,,none
71,67,1607407294544957,1607407294817208,1607407295340166,1607407295878291,gpu_delivered,522958,272251,0,0,0,1.0579824447631836e-05,,,,,none
72,68,1607407295878291,1607407296155208,1607407296689375,1607407297211624,gpu_delivered,534167,276917,0,0,0,8.497387170791626e-06,,,,,none
73,69,1607407297211624,1607407297315125,1607407297826166,1607407298544957,gpu_delivered,511041,103501,0,0,0,3.0398368835449219e-06,,,,,none
74,70,1607407298544957,1607407298914916,1607407299436958,1607407299878291,gpu_delivered,522042,369959,0,0,0,8.7022781372070312e-06,,,,,none
75,71,1607407299878291,1607407300107208,1607407300645958,1607407301211624,gpu_delivered,538750,228917,0,0,0,1.2218952178955078e-05,,,,,none
76,72,1607407301211624,1607407301502000,1607407302018291,1607407302544957,gpu_delivered,516291,290376,0,0,0,5.1259994506835938e-06,,,,,none
77,73,1607407302544957,1607407302736000,1607407303278208,1607407303878291,gpu_delivered,542208,191043,0,0,0,4.6007335186004639e-07,,,,,none
78,74,1607407303878291,1607407304189750,1607407304723125,1607407305211624,gpu_delivered,533375,311459,0,0,0,5.6624412536621094e-06,,,,,none
79,75,1607407305211624,1607407305462375,1607407305989125,1607407306544957,gpu_delivered,526750,250751,0,0,0,5.636364221572876e-06,,,,,none
80,76,1607407306544957,1607407306827958,1607407307390916,1607407307878291,gpu_delivered,562958,283001,0,0,0,7.1153044700622559e-06,,,,,none
81,77,1607407307878291,1607407308128083,1607407308705250,1607407309211624,gpu_delivered,577167,249792,0,0,0,4.246830940246582e-07,,,,,none
82,78,1607407309211624,1607407309473791,1607407309999666,1607407310544957,gpu_delivered,525875,262167,0,0,0,3.5166740417480469e-06,,,,,none
83,79,1607407310544957,1607407310822041,1607407311402833,1607407311878291,gpu_delivered,580792,277084,0,0,0,2.9206275939941406e-06,,,,,none
84,80,1607407311878291,1607407311896416,1607407312515833,1607407313211624,gpu_delivered,619417,18125,0,0,0,6.8992376327514648e-06,,,,,none
85,81,1607407313211624,1607407313569916,1607407314146000,1607407314544957,gpu_delivered,576084,358292,0,0,0,1.5944242477416992e-06,,,,,none
86,82,1607407314544957,1607407314759250,1607407315285666,1607407315878291,gpu_delivered,526416,214293,0,0,0,5.1707029342651367e-06,,,,,none
87,83,1607407315878291,1607407316178666,1607407316727208,1607407317211624,gpu_delivered,548542,300375,0,0,0,3.729015588760376e-06,,,,,none
88,84,1607407317211624,1607407317467666,1607407318043333,1607407318544957,gpu_delivered,575667,256042,0,0,0,9.8310410976409912e-06,,,,,none
89,85,1607407318544957,1607407318805250,1607407319344250,1607407319878291,gpu_delivered,539000,260293,0,0,0,8.0503523349761963e-06,,,,,none
90,86,1607407319878291,1607407320151458,1607407320734291,1607407321211624,gpu_delivered,582833,273167,0,0,0,1.6093254089355469e-06,,,,,none
91,87,1607407321211624,1607407321465416,1607407322093250,1607407322544957,gpu_delivered,627834,253792,0,0,0,2.170167863368988e-05,,,,,none
92,88,1607407322544957,1607407322777458,1607407323318583,1607407323878291,gpu_delivered,541125,232501,0,0,0,1.1630356311798096e-05,,,,,none
93,89,1607407323878291,1607407324163583,1607407324673083,1607407325211624,gpu_delivered,509500,285292,0,0,0,9.6634030342102051e-06,,,,,none
94,90,1607407325211624,1607407325485041,1607407325997500,1607407326544957,gpu_delivered,512459,273417,0,0,0,5.3644180297851562e-06,,,,,none
95,91,1607407326544957,1607407326822583,1607407327422125,1607407327878291,gpu_delivered,599542,277626,0,0,0,2.339482307434082e-06,,,,,none
96,92,1607407327878291,1607407328111791,1607407328699083,1607407329211624,gpu_delivered,587292,233500,0,0,0,8.4992498159408569e-06,,,,,none
97,93,1607407329211624,1607407329476125,1607407330048250,1607407330544957,gpu_delivered,572125,264501,0,0,0,2.6822090148925781e-06,,,,,none
98,94,1607407330544957,1607407330573958,1607407331154291,1607407331878291,gpu_delivered,580333,29001,0,0,0,2.6375055313110352e-06,,,,,none
99,95,1607407331878291,1607407332249958,1607407332775208,1607407333211624,gpu_delivered,525250,371667,0,0,0,4.9546360969543457e-06,,,,,none
100,96,1607407333211624,1607407333443041,1607407333946875,1607407334544957,gpu_delivered,503834,231417,0,0,0,1.2353062629699707e-05,,,,,none
101,97,1607407334544957,1607407334709708,1607407335214375,1607407335878291,gpu_delivered,504667,164751,0,0,0,1.5795230865478516e-06,,,,,none
102,98,1607407335878291,1607407336213708,1607407336745666,1607407337211624,gpu_delivered,531958,335417,0,0,0,2.816319465637207e-06,,,,,none
103,99,1607407337211624,1607407337448541,1607407337973666,1607407338544957,gpu_delivered,525125,236917,0,0,0,8.0466270446777344e-06,,,,,none
104,100,1607407338544957,1607407338834291,1607407339354416,1607407339878291,gpu_delivered,520125,289334,0,0,0,7.5250864028930664e-06,,,,,none
105,101,1607407339878291,1607407340025583,1607407340536708,1607407341211624,gpu_delivered,511125,147292,0,0,0,2.3543834686279297e-06,,,,,none
106,102,1607407341211624,1607407341554166,1607407342074083,1607407342544957,gpu_delivered,519917,342542,0,0,0,2.3171305656433105e-06,,,,,none
107,103,1607407342544957,1607407342784916,1607407343303125,1607407343878291,gpu_delivered,518209,239959,0,0,0,3.8295984268188477e-06,,,,,none
108,104,1607407343878291,1607407344015291,1607407344779333,1607407345211624,gpu_delivered,764042,137000,0,0,0,5.0067901611328125e-06,,,,,none
109,105,1607407345211624,1607407345438500,1607407345999708,1607407346544957,gpu_delivered,561208,226876,0,0,0,7.152557373046875e-07,,,,,none
110,106,1607407346544957,1607407346827333,1607407347368958,1607407347878291,gpu_delivered,541625,282376,0,0,0,3.512948751449585e-06,,,,,none
111,107,1607407347878291,1607407348142916,1607407348672166,1607407349211624,gpu_delivered,529250,264625,0,0,0,6.9737434387207031e-06,,,,,none
112,108,1607407349211624,1607407349491625,1607407349991666,1607407350544957,gpu_delivered,500041,280001,0,0,0,2.6226043701171875e-06,,,,,none
113,109,1607407350544957,1607407350552125,1607407351076416,1607407351878291,gpu_delivered,524291,7168,0,0,0,3.0687078833580017e-06,,,,,none
114,110,1607407351878291,1607407351900208,1607407352459500,1607407353211624,gpu_delivered,559292,21917,0,0,0,2.9504299163818359e-06,,,,,none
115,111,1607407353211624,1607407353599458,1607407354104875,1607407354544957,gpu_delivered,505417,387834,0,0,0,1.6726553440093994e-06,,,,,none
116,112,1607407354544957,1607407354655208,1607407355181250,1607407355878291,gpu_delivered,526042,110251,0,0,0,2.5853514671325684e-06,,,,,none
117,113,1607407355878291,1607407356235625,1607407356746791,1607407357211624,gpu_delivered,511166,357334,0,0,0,3.769993782043457e-06,,,,,none
118,114,1607407357211624,1607407357448208,1607407357959500,1607407358544957,gpu_delivered,511292,236584,0,0,0,2.5779008865356445e-06,,,,,none
119,115,1607407358544957,1607407358846041,1607407359360000,1607407359878291,gpu_delivered,513959,301084,0,0,0,3.1292438507080078e-06,,,,,none
120,116,1607407359878291,1607407360144250,1607407360673666,1607407361211624,gpu_delivered,529416,265959,0,0,0,4.4275075197219849e-06,,,,,none
121,117,1607407361211624,1607407361485333,1607407361992833,1607407362544957,gpu_delivered,507500,273709,0,0,0,4.3809413909912109e-06,,,,,none
122,118,1607407362544957,1607407362825000,1607407363333208,1607407363878291,gpu_delivered,508208,280043,0,0,0,1.5571713447570801e-06,,,,,none
123,119,1607407363878291,1607407364153833,1607407364657083,1607407365211624,gpu_delivered,503250,275542,0,0,0,2.9653310775756836e-06,,,,,none
124,120,1607407365211624,1607407365492708,1607407366003291,1607407366544957,gpu_delivered,510583,281084,0,0,0,6.8098306655883789e-06,,,,,none
125,121,1607407366544957,1607407366819125,1607407367320541,1607407367878291,gpu_delivered,501416,274168,0,0,0,4.8768706619739532e-06,,,,,none
126,122,1607407367878291,1607407368133041,1607407368647791,1607407369211624,gpu_delivered,514750,254750,0,0,0,1.4379620552062988e-06,,,,,none
127,123,1607407369211624,1607407369381250,1607407369924625,1607407370544957,gpu_delivered,543375,169626,0,0,0,2.4661421775817871e-06,,,,,none
128,124,1607407370544957,1607407370860916,1607407371378375,1607407371878291,gpu_delivered,517459,315959,0,0,0,4.5821070671081543e-06,,,,,none
129,125,1607407371878291,1607407372134000,1607407372709125,1607407373211624,gpu_delivered,575125,255709,0,0,0,3.0100345611572266e-06,,,,,none
130,126,1607407373211624,1607407373473750,1607407374023333,1607407374544957,gpu_delivered,549583,262126,0,0,0,3.2037496566772461e-07,,,,,none
131,127,1607407374544957,1607407374817291,1607407375321916,1607407375878291,gpu_delivered,504625,272334,0,0,0,6.720423698425293e-06,,,,,none
132,128,1607407375878291,1607407376126500,1607407376674291,1607407377211624,gpu_delivered,547791,248209,0,0,0,2.3767352104187012e-06,,,,,none
133,129,1607407377211624,1607407377490458,1607407378018041,1607407378544957,gpu_delivered,527583,278834,0,0,0,2.3487955331802368e-06,,,,,none
134,130,1607407378544957,1607407378816833,1607407379347250,1607407379878291,gpu_delivered,530417,271876,0,0,0,1.0021030902862549e-06,,,,,none
135,131,1607407379878291,1607407380156708,1607407380884458,1607407381211624,gpu_delivered,727750,278417,0,0,0,9.8496675491333008e-06,,,,,none
136,132,1607407381211624,1607407381386291,1607407381899416,1607407382544957,gpu_delivered,513125,174667,0,0,0,4.5821070671081543e-06,,,,,none
137,133,1607407382544957,1607407382871625,1607407383392333,1607407383878291,gpu_delivered,520708,326668,0,0,0,2.9802322387695312e-06,,,,,none
138,134,1607407383878291,1607407384132083,1607407384707375,1607407385211624,gpu_delivered,575292,253792,0,0,0,4.2356550693511963e-06,,,,,none
139,135,1607407385211624,1607407385476541,1607407386070291,1607407386544957,gpu_delivered,593750,264917,0,0,0,4.8279762268066406e-06,,,,,none
140,136,1607407386544957,1607407386792500,1607407387341541,1607407387878291,gpu_delivered,549041,247543,0,0,0,1.4685094356536865e-05,,,,,none
141,137,1607407387878291,1607407388157583,1607407388667666,1607407389211624,gpu_delivered,510083,279292,0,0,0,4.2803585529327393e-06,,,,,none
142,138,1607407389211624,1607407389487541,1607407390035208,1607407390544957,gpu_delivered,547667,275917,0,0,0,1.6689300537109375e-06,,,,,none
143,139,1607407390544957,1607407390811333,1607407391359666,1607407391878291,gpu_delivered,548333,266376,0,0,0,4.7124922275543213e-06,,,,,none
144,140,1607407391878291,1607407392149250,1607407392700125,1607407393211624,gpu_delivered,550875,270959,0,0,0,1.0445713996887207e-05,,,,,none
145,141,1607407393211624,1607407393479875,1607407394056208,1607407394544957,gpu_delivered,576333,268251,0,0,0,6.3329935073852539e-06,,,,,none
146,142,1607407394544957,1607407394799458,1607407395382291,1607407395878291,gpu_delivered,582833,254501,0,0,0,2.8237700462341309e-06,,,,,none
147,143,1607407395878291,1607407396139083,1607407396704583,1607407397211624,gpu_delivered,565500,260792,0,0,0,4.2021274566650391e-06,,,,,none
148,144,1607407397211624,1607407397476500,1607407398078958,1607407398544957,gpu_delivered,602458,264876,0,0,0,4.5672059059143066e-06,,,,,none
149,145,1607407398544957,1607407398589291,1607407399182458,1607407399878291,gpu_delivered,593167,44334,0,0,0,6.9439411163330078e-06,,,,,none
150,146,1607407399878291,1607407400237375,1607407400784500,1607407401211624,gpu_delivered,547125,359084,0,0,0,3.0063092708587646e-06,,,,,none
151,147,1607407401211624,1607407401438958,1607407402017458,1607407402544957,gpu_delivered,578500,227334,0,0,0,1.0430812835693359e-06,,,,,none
152,148,1607407402544957,1607407402817125,1607407403379041,1607407403878291,gpu_delivered,561916,272168,0,0,0,3.1590461730957031e-06,,,,,none
153,149,1607407403878291,1607407404137583,1607407404654666,1607407405211624,gpu_delivered,517083,259292,0,0,0,4.5858323574066162e-06,,,,,none
154,150,1607407405211624,1607407405393791,1607407405901166,1607407406544957,gpu_delivered,507375,182167,0,0,0,2.2649765014648438e-06,,,,,none
155,151,1607407406544957,1607407406702458,1607407407295875,1607407407878291,gpu_delivered,593417,157501,0,0,0,2.0638108253479004e-06,,,,,none
156,152,1607407407878291,1607407408017708,1607407408543291,1607407409211624,gpu_delivered,525583,139417,0,0,0,6.6887587308883667e-06,,,,,none
157,153,1607407409211624,1607407409552750,1607407410086208,1607407410544957,gpu_delivered,533458,341126,0,0,0,1.3485550880432129e-05,,,,,none
158,154,1607407410544957,1607407410778958,1607407411343666,1607407411878291,gpu_delivered,564708,234001,0,0,0,1.0430812835693359e-06,,,,,none
159,155,1607407411878291,1607407412155583,1607407412669916,1607407413211624,gpu_delivered,514333,277292,0,0,0,4.0698796510696411e-06,,,,,none
160,156,1607407413211624,1607407413486750,1607407414239875,1607407414544957,gpu_delivered,753125,275126,0,0,0,4.723668098449707e-06,,,,,none
161,157,1607407414544957,1607407414716416,1607407415244125,1607407415878291,gpu_delivered,527709,171459,0,0,0,1.1168420314788818e-05,,,,,none
162,158,1607407415878291,1607407416201875,1607407416718583,1607407417211624,gpu_delivered,516708,323584,0,0,0,1.8775463104248047e-06,,,,,none
163,159,1607407417211624,1607407417242625,1607407417771208,1607407418544957,gpu_delivered,528583,31001,0,0,0,8.2626938819885254e-06,,,,,none
164,160,1607407418544957,1607407418819916,1607407419360208,1607407419878291,gpu_delivered,540292,274959,0,0,0,6.0349702835083008e-06,,,,,none
165,161,1607407419878291,1607407420151250,1607407420701625,1607407421211624,gpu_delivered,550375,272959,0,0,0,8.0913305282592773e-06,,,,,none
166,162,1607407421211624,1607407421478208,1607407421997416,1607407422544957,gpu_delivered,519208,266584,0,0,0,3.7848949432373047e-06,,,,,none
167,163,1607407422544957,1607407422607791,1607407423127541,1607407423878291,gpu_delivered,519750,62834,0,0,0,2.2649765014648438e-06,,,,,none
168,164,1607407423878291,1607407424265208,1607407424794291,1607407425211624,gpu_delivered,529083,386917,0,0,0,6.1243772506713867e-06,,,,,none
169,165,1607407425211624,1607407425427041,1607407425953500,1607407426544957,gpu_delivered,526459,215417,0,0,0,6.4671039581298828e-06,,,,,none
170,166,1607407426544957,1607407426850333,1607407427404416,1607407427878291,gpu_delivered,554083,305376,0,0,0,3.7923455238342285e-06,,,,,none
171,167,1607407427878291,1607407427912916,1607407428475208,1607407429211624,gpu_delivered,562292,34625,0,0,0,2.3692846298217773e-06,,,,,none
172,168,1607407429211624,1607407429591375,1607407430129083,1607407430544957,gpu_delivered,537708,379751,0,0,0,6.7129731178283691e-06,,,,,none
173,169,1607407430544957,1607407430762333,1607407431295083,1607407431878291,gpu_delivered,532750,217376,0,0,0,6.4447522163391113e-06,,,,,none
174,170,1607407431878291,1607407432176916,1607407432700750,1607407433211624,gpu_delivered,523834,298625,0,0,0,5.0663948059082031e-06,,,,,none
175,171,1607407433211624,1607407433474000,1607407433986833,1607407434544957,gpu_delivered,512833,262376,0,0,0,7.8976154327392578e-07,,,,,none
176,172,1607407434544957,1607407434830541,1607407435351875,1607407435878291,gpu_delivered,521334,285584,0,0,0,5.3942203521728516e-06,,,,,none
177,173,1607407435878291,1607407436149041,1607407436673458,1607407437211624,gpu_delivered,524417,270750,0,0,0,6.5267086029052734e-06,,,,,none
178,174,1607407437211624,1607407437487416,1607407438005583,1607407438544957,gpu_delivered,518167,275792,0,0,0,4.9173831939697266e-07,,,,,none
179,175,1607407438544957,1607407438822125,1607407439415333,1607407439878291,gpu_delivered,593208,277168,0,0,0,1.9352883100509644e-06,,,,,none
180,176,1607407439878291,1607407440121958,1607407440633916,1607407441211624,gpu_delivered,511958,243667,0,0,0,2.1159648895263672e-06,,,,,none
181,177,1607407441211624,1607407441298375,1607407441798916,1607407442544957,gpu_delivered,500541,86751,0,0,0,8.9406967163085938e-06,,,,,none
182,178,1607407442544957,1607407442930166,1607407443456083,1607407443878291,gpu_delivered,525917,385209,0,0,0,1.89170241355896e-05,,,,,none
183,179,1607407443878291,1607407444099458,1607407444679750,1607407445211624,gpu_delivered,580292,221167,0,0,0,1.0314397513866425e-06,,,,,none
184,180,1607407445211624,1607407445489041,1607407446017250,1607407446544957,gpu_delivered,528209,277417,0,0,0,6.0647726058959961e-06,,,,,none
185,181,1607407446544957,1607407446669875,1607407447200416,1607407447878291,gpu_delivered,530541,124918,0,0,0,2.4735927581787109e-06,,,,,none
186,182,1607407447878291,1607407447985291,1607407448505958,1607407449211624,gpu_delivered,520667,107000,0,0,0,2.1979212760925293e-06,,,,,none
187,183,1607407449211624,1607407449572250,1607407450080708,1607407450544957,gpu_delivered,508458,360626,0,0,0,4.9620866775512695e-06,,,,,none
188,184,1607407450544957,1607407450786875,1607407451320500,1607407451878291,gpu_delivered,533625,241918,0,0,0,3.9488077163696289e-06,,,,,none
189,185,1607407451878291,1607407452162583,1607407452682958,1607407453211624,gpu_delivered,520375,284292,0,0,0,6.5127387642860413e-06,,,,,none
190,186,1607407453211624,1607407453484125,1607407454004125,1607407454544957,gpu_delivered,520000,272501,0,0,0,5.6065618991851807e-06,,,,,none
191,187,1607407454544957,1607407454817333,1607407455383875,1607407455878291,gpu_delivered,566542,272376,0,0,0,1.4379620552062988e-06,,,,,none
192,188,1607407455878291,1607407456138083,1607407456661375,1607407457211624,gpu_delivered,523292,259792,0,0,0,4.2244791984558105e-06,,,,,none
193,189,1607407457211624,1607407457491583,1607407457993416,1607407458544957,gpu_delivered,501833,279959,0,0,0,6.1597675085067749e-06,,,,,none
194,190,1607407458544957,1607407458582125,1607407459127125,1607407459878291,gpu_delivered,545000,37168,0,0,0,7.2866678237915039e-06,,,,,none
195,191,1607407459878291,1607407460267041,1607407460783291,1607407461211624,gpu_delivered,516250,388750,0,0,0,8.3744525909423828e-06,,,,,none
196,192,1607407461211624,1607407461430250,1607407461938083,1607407462544957,gpu_delivered,507833,218626,0,0,0,3.2186508178710938e-06,,,,,none
197,193,1607407462544957,1607407462626416,1607407463193333,1607407463878291,gpu_delivered,566917,81459,0,0,0,3.2037496566772461e-06,,,,,none
198,194,1607407463878291,1607407464228958,1607407464761208,1607407465211624,gpu_delivered,532250,350667,0,0,0,6.1020255088806152e-06,,,,,none
199,195,1607407465211624,1607407465440583,1607407466057291,1607407466544957,gpu_delivered,616708,228959,0,0,0,3.6731362342834473e-06,,,,,none
200,196,1607407466544957,1607407466799875,1607407467314583,1607407467878291,gpu_delivered,514708,254918,0,0,0,2.4437904357910156e-06,,,,,none
201,197,1607407467878291,1607407468093416,1607407468612541,1607407469211624,gpu_delivered,519125,215125,0,0,0,4.462897777557373e-06,,,,,none
202,198,1607407469211624,1607407469323958,1607407469839916,1607407470544957,gpu_delivered,515958,112334,0,0,0,1.7583370208740234e-06,,,,,none
203,199,1607407470544957,1607407470902583,1607407471402250,1607407471878291,gpu_delivered,499667,357626,0,0,0,2.2649765014648438e-06,,,,,none
204,200,1607407471878291,1607407472123166,1607407472678833,1607407473211624,gpu_delivered,555667,244875,0,0,0,2.3096799850463867e-06,,,,,none
205,201,1607407473211624,1607407473486416,1607407474002833,1607407474544957,gpu_delivered,516417,274792,0,0,0,7.9944729804992676e-06,,,,,none
206,202,1607407474544957,1607407474819958,1607407475329625,1607407475878291,gpu_delivered,509667,275001,0,0,0,1.3887882232666016e-05,,,,,none
207,203,1607407475878291,1607407476159250,1607407476674375,1607407477211624,gpu_delivered,515125,280959,0,0,0,8.1956386566162109e-07,,,,,none
208,204,1607407477211624,1607407477487125,1607407478010333,1607407478544957,gpu_delivered,523208,275501,0,0,0,3.0621886253356934e-06,,,,,none
209,205,1607407478544957,1607407478816041,1607407479409083,1607407479878291,gpu_delivered,593042,271084,0,0,0,4.2766332626342773e-06,,,,,none
210,206,1607407479878291,1607407480122791,1607407480688083,1607407481211624,gpu_delivered,565292,244500,0,0,0,1.3709068298339844e-06,,,,,none
211,207,1607407481211624,1607407481485666,1607407482060833,1607407482544957,gpu_delivered,575167,274042,0,0,0,1.5348196029663086e-06,,,,,none
212,208,1607407482544957,1607407482797958,1607407483335375,1607407483878291,gpu_delivered,537417,253001,0,0,0,6.1411410570144653e-06,,,,,none
213,209,1607407483878291,1607407484156083,1607407484689333,1607407485211624,gpu_delivered,533250,277792,0,0,0,5.2601099014282227e-06,,,,,none
214,210,1607407485211624,1607407485476250,1607407486001833,1607407486544957,gpu_delivered,525583,264626,0,0,0,7.107853889465332e-06,,,,,none
215,211,1607407486544957,1607407486816708,1607407487357416,1607407487878291,gpu_delivered,540708,271751,0,0,0,1.4416873455047607e-06,,,,,none
216,212,1607407487878291,1607407488145625,1607407488688791,1607407489211624,gpu_delivered,543166,267334,0,0,0,6.9960951805114746e-06,,,,,none
217,213,1607407489211624,1607407489478708,1607407490002833,1607407490544957,gpu_delivered,524125,267084,0,0,0,2.6673078536987305e-06,,,,,none
218,214,1607407490544957,1607407490823333,1607407491351583,1607407491878291,gpu_delivered,528250,278376,0,0,0,9.492039680480957e-06,,,,,none
219,215,1607407491878291,1607407492147500,1607407492682416,1607407493211624,gpu_delivered,534916,269209,0,0,0,8.8163651525974274e-06,,,,,none
220,216,1607407493211624,1607407493483416,1607407494079875,1607407494544957,gpu_delivered,596459,271792,0,0,0,7.0631504058837891e-06,,,,,none
221,217,1607407494544957,1607407494787041,1607407495354208,1607407495878291,gpu_delivered,567167,242084,0,0,0,6.9141387939453125e-06,,,,,none
222,218,1607407495878291,1607407496148375,1607407496730375,1607407497211624,gpu_delivered,582000,270084,0,0,0,1.481175422668457e-05,,,,,none
223,219,1607407497211624,1607407497459458,1607407497998125,1607407498544957,gpu_delivered,538667,247834,0,0,0,5.7332217693328857e-06,,,,,none
224,220,1607407498544957,1607407498825125,1607407499359583,1607407499878291,gpu_delivered,534458,280168,0,0,0,2.0079314708709717e-06,,,,,none
225,221,1607407499878291,1607407500141000,1607407500661041,1607407501211624,gpu_delivered,520041,262709,0,0,0,2.6375055313110352e-06,,,,,none
226,222,1607407501211624,1607407501427083,1607407501981250,1607407502544957,gpu_delivered,554167,215459,0,0,0,6.7353248596191406e-06,,,,,none
227,223,1607407502544957,1607407502833583,1607407503386166,1607407503878291,gpu_delivered,552583,288626,0,0,0,6.8545341491699219e-07,,,,,none
228,224,1607407503878291,1607407504135333,1607407504667833,1607407505211624,gpu_delivered,532500,257042,0,0,0,1.0572373867034912e-05,,,,,none
229,225,1607407505211624,1607407505488791,1607407506029416,1607407506544957,gpu_delivered,540625,277167,0,0,0,3.8035213947296143e-06,,,,,none
230,226,1607407506544957,1607407506806250,1607407507331250,1607407507878291,gpu_delivered,525000,261293,0,0,0,3.3527612686157227e-06,,,,,none
231,227,1607407507878291,1607407508061041,1607407508611791,1607407509211624,gpu_delivered,550750,182750,0,0,0,2.0451843738555908e-06,,,,,none
232,228,1607407509211624,1607407509549041,1607407510125250,1607407510544957,gpu_delivered,576209,337417,0,0,0,3.6135315895080566e-06,,,,,none
233,229,1607407510544957,1607407510764416,1607407511310791,1607407511878291,gpu_delivered,546375,219459,0,0,0,1.325458288192749e-05,,,,,none
234,230,1607407511878291,1607407512175166,1607407512717875,1607407513211624,gpu_delivered,542709,296875,0,0,0,5.5953860282897949e-06,,,,,none
235,231,1607407513211624,1607407513463541,1607407514011458,1607407514544957,gpu_delivered,547917,251917,0,0,0,5.3625553846359253e-06,,,,,none
236,232,1607407514544957,1607407514815583,1607407515340208,1607407515878291,gpu_delivered,524625,270626,0,0,0,7.6685100793838501e-06,,,,,none
237,233,1607407515878291,1607407516144750,1607407516689333,1607407517211624,gpu_delivered,544583,266459,0,0,0,2.3245811462402344e-06,,,,,none
238,234,1607407517211624,1607407517476875,1607407518004000,1607407518544957,gpu_delivered,527125,265251,0,0,0,5.4836273193359375e-06,,,,,none
239,235,1607407518544957,1607407518709291,1607407519232416,1607407519878291,gpu_delivered,523125,164334,0,0,0,5.9287995100021362e-06,,,,,none
240,236,1607407519878291,1607407519988916,1607407520520750,1607407521211624,gpu_delivered,531834,110625,0,0,0,1.5646219253540039e-06,,,,,none
241,237,1607407521211624,1607407521272541,1607407521826416,1607407522544957,gpu_delivered,553875,60917,0,0,0,6.161397323012352e-06,,,,,none
242,238,1607407522544957,1607407522918208,1607407523475458,1607407523878291,gpu_delivered,557250,373251,0,0,0,4.3213367462158203e-06,,,,,none
243,239,1607407523878291,1607407523903708,1607407524461041,1607407525211624,gpu_delivered,557333,25417,0,0,0,3.121793270111084e-06,,,,,none
244,240,1607407525211624,1607407525599958,1607407526164041,1607407526544957,gpu_delivered,564083,388334,0,0,0,1.6987323760986328e-06,,,,,none
245,241,1607407526544957,1607407526743750,1607407527357208,1607407527878291,gpu_delivered,613458,198793,0,0,0,2.1457672119140625e-06,,,,,none
246,242,1607407527878291,1607407528149666,1607407528690625,1607407529211624,gpu_delivered,540959,271375,0,0,0,4.4554471969604492e-06,,,,,none
247,243,1607407529211624,1607407529475000,1607407530000958,1607407530544957,gpu_delivered,525958,263376,0,0,0,7.4207782745361328e-06,,,,,none
248,244,1607407530544957,1607407530743625,1607407531267583,1607407531878291,gpu_delivered,523958,198668,0,0,0,2.816319465637207e-06,,,,,none
249,245,1607407531878291,1607407532189333,1607407532720083,1607407533211624,gpu_delivered,530750,311042,0,0,0,3.7252902984619141e-06,,,,,none
250,246,1607407533211624,1607407533463541,1607407534022416,1607407534544957,gpu_delivered,558875,251917,0,0,0,1.1965632438659668e-05,,,,,none
251,247,1607407534544957,1607407534815125,1607407535353875,1607407535878291,gpu_delivered,538750,270168,0,0,0,2.5182962417602539e-06,,,,,none
252,248,1607407535878291,1607407536092000,1607407536723583,1607407537211624,gpu_delivered,631583,213709,0,0,0,2.1159648895263672e-06,,,,,none
253,249,1607407537211624,1607407537464416,1607407537990083,1607407538544957,gpu_delivered,525667,252792,0,0,0,2.2649765014648438e-06,,,,,none
254,250,1607407538544957,1607407538778958,1607407539327916,1607407539878291,gpu_delivered,548958,234001,0,0,0,5.2396208047866821e-06,,,,,none
255,251,1607407539878291,1607407540157708,1607407540674750,1607407541211624,gpu_delivered,517042,279417,0,0,0,9.581446647644043e-06,,,,,none
256,252,1607407541211624,1607407541437666,1607407541955958,1607407542544957,gpu_delivered,518292,226042,0,0,0,7.4505805969238281e-07,,,,,none
257,253,1607407542544957,1607407542842791,1607407543376666,1607407543878291,gpu_delivered,533875,297834,0,0,0,4.6342611312866211e-06,,,,,none
258,254,1607407543878291,1607407543947458,1607407544489583,1607407545211624,gpu_delivered,542125,69167,0,0,0,5.1259994506835938e-06,,,,,none
259,255,1607407545211624,1607407545580041,1607407546114333,1607407546544957,gpu_delivered,534292,368417,0,0,0,7.6442956924438477e-06,,,,,none
260,256,1607407546544957,1607407546765000,1607407547299208,1607407547878291,gpu_delivered,534208,220043,0,0,0,2.037733793258667e-06,,,,,none
261,257,1607407547878291,1607407548172666,1607407548708416,1607407549211624,gpu_delivered,535750,294375,0,0,0,3.9041042327880859e-06,,,,,none
262,258,1607407549211624,1607407549470958,1607407550009500,1607407550544957,gpu_delivered,538542,259334,0,0,0,3.7401914596557617e-06,,,,,none
263,259,1607407550544957,1607407550817208,1607407551624333,1607407551878291,gpu_delivered,807125,272251,0,0,0,4.9965456128120422e-06,,,,,none
264,260,1607407551878291,1607407552019500,1607407552603958,1607407553211624,gpu_delivered,584458,141209,0,0,0,2.4046748876571655e-06,,,,,none
265,261,1607407553211624,1607407553524291,1607407554086375,1607407554544957,gpu_delivered,562084,312667,0,0,0,3.8221478462219238e-06,,,,,none
266,262,1607407554544957,1607407554787583,1607407555330666,1607407555878291,gpu_delivered,543083,242626,0,0,0,5.2973628044128418e-06,,,,,none
267,263,1607407555878291,1607407556158916,1607407556722666,1607407557211624,gpu_delivered,563750,280625,0,0,0,9.275972843170166e-06,,,,,none
268,264,1607407557211624,1607407557466708,1607407558006750,1607407558544957,gpu_delivered,540042,255084,0,0,0,9.4026327133178711e-06,,,,,none
269,265,1607407558544957,1607407558818708,1607407559352166,1607407559878291,gpu_delivered,533458,273751,0,0,0,1.0281801223754883e-06,,,,,none
270,266,1607407559878291,1607407559946333,1607407560486833,1607407561211624,gpu_delivered,540500,68042,0,0,0,1.4632940292358398e-05,,,,,none
271,267,1607407561211624,1607407561582208,1607407562128208,1607407562544957,gpu_delivered,546000,370584,0,0,0,4.3958425521850586e-06,,,,,none
272,268,1607407562544957,1607407562557958,1607407563097375,1607407563878291,gpu_delivered,539417,13001,0,0,0,6.9737434387207031e-06,,,,,none
273,269,1607407563878291,1607407564274041,1607407564815541,1607407565211624,gpu_delivered,541500,395750,0,0,0,3.6358833312988281e-06,,,,,none
274,270,1607407565211624,1607407565418375,1607407565963791,1607407566544957,gpu_delivered,545416,206751,0,0,0,5.7369470596313477e-06,,,,,none
275,271,1607407566544957,1607407566840000,1607407567392458,1607407567878291,gpu_delivered,552458,295043,0,0,0,1.786649227142334e-05,,,,,none
276,272,1607407567878291,1607407568127666,1607407568661208,1607407569211624,gpu_delivered,533542,249375,0,0,0,1.0728836059570312e-06,,,,,none
277,273,1607407569211624,1607407569492875,1607407570035458,1607407570544957,gpu_delivered,542583,281251,0,0,0,4.3287873268127441e-06,,,,,none
278,274,1607407570544957,1607407570807666,1607407571373625,1607407571878291,gpu_delivered,565959,262709,0,0,0,3.814697265625e-06,,,,,none
279,275,1607407571878291,1607407572142875,1607407572701291,1607407573211624,gpu_delivered,558416,264584,0,0,0,7.1823596954345703e-06,,,,,none
280,276,1607407573211624,1607407573479458,1607407574007333,1607407574544957,gpu_delivered,527875,267834,0,0,0,3.3974647521972656e-06,,,,,none
281,277,1607407574544957,1607407574825041,1607407575393708,1607407575878291,gpu_delivered,568667,280084,0,0,0,2.9280781745910645e-06,,,,,none
282,278,1607407575878291,1607407576129166,1607407576678041,1607407577211624,gpu_delivered,548875,250875,0,0,0,4.1425228118896484e-06,,,,,none
283,279,1607407577211624,1607407577484750,1607407578059458,1607407578544957,gpu_delivered,574708,273126,0,0,0,1.1786818504333496e-05,,,,,none
284,280,1607407578544957,1607407578798333,1607407579339375,1607407579878291,gpu_delivered,541042,253376,0,0,0,4.8428773880004883e-07,,,,,none
285,281,1607407579878291,1607407580154458,1607407580707041,1607407581211624,gpu_delivered,552583,276167,0,0,0,5.8263540267944336e-06,,,,,none
286,282,1607407581211624,1607407581329041,1607407581889833,1607407582544957,gpu_delivered,560792,117417,0,0,0,3.6060810089111328e-06,,,,,none
287,283,1607407582544957,1607407582801500,1607407583377833,1607407583878291,gpu_delivered,576333,256543,0,0,0,2.1383166313171387e-06,,,,,none
288,284,1607407583878291,1607407584143125,1607407584679041,1607407585211624,gpu_delivered,535916,264834,0,0,0,4.723668098449707e-06,,,,,none
289,285,1607407585211624,1607407585485416,1607407586240125,1607407586544957,gpu_delivered,754709,273792,0,0,0,2.5629997253417969e-06,,,,,none
290,286,1607407586544957,1607407586607291,1607407587157500,1607407587878291,gpu_delivered,550209,62334,0,0,0,3.8295984268188477e-06,,,,,none
291,287,1607407587878291,1607407588245625,1607407588791166,1607407589211624,gpu_delivered,545541,367334,0,0,0,1.4975666999816895e-06,,,,,none
292,288,1607407589211624,1607407589432041,1607407590191666,1607407590544957,gpu_delivered,759625,220417,0,0,0,7.6889991760253906e-06,,,,,none
293,289,1607407590544957,1607407590729833,1607407591273083,1607407591878291,gpu_delivered,543250,184876,0,0,0,7.6219439506530762e-06,,,,,none
294,290,1607407591878291,1607407592192125,1607407592770375,1607407593211624,gpu_delivered,578250,313834,0,0,0,2.384185791015625e-06,,,,,none
295,291,1607407593211624,1607407593452875,1607407594061500,1607407594544957,gpu_delivered,608625,241251,0,0,0,6.8359076976776123e-06,,,,,none
296,292,1607407594544957,1607407594797416,1607407595355458,1607407595878291,gpu_delivered,558042,252459,0,0,0,7.8082084655761719e-06,,,,,none
297,293,1607407595878291,1607407596161666,1607407596734958,1607407597211624,gpu_delivered,573292,283375,0,0,0,1.7732381820678711e-06,,,,,none
298,294,1607407597211624,1607407597461500,1607407597997083,1607407598544957,gpu_delivered,535583,249876,0,0,0,2.6822090148925781e-06,,,,,none
299,295,1607407598544957,1607407598825916,1607407599392166,1607407599878291,gpu_delivered,566250,280959,0,0,0,6.9402158260345459e-06,,,,,none
300,296,1607407599878291,1607407600125416,1607407600672958,1607407601211624,gpu_delivered,547542,247125,0,0,0,3.9935111999511719e-06,,,,,none
301,297,1607407601211624,1607407601486958,1607407602019166,1607407602544957,gpu_delivered,532208,275334,0,0,0,2.4586915969848633e-06,,,,,none
302,298,1607407602544957,1607407602820541,1607407603360000,1607407603878291,gpu_delivered,539459,275584,0,0,0,2.0563602447509766e-06,,,,,none
303,299,1607407603878291,1607407604164000,1607407604730125,1607407605211624,gpu_delivered,566125,285709,0,0,0,6.9960951805114746e-06,,,,,none
304,300,1607407605211624,1607407605459750,1607407605995125,1607407606544957,gpu_delivered,535375,248126,0,0,0,6.154179573059082e-06,,,,,none
305,301,1607407606544957,1607407606829625,1607407607405500,1607407607878291,gpu_delivered,575875,284668,0,0,0,1.6838312149047852e-06,,,,,none
306,302,1607407607878291,1607407608127916,1607407608670958,1607407609211624,gpu_delivered,543042,249625,0,0,0,9.7416341304779053e-06,,,,,none
307,303,1607407609211624,1607407609487208,1607407610039333,1607407610544957,gpu_delivered,552125,275584,0,0,0,9.8794698715209961e-06,,,,,none
308,304,1607407610544957,1607407610615833,1607407611151000,1607407611878291,gpu_delivered,535167,70876,0,0,0,2.96812504529953e-06,,,,,none
309,305,1607407611878291,1607407612246000,1607407612772833,1607407613211624,gpu_delivered,526833,367709,0,0,0,5.3644180297851562e-07,,,,,none
310,306,1607407613211624,1607407613436833,1607407613979750,1607407614544957,gpu_delivered,542917,225209,0,0,0,3.9935111999511719e-06,,,,,none
311,307,1607407614544957,1607407614833791,1607407615365916,1607407615878291,gpu_delivered,532125,288834,0,0,0,4.8838555812835693e-06,,,,,none
312,308,1607407615878291,1607407616087791,1607407616623583,1607407617211624,gpu_delivered,535792,209500,0,0,0,1.3634562492370605e-05,,,,,none
313,309,1607407617211624,1607407617510750,1607407618040583,1607407618544957,gpu_delivered,529833,299126,0,0,0,1.9632279872894287e-06,,,,,none
314,310,1607407618544957,1607407618806375,1607407619372041,1607407619878291,gpu_delivered,565666,261418,0,0,0,5.5730342864990234e-06,,,,,none
315,311,1607407619878291,1607407620135916,1607407620673208,1607407621211624,gpu_delivered,537292,257625,0,0,0,2.7120113372802734e-06,,,,,none
316,312,1607407621211624,1607407621488833,1607407622048375,1607407622544957,gpu_delivered,559542,277209,0,0,0,1.0848045349121094e-05,,,,,none
317,313,1607407622544957,1607407622811375,1607407623355083,1607407623878291,gpu_delivered,543708,266418,0,0,0,2.4596229195594788e-06,,,,,none
318,314,1607407623878291,1607407624153041,1607407624677916,1607407625211624,gpu_delivered,524875,274750,0,0,0,2.905726432800293e-06,,,,,none
319,315,1607407625211624,1607407625483625,1607407626028166,1607407626544957,gpu_delivered,544541,272001,0,0,0,5.4687261581420898e-06,,,,,none
320,316,1607407626544957,1607407626815000,1607407627363458,1607407627878291,gpu_delivered,548458,270043,0,0,0,6.67572021484375e-06,,,,,none
321,317,1607407627878291,1607407628091458,1607407628616708,1607407629211624,gpu_delivered,525250,213167,0,0,0,6.67572021484375e-06,,,,,none
322,318,1607407629211624,1607407629366333,1607407629904333,1607407630544957,gpu_delivered,538000,154709,0,0,0,2.6300549507141113e-06,,,,,none
323,319,1607407630544957,1607407630870916,1607407631456166,1607407631878291,gpu_delivered,585250,325959,0,0,0,6.631016731262207e-06,,,,,none
324,320,1607407631878291,1607407632097250,1607407632638083,1607407633211624,gpu_delivered,540833,218959,0,0,0,4.3809413909912109e-06,,,,,none
325,321,1607407633211624,1607407633502875,1607407634175041,1607407634544957,gpu_delivered,672166,291251,0,0,0,3.6656856536865234e-06,,,,,none
326,322,1607407634544957,1607407634740916,1607407635289041,1607407635878291,gpu_delivered,548125,195959,0,0,0,6.936490535736084e-06,,,,,none
327,323,1607407635878291,1607407636178541,1607407636721625,1607407637211624,gpu_delivered,543084,300250,0,0,0,4.7534704208374023e-06,,,,,none
328,324,1607407637211624,1607407637446458,1607407637981666,1607407638544957,gpu_delivered,535208,234834,0,0,0,6.0647726058959961e-06,,,,,none
329,325,1607407638544957,1607407638836875,1607407639452208,1607407639878291,gpu_delivered,615333,291918,0,0,0,3.5166740417480469e-06,,,,,none
330,326,1607407639878291,1607407639976500,1607407640532125,1607407641211624,gpu_delivered,555625,98209,0,0,0,4.5355409383773804e-06,,,,,none
331,327,1607407641211624,1607407641555083,1607407642099291,1607407642544957,gpu_delivered,544208,343459,0,0,0,1.3329088687896729e-05,,,,,none
332,328,1607407642544957,1607407642772375,1607407643352291,1607407643878291,gpu_delivered,579916,227418,0,0,0,1.0991469025611877e-05,,,,,none
333,329,1607407643878291,1607407644149666,1607407644698583,1607407645211624,gpu_delivered,548917,271375,0,0,0,1.6242265701293945e-06,,,,,none
334,330,1607407645211624,1607407645472583,1607407646027125,1607407646544957,gpu_delivered,554542,260959,0,0,0,1.146271824836731e-05,,,,,none
335,331,1607407646544957,1607407646808125,1607407647353666,1607407647878291,gpu_delivered,545541,263168,0,0,0,8.1658363342285156e-06,,,,,none
336,332,1607407647878291,1607407648138625,1607407648682666,1607407649211624,gpu_delivered,544041,260334,0,0,0,5.1464885473251343e-06,,,,,none
337,333,1607407649211624,1607407649482916,1607407650031333,1607407650544957,gpu_delivered,548417,271292,0,0,0,1.5310943126678467e-06,,,,,none
338,334,1607407650544957,1607407650777166,1607407651321083,1607407651878291,gpu_delivered,543917,232209,0,0,0,4.2170286178588867e-06,,,,,none
339,335,1607407651878291,1607407652177458,1607407652760666,1607407653211624,gpu_delivered,583208,299167,0,0,0,4.1909515857696533e-06,,,,,none
340,336,1607407653211624,1607407653449000,1607407654018458,1607407654544957,gpu_delivered,569458,237376,0,0,0,1.1097639799118042e-05,,,,,none
341,337,1607407654544957,1607407654815875,1607407655378208,1607407655878291,gpu_delivered,562333,270918,0,0,0,2.4437904357910156e-06,,,,,none
342,338,1607407655878291,1607407656132541,1607407656673625,1607407657211624,gpu_delivered,541084,254250,0,0,0,7.5381249189376831e-06,,,,,none
343,339,1607407657211624,1607407657484750,1607407658027666,1607407658544957,gpu_delivered,542916,273126,0,0,0,3.0696392059326172e-06,,,,,none
344,340,1607407658544957,1607407658806916,1607407659353541,1607407659878291,gpu_delivered,546625,261959,0,0,0,2.86102294921875e-06,,,,,none
345,341,1607407659878291,1607407660144500,1607407660710750,1607407661211624,gpu_delivered,566250,266209,0,0,0,3.3639371395111084e-06,,,,,none
346,342,1607407661211624,1607407661472958,1607407662012625,1607407662544957,gpu_delivered,539667,261334,0,0,0,1.3023614883422852e-05,,,,,none
347,343,1607407662544957,1607407662815125,1607407663359958,1607407663878291,gpu_delivered,544833,270168,0,0,0,2.86102294921875e-06,,,,,none
348,344,1607407663878291,1607407664143375,1607407664706250,1607407665211624,gpu_delivered,562875,265084,0,0,0,2.1254178136587143e-05,,,,,none
349,345,1607407665211624,1607407665451583,1607407666101375,1607407666544957,gpu_delivered,649792,239959,0,0,0,1.1801719665527344e-05,,,,,none
350,346,1607407666544957,1607407666777666,1607407667549875,1607407667878291,gpu_delivered,772209,232709,0,0,0,2.6822090148925781e-06,,,,,none
351,347,1607407667878291,1607407668049458,1607407668599083,1607407669211624,gpu_delivered,549625,171167,0,0,0,2.1755695343017578e-06,,,,,none
352,348,1607407669211624,1607407669465458,1607407670030291,1607407670544957,gpu_delivered,564833,253834,0,0,0,2.9206275939941406e-06,,,,,none
353,349,1607407670544957,1607407670806333,1607407671361500,1607407671878291,gpu_delivered,555167,261376,0,0,0,3.5297125577926636e-06,,,,,none
354,350,1607407671878291,1607407672154416,1607407672700750,1607407673211624,gpu_delivered,546334,276125,0,0,0,1.3031065464019775e-05,,,,,none
355,351,1607407673211624,1607407673476166,1607407674023791,1607407674544957,gpu_delivered,547625,264542,0,0,0,2.2351741790771484e-06,,,,,none
356,352,1607407674544957,1607407674809166,1607407675353875,1607407675878291,gpu_delivered,544709,264209,0,0,0,7.6144933700561523e-06,,,,,none
357,353,1607407675878291,1607407676145916,1607407676687833,1607407677211624,gpu_delivered,541917,267625,0,0,0,1.3217329978942871e-05,,,,,none
358,354,1607407677211624,1607407677305208,1607407677842291,1607407678544957,gpu_delivered,537083,93584,0,0,0,1.6987323760986328e-06,,,,,none
359,355,1607407678544957,1607407678901583,1607407679448125,1607407679878291,gpu_delivered,546542,356626,0,0,0,4.9769878387451172e-06,,,,,none
360,356,1607407679878291,1607407679916500,1607407680473166,1607407681211624,gpu_delivered,556666,38209,0,0,0,5.245208740234375e-06,,,,,none
361,357,1607407681211624,1607407681585458,1607407682134208,1607407682544957,gpu_delivered,548750,373834,0,0,0,4.4852495193481445e-06,,,,,none
362,358,1607407682544957,1607407682754750,1607407683321750,1607407683878291,gpu_delivered,567000,209793,0,0,0,3.6358833312988281e-06,,,,,none
363,359,1607407683878291,1607407684168166,1607407684752500,1607407685211624,gpu_delivered,584334,289875,0,0,0,3.2037496566772461e-06,,,,,none
364,360,1607407685211624,1607407685454583,1607407686027666,1607407686544957,gpu_delivered,573083,242959,0,0,0,1.430511474609375e-06,,,,,none
365,361,1607407686544957,1607407686812458,1607407687370916,1607407687878291,gpu_delivered,558458,267501,0,0,0,7.8715384006500244e-06,,,,,none
366,362,1607407687878291,1607407688140833,1607407688697250,1607407689211624,gpu_delivered,556417,262542,0,0,0,7.2754919528961182e-06,,,,,none
367,363,1607407689211624,1607407689228000,1607407689793041,1607407690544957,gpu_delivered,565041,16376,0,0,0,1.8179416656494141e-06,,,,,none
368,364,1607407690544957,1607407690925375,1607407691469875,1607407691878291,gpu_delivered,544500,380418,0,0,0,5.4035335779190063e-06,,,,,none
369,365,1607407691878291,1607407692077000,1607407692646291,1607407693211624,gpu_delivered,569291,198709,0,0,0,3.9674341678619385e-06,,,,,none
370,366,1607407693211624,1607407693503125,1607407694067208,1607407694544957,gpu_delivered,564083,291501,0,0,0,2.8312206268310547e-06,,,,,none
371,367,1607407694544957,1607407694724208,1607407695280291,1607407695878291,gpu_delivered,556083,179251,0,0,0,5.3644180297851562e-06,,,,,none
372,368,1607407695878291,1607407695988291,1607407696532708,1607407697211624,gpu_delivered,544417,110000,0,0,0,1.2516975402832031e-06,,,,,none
373,369,1607407697211624,1607407697294041,1607407697844291,1607407698544957,gpu_delivered,550250,82417,0,0,0,5.3942203521728516e-06,,,,,none
374,370,1607407698544957,1607407698638625,1607407699188208,1607407699878291,gpu_delivered,549583,93668,0,0,0,5.8263540267944336e-06,,,,,none
375,371,1607407699878291,1607407700237166,1607407700791666,1607407701211624,gpu_delivered,554500,358875,0,0,0,1.4267861843109131e-06,,,,,none
376,372,1607407701211624,1607407701428291,1607407702069500,1607407702544957,gpu_delivered,641209,216667,0,0,0,3.1143426895141602e-06,,,,,none
377,373,1607407702544957,1607407702802375,1607407703356875,1607407703878291,gpu_delivered,554500,257418,0,0,0,6.8545341491699219e-06,,,,,none
378,374,1607407703878291,1607407704151541,1607407704701125,1607407705211624,gpu_delivered,549584,273250,0,0,0,9.8086893558502197e-06,,,,,none
379,375,1607407705211624,1607407705481208,1607407706054625,1607407706544957,gpu_delivered,573417,269584,0,0,0,7.0109963417053223e-06,,,,,none
380,376,1607407706544957,1607407706795375,1607407707338458,1607407707878291,gpu_delivered,543083,250418,0,0,0,1.4081597328186035e-05,,,,,none
381,377,1607407707878291,1607407708152916,1607407708691458,1607407709211624,gpu_delivered,538542,274625,0,0,0,5.7127326726913452e-06,,,,,none
382,378,1607407709211624,1607407709475541,1607407710023541,1607407710544957,gpu_delivered,548000,263917,0,0,0,8.3446502685546875e-06,,,,,none
383,379,1607407710544957,1607407710606833,1607407711166750,1607407711878291,gpu_delivered,559917,61876,0,0,0,1.7881393432617188e-06,,,,,none
384,380,1607407711878291,1607407712062333,1607407712610583,1607407713211624,gpu_delivered,548250,184042,0,0,0,3.1590461730957031e-06,,,,,none
385,381,1607407713211624,1607407713515708,1607407714054250,1607407714544957,gpu_delivered,538542,304084,0,0,0,2.9429793357849121e-06,,,,,none
386,382,1607407714544957,1607407714796833,1607407715342750,1607407715878291,gpu_delivered,545917,251876,0,0,0,1.1116266250610352e-05,,,,,none
387,383,1607407715878291,1607407716152708,1607407716710666,1607407717211624,gpu_delivered,557958,274417,0,0,0,1.2092292308807373e-05,,,,,none
388,384,1607407717211624,1607407717467208,1607407718021458,1607407718544957,gpu_delivered,554250,255584,0,0,0,7.9460442066192627e-06,,,,,none
389,385,1607407718544957,1607407718811666,1607407719359083,1607407719878291,gpu_delivered,547417,266709,0,0,0,3.9488077163696289e-06,,,,,none
390,386,1607407719878291,1607407720145500,1607407720687541,1607407721211624,gpu_delivered,542041,267209,0,0,0,5.7592988014221191e-06,,,,,none
391,387,1607407721211624,1607407721479000,1607407722018083,1607407722544957,gpu_delivered,539083,267376,0,0,0,1.3731420040130615e-05,,,,,none
392,388,1607407722544957,1607407722732583,1607407723307750,1607407723878291,gpu_delivered,575167,187626,0,0,0,3.814697265625e-06,,,,,none
393,389,1607407723878291,1607407724173500,1607407724727708,1607407725211624,gpu_delivered,554208,295209,0,0,0,9.8347663879394531e-07,,,,,none
394,390,1607407725211624,1607407725460458,1607407726006833,1607407726544957,gpu_delivered,546375,248834,0,0,0,8.7469816207885742e-06,,,,,none
395,391,1607407726544957,1607407726820833,1607407727373291,1607407727878291,gpu_delivered,552458,275876,0,0,0,1.5825033187866211e-05,,,,,none
396,392,1607407727878291,1607407728116166,1607407728661291,1607407729211624,gpu_delivered,545125,237875,0,0,0,3.0249357223510742e-06,,,,,none
397,393,1607407729211624,1607407729493958,1607407730049916,1607407730544957,gpu_delivered,555958,282334,0,0,0,5.7965517044067383e-06,,,,,none
398,394,1607407730544957,1607407730608500,1607407731185958,1607407731878291,gpu_delivered,577458,63543,0,0,0,3.6954879760742188e-06,,,,,none
399,395,1607407731878291,1607407731911083,1607407732458958,1607407733211624,gpu_delivered,547875,32792,0,0,0,2.2500753402709961e-06,,,,,none
400,396,1607407733211624,1607407733459750,1607407734044625,1607407734544957,gpu_delivered,584875,248126,0,0,0,2.2947788238525391e-06,,,,,none
401,397,1607407734544957,1607407734806250,1607407735376375,1607407735878291,gpu_delivered,570125,261293,0,0,0,3.5762786865234375e-06,,,,,none
402,398,1607407735878291,1607407736133875,1607407736682375,1607407737211624,gpu_delivered,548500,255584,0,0,0,1.2546777725219727e-05,,,,,none
403,399,1607407737211624,1607407737332041,1607407737878708,1607407738544957,gpu_delivered,546667,120417,0,0,0,8.1658363342285156e-06,,,,,none
404,400,1607407738544957,1607407738886166,1607407739442958,1607407739878291,gpu_delivered,556792,341209,0,0,0,2.0712614059448242e-06,,,,,none
405,401,1607407739878291,1607407739936000,1607407740483916,1607407741211624,gpu_delivered,547916,57709,0,0,0,1.3470649719238281e-05,,,,,none
406,402,1607407741211624,1607407741217958,1607407741791583,1607407742544957,gpu_delivered,573625,6334,0,0,0,3.3564865589141846e-06,,,,,none
407,403,1607407742544957,1607407742932708,1607407743495708,1607407743878291,gpu_delivered,563000,387751,0,0,0,1.6838312149047852e-06,,,,,none
408,404,1607407743878291,1607407744072750,1607407744624916,1607407745211624,gpu_delivered,552166,194459,0,0,0,1.5288591384887695e-05,,,,,none
409,405,1607407745211624,1607407745508916,1607407746058750,1607407746544957,gpu_delivered,549834,297292,0,0,0,3.4123659133911133e-06,,,,,none
410,406,1607407746544957,1607407746791166,1607407747337333,1607407747878291,gpu_delivered,546167,246209,0,0,0,7.3406845331192017e-06,,,,,none
411,407,1607407747878291,1607407748085750,1607407748626666,1607407749211624,gpu_delivered,540916,207459,0,0,0,1.7389655113220215e-05,,,,,none
412,408,1607407749211624,1607407749508583,1607407750185583,1607407750544957,gpu_delivered,677000,296959,0,0,0,1.7061829566955566e-06,,,,,none
413,409,1607407750544957,1607407750735666,1607407751303041,1607407751878291,gpu_delivered,567375,190709,0,0,0,9.0450048446655273e-06,,,,,none
414,410,1607407751878291,1607407752081041,1607407752634625,1607407753211624,gpu_delivered,553584,202750,0,0,0,2.7436763048171997e-06,,,,,none
415,411,1607407753211624,1607407753505125,1607407754057708,1607407754544957,gpu_delivered,552583,293501,0,0,0,4.9173831939697266e-06,,,,,none
416,412,1607407754544957,1607407754796375,1607407755398666,1607407755878291,gpu_delivered,602291,251418,0,0,0,7.0258975028991699e-06,,,,,none
417,413,1607407755878291,1607407756127916,1607407756692000,1607407757211624,gpu_delivered,564084,249625,0,0,0,3.2484531402587891e-06,,,,,none
418,414,1607407757211624,1607407757479208,1607407758043125,1607407758544957,gpu_delivered,563917,267584,0,0,0,1.6763806343078613e-06,,,,,none
419,415,1607407758544957,1607407758808250,1607407759372625,1607407759878291,gpu_delivered,564375,263293,0,0,0,4.9471855163574219e-06,,,,,none
420,416,1607407759878291,1607407760136250,1607407760694000,1607407761211624,gpu_delivered,557750,257959,0,0,0,4.592526238411665e-06,,,,,none
421,417,1607407761211624,1607407761359041,1607407762103833,1607407762544957,gpu_delivered,744792,147417,0,0,0,4.2617321014404297e-06,,,,,none
422,418,1607407762544957,1607407762773666,1607407763324875,1607407763878291,gpu_delivered,551209,228709,0,0,0,1.4314427971839905e-06,,,,,none
423,419,1607407763878291,1607407764161833,1607407764740666,1607407765211624,gpu_delivered,578833,283542,0,0,0,6.0945749282836914e-06,,,,,none
424,420,1607407765211624,1607407765458291,1607407766010458,1607407766544957,gpu_delivered,552167,246667,0,0,0,6.2733888626098633e-06,,,,,none
425,421,1607407766544957,1607407766821125,1607407767602958,1607407767878291,gpu_delivered,781833,276168,0,0,0,1.862645149230957e-06,,,,,none
426,422,1607407767878291,1607407768020166,1607407768563041,1607407769211624,gpu_delivered,542875,141875,0,0,0,4.5448541641235352e-06,,,,,none
427,423,1607407769211624,1607407769282791,1607407769839791,1607407770544957,gpu_delivered,557000,71167,0,0,0,1.0207295417785645e-05,,,,,none
428,424,1607407770544957,1607407770906500,1607407771494875,1607407771878291,gpu_delivered,588375,361543,0,0,0,4.0121376514434814e-06,,,,,none
429,425,1607407771878291,1607407772082875,1607407772657958,1607407773211624,gpu_delivered,575083,204584,0,0,0,9.1940164566040039e-06,,,,,none
430,426,1607407773211624,1607407773499458,1607407774055166,1607407774544957,gpu_delivered,555708,287834,0,0,0,3.7411227822303772e-06,,,,,none
431,427,1607407774544957,1607407774794583,1607407775332041,1607407775878291,gpu_delivered,537458,249626,0,0,0,8.5681676864624023e-06,,,,,none
432,428,1607407775878291,1607407776155791,1607407776716583,1607407777211624,gpu_delivered,560792,277500,0,0,0,1.169741153717041e-05,,,,,none
433,429,1607407777211624,1607407777466416,1607407778026875,1607407778544957,gpu_delivered,560459,254792,0,0,0,9.1791152954101562e-06,,,,,none
434,430,1607407778544957,1607407778700708,1607407779257916,1607407779878291,gpu_delivered,557208,155751,0,0,0,3.5613775253295898e-06,,,,,none
435,431,1607407779878291,1607407780196666,1607407780749208,1607407781211624,gpu_delivered,552542,318375,0,0,0,8.1956386566162109e-06,,,,,none
436,432,1607407781211624,1607407781354375,1607407781910833,1607407782544957,gpu_delivered,556458,142751,0,0,0,3.8221478462219238e-06,,,,,none
437,433,1607407782544957,1607407782873625,1607407783452000,1607407783878291,gpu_delivered,578375,328668,0,0,0,2.8982758522033691e-06,,,,,none
438,434,1607407783878291,1607407784105791,1607407784683875,1607407785211624,gpu_delivered,578084,227500,0,0,0,1.2814998626708984e-06,,,,,none
439,435,1607407785211624,1607407785486708,1607407786041625,1607407786544957,gpu_delivered,554917,275084,0,0,0,1.4452263712882996e-05,,,,,none
440,436,1607407786544957,1607407786802916,1607407787366333,1607407787878291,gpu_delivered,563417,257959,0,0,0,7.5772404670715332e-06,,,,,none
441,437,1607407787878291,1607407788140541,1607407788708000,1607407789211624,gpu_delivered,567459,262250,0,0,0,9.6485018730163574e-07,,,,,none
442,438,1607407789211624,1607407789468250,1607407790040125,1607407790544957,gpu_delivered,571875,256626,0,0,0,1.2516975402832031e-06,,,,,none
443,439,1607407790544957,1607407790807125,1607407791356000,1607407791878291,gpu_delivered,548875,262168,0,0,0,8.4228813648223877e-06,,,,,none
444,440,1607407791878291,1607407791931583,1607407792505541,1607407793211624,gpu_delivered,573958,53292,0,0,0,8.8363885879516602e-06,,,,,none
445,441,1607407793211624,1607407793574000,1607407794150375,1607407794544957,gpu_delivered,576375,362376,0,0,0,3.9637088775634766e-06,,,,,none
446,442,1607407794544957,1607407794755958,1607407795308000,1607407795878291,gpu_delivered,552042,211001,0,0,0,1.3094395399093628e-06,,,,,none
447,443,1607407795878291,1607407796169291,1607407796765583,1607407797211624,gpu_delivered,596292,291000,0,0,0,9.2200934886932373e-06,,,,,none
448,444,1607407797211624,1607407797448541,1607407798008708,1607407798544957,gpu_delivered,560167,236917,0,0,0,9.9241733551025391e-06,,,,,none
449,445,1607407798544957,1607407798818708,1607407799383125,1607407799878291,gpu_delivered,564417,273751,0,0,0,2.5779008865356445e-06,,,,,none
450,446,1607407799878291,1607407800133750,1607407800705416,1607407801211624,gpu_delivered,571666,255459,0,0,0,1.6003847122192383e-05,,,,,none
451,447,1607407801211624,1607407801282416,1607407801847166,1607407802544957,gpu_delivered,564750,70792,0,0,0,2.9504299163818359e-06,,,,,none
452,448,1607407802544957,1607407802904791,1607407803448625,1607407803878291,gpu_delivered,543834,359834,0,0,0,2.0861625671386719e-06,,,,,none
453,449,1607407803878291,1607407804104125,1607407804659708,1607407805211624,gpu_delivered,555583,225834,0,0,0,9.2387199401855469e-07,,,,,none
454,450,1607407805211624,1607407805497125,1607407806047833,1607407806544957,gpu_delivered,550708,285501,0,0,0,3.814697265625e-06,,,,,none
455,451,1607407806544957,1607407806674250,1607407807419958,1607407807878291,gpu_delivered,745708,129293,0,0,0,1.1779367923736572e-05,,,,,none
456,452,1607407807878291,1607407808115583,1607407808688875,1607407809211624,gpu_delivered,573292,237292,0,0,0,2.117455005645752e-05,,,,,none
457,453,1607407809211624,1607407809483083,1607407810027375,1607407810544957,gpu_delivered,544292,271459,0,0,0,1.5348196029663086e-06,,,,,none
458,454,1607407810544957,1607407810718750,1607407811472833,1607407811878291,gpu_delivered,754083,173793,0,0,0,1.4916062355041504e-05,,,,,none
459,455,1607407811878291,1607407812092291,1607407812705250,1607407813211624,gpu_delivered,612959,214000,0,0,0,1.0810792446136475e-05,,,,,none
460,456,1607407813211624,1607407813475708,1607407814036500,1607407814544957,gpu_delivered,560792,264084,0,0,0,7.9125165939331055e-06,,,,,none
461,457,1607407814544957,1607407814814125,1607407815387916,1607407815878291,gpu_delivered,573791,269168,0,0,0,5.1558017730712891e-06,,,,,none
462,458,1607407815878291,1607407816162666,1607407816714083,1607407817211624,gpu_delivered,551417,284375,0,0,0,2.0712614059448242e-06,,,,,none
463,459,1607407817211624,1607407817469916,1607407818020541,1607407818544957,gpu_delivered,550625,258292,0,0,0,9.4026327133178711e-06,,,,,none
464,460,1607407818544957,1607407818811416,1607407819358583,1607407819878291,gpu_delivered,547167,266459,0,0,0,7.1562826633453369e-06,,,,,none
465,461,1607407819878291,1607407820059125,1607407820679708,1607407821211624,gpu_delivered,620583,180834,0,0,0,4.6314671635627747e-06,,,,,none
466,462,1607407821211624,1607407821495458,1607407822078250,1607407822544957,gpu_delivered,582792,283834,0,0,0,2.5033950805664062e-06,,,,,none
467,463,1607407822544957,1607407822783583,1607407823355958,1607407823878291,gpu_delivered,572375,238626,0,0,0,4.0046870708465576e-06,,,,,none
468,464,1607407823878291,1607407824156958,1607407824709958,1607407825211624,gpu_delivered,553000,278667,0,0,0,2.8945505619049072e-06,,,,,none
469,465,1607407825211624,1607407825471666,1607407826055625,1607407826544957,gpu_delivered,583959,260042,0,0,0,4.4256448745727539e-06,,,,,none
470,466,1607407826544957,1607407826796541,1607407827369708,1607407827878291,gpu_delivered,573167,251584,0,0,0,9.0361572802066803e-07,,,,,none
471,467,1607407827878291,1607407828138750,1607407828707625,1607407829211624,gpu_delivered,568875,260459,0,0,0,8.0764293670654297e-06,,,,,none
472,468,1607407829211624,1607407829460875,1607407830032083,1607407830544957,gpu_delivered,571208,249251,0,0,0,2.3245811462402344e-06,,,,,none
473,469,1607407830544957,1607407830809666,1607407831391625,1607407831878291,gpu_delivered,581959,264709,0,0,0,4.0996819734573364e-06,,,,,none
474,470,1607407831878291,1607407832126500,1607407832691916,1607407833211624,gpu_delivered,565416,248209,0,0,0,7.6889991760253906e-06,,,,,none
475,471,1607407833211624,1607407833432000,1607407834010333,1607407834544957,gpu_delivered,578333,220376,0,0,0,2.4139881134033203e-06,,,,,none
476,472,1607407834544957,1607407834818208,1607407835386583,1607407835878291,gpu_delivered,568375,273251,0,0,0,1.0456889867782593e-05,,,,,none
477,473,1607407835878291,1607407836106666,1607407836671708,1607407837211624,gpu_delivered,565042,228375,0,0,0,4.7981739044189453e-06,,,,,none
478,474,1607407837211624,1607407837317375,1607407837883708,1607407838544957,gpu_delivered,566333,105751,0,0,0,2.3990869522094727e-06,,,,,none
479,475,1607407838544957,1607407838880125,1607407839460541,1607407839878291,gpu_delivered,580416,335168,0,0,0,1.0460615158081055e-05,,,,,none
480,476,1607407839878291,1607407840100000,1607407840675833,1607407841211624,gpu_delivered,575833,221709,0,0,0,7.0929527282714844e-06,,,,,none
481,477,1607407841211624,1607407841354541,1607407841948625,1607407842544957,gpu_delivered,594084,142917,0,0,0,4.2319297790527344e-06,,,,,none
482,478,1607407842544957,1607407842773416,1607407843339166,1607407843878291,gpu_delivered,565750,228459,0,0,0,7.2214752435684204e-06,,,,,none
483,479,1607407843878291,1607407844152583,1607407844721291,1607407845211624,gpu_delivered,568708,274292,0,0,0,1.9967555999755859e-06,,,,,none
484,480,1607407845211624,1607407845461083,1607407846039208,1607407846544957,gpu_delivered,578125,249459,0,0,0,1.1548399925231934e-05,,,,,none
485,481,1607407846544957,1607407846814541,1607407847399500,1607407847878291,gpu_delivered,584959,269584,0,0,0,6.4224004745483398e-06,,,,,none
486,482,1607407847878291,1607407848002958,1607407848600125,1607407849211624,gpu_delivered,597167,124667,0,0,0,2.3776665329933167e-06,,,,,none
487,483,1607407849211624,1607407849529708,1607407850099208,1607407850544957,gpu_delivered,569500,318084,0,0,0,1.7434358596801758e-06,,,,,none
488,484,1607407850544957,1607407850791666,1607407851416166,1607407851878291,gpu_delivered,624500,246709,0,0,0,9.5069408416748047e-06,,,,,none
489,485,1607407851878291,1607407852122708,1607407852743166,1607407853211624,gpu_delivered,620458,244417,0,0,0,1.0661780834197998e-05,,,,,none
490,486,1607407853211624,1607407853455375,1607407854014166,1607407854544957,gpu_delivered,558791,243751,0,0,0,2.5629997253417969e-06,,,,,none
491,487,1607407854544957,1607407854677000,1607407855268166,1607407855878291,gpu_delivered,591166,132043,0,0,0,2.2500753402709961e-06,,,,,none
492,488,1607407855878291,1607407856195166,1607407856780208,1607407857211624,gpu_delivered,585042,316875,0,0,0,1.1071562767028809e-05,,,,,none
493,489,1607407857211624,1607407857250166,1607407858041583,1607407858544957,gpu_delivered,791417,38542,0,0,0,6.6459178924560547e-06,,,,,none
494,490,1607407858544957,1607407858809333,1607407859402458,1607407859878291,gpu_delivered,593125,264376,0,0,0,4.3958425521850586e-07,,,,,none
495,491,1607407859878291,1607407860021916,1607407860608666,1607407861211624,gpu_delivered,586750,143625,0,0,0,2.2947788238525391e-06,,,,,none
496,492,1607407861211624,1607407861522416,1607407862122583,1607407862544957,gpu_delivered,600167,310792,0,0,0,1.8067657947540283e-05,,,,,none
497,493,1607407862544957,1607407862767333,1607407863364583,1607407863878291,gpu_delivered,597250,222376,0,0,0,4.2021274566650391e-06,,,,,none
498,494,1607407863878291,1607407864143541,1607407864740333,1607407865211624,gpu_delivered,596792,265250,0,0,0,3.7848949432373047e-06,,,,,none
499,495,1607407865211624,1607407865460875,1607407866042541,1607407866544957,gpu_delivered,581666,249251,0,0,0,1.9818544387817383e-06,,,,,none
500,496,1607407866544957,1607407866730291,1607407867319500,1607407867878291,gpu_delivered,589209,185334,0,0,0,6.8992376327514648e-06,,,,,none
501,497,1607407867878291,1607407868051000,1607407868643083,1607407869211624,gpu_delivered,592083,172709,0,0,0,1.0162591934204102e-05,,,,,none
502,498,1607407869211624,1607407869501250,1607407870081166,1607407870544957,gpu_delivered,579916,289626,0,0,0,1.5199184417724609e-06,,,,,none
503,499,1607407870544957,1607407870729791,1607407871309666,1607407871878291,gpu_delivered,579875,184834,0,0,0,2.86102294921875e-06,,,,,none
504,500,1607407871878291,1607407872197041,1607407872775041,1607407873211624,gpu_delivered,578000,318750,0,0,0,9.6019357442855835e-06,,,,,none
505,501,1607407873211624,1607407873444625,1607407874224583,1607407874544957,gpu_delivered,779958,233001,0,0,0,1.7397105693817139e-06,,,,,none
506,502,1607407874544957,1607407874721416,1607407875511375,1607407875878291,gpu_delivered,789959,176459,0,0,0,7.5623393058776855e-06,,,,,none
507,503,1607407875878291,1607407875951041,1607407876533625,1607407877211624,gpu_delivered,582584,72750,0,0,0,1.6439706087112427e-05,,,,,none
508,504,1607407877211624,1607407877466333,1607407878051916,1607407878544957,gpu_delivered,585583,254709,0,0,0,7.7933073043823242e-06,,,,,none
509,505,1607407878544957,1607407878799291,1607407879369958,1607407879878291,gpu_delivered,570667,254334,0,0,0,3.3229589462280273e-06,,,,,none
510,506,1607407879878291,1607407880139083,1607407880716708,1607407881211624,gpu_delivered,577625,260792,0,0,0,3.4719705581665039e-06,,,,,none
511,507,1607407881211624,1607407881468583,1607407882042750,1607407882544957,gpu_delivered,574167,256959,0,0,0,3.2372772693634033e-06,,,,,none
512,508,1607407882544957,1607407882803791,1607407883392791,1607407883878291,gpu_delivered,589000,258834,0,0,0,1.2367963790893555e-05,,,,,none
513,509,1607407883878291,1607407884127916,1607407884708875,1607407885211624,gpu_delivered,580959,249625,0,0,0,4.5345514081418514e-06,,,,,none
514,510,1607407885211624,1607407885468541,1607407886068000,1607407886544957,gpu_delivered,599459,256917,0,0,0,1.3522803783416748e-05,,,,,none
515,511,1607407886544957,1607407886798416,1607407887377708,1607407887878291,gpu_delivered,579292,253459,0,0,0,9.0897083282470703e-07,,,,,none
516,512,1607407887878291,1607407888134750,1607407888715708,1607407889211624,gpu_delivered,580958,256459,0,0,0,9.5218420028686523e-06,,,,,none
517,513,1607407889211624,1607407889431541,1607407890002916,1607407890544957,gpu_delivered,571375,219917,0,0,0,1.3768672943115234e-05,,,,,none
518,514,1607407890544957,1607407890821541,1607407891405916,1607407891878291,gpu_delivered,584375,276584,0,0,0,4.8279762268066406e-06,,,,,none
519,515,1607407891878291,1607407892016916,1607407892600458,1607407893211624,gpu_delivered,583542,138625,0,0,0,4.9173831939697266e-07,,,,,none
520,516,1607407893211624,1607407893348958,1607407893941875,1607407894544957,gpu_delivered,592917,137334,0,0,0,4.4405460357666016e-06,,,,,none
521,517,1607407894544957,1607407894858875,1607407895436833,1607407895878291,gpu_delivered,577958,313918,0,0,0,1.5802681446075439e-05,,,,,none
522,518,1607407895878291,1607407896061666,1607407896648291,1607407897211624,gpu_delivered,586625,183375,0,0,0,1.5050172805786133e-06,,,,,none
523,519,1607407897211624,1607407897506583,1607407898094291,1607407898544957,gpu_delivered,587708,294959,0,0,0,2.2631138563156128e-06,,,,,none
524,520,1607407898544957,1607407898774500,1607407899360541,1607407899878291,gpu_delivered,586041,229543,0,0,0,5.9604644775390625e-06,,,,,none
525,521,1607407899878291,1607407899886666,1607407900474583,1607407901211624,gpu_delivered,587917,8375,0,0,0,5.7816505432128906e-06,,,,,none
526,522,1607407901211624,1607407901594500,1607407902177375,1607407902544957,gpu_delivered,582875,382876,0,0,0,5.9157609939575195e-06,,,,,none
527,523,1607407902544957,1607407902742291,1607407903330250,1607407903878291,gpu_delivered,587959,197334,0,0,0,8.8978558778762817e-06,,,,,none
528,524,1607407903878291,1607407904162958,1607407904749125,1607407905211624,gpu_delivered,586167,284667,0,0,0,3.0100345611572266e-06,,,,,none
529,525,1607407905211624,1607407905447958,1607407906020583,1607407906544957,gpu_delivered,572625,236334,0,0,0,1.0184943675994873e-05,,,,,none
530,526,1607407906544957,1607407906814666,1607407907397916,1607407907878291,gpu_delivered,583250,269709,0,0,0,1.5914440155029297e-05,,,,,none
531,527,1607407907878291,1607407908123250,1607407908702083,1607407909211624,gpu_delivered,578833,244959,0,0,0,6.2510371208190918e-06,,,,,none
532,528,1607407909211624,1607407909446666,1607407910024750,1607407910544957,gpu_delivered,578084,235042,0,0,0,1.3709068298339844e-06,,,,,none
533,529,1607407910544957,1607407910806833,1607407911379625,1607407911878291,gpu_delivered,572792,261876,0,0,0,7.4356794357299805e-06,,,,,none
534,530,1607407911878291,1607407912138000,1607407912711833,1607407913211624,gpu_delivered,573833,259709,0,0,0,2.9839575290679932e-06,,,,,none
535,531,1607407913211624,1607407913471916,1607407914039083,1607407914544957,gpu_delivered,567167,260292,0,0,0,3.4272670745849609e-06,,,,,none
536,532,1607407914544957,1607407914663875,1607407915439125,1607407915878291,gpu_delivered,775250,118918,0,0,0,2.2649765014648438e-06,,,,,none
537,533,1607407915878291,1607407916109250,1607407916690041,1607407917211624,gpu_delivered,580791,230959,0,0,0,3.3229589462280273e-06,,,,,none
538,534,1607407917211624,1607407917455791,1607407918067875,1607407918544957,gpu_delivered,612084,244167,0,0,0,1.1309981346130371e-05,,,,,none
539,535,1607407918544957,1607407918796625,1607407919366500,1607407919878291,gpu_delivered,569875,251668,0,0,0,5.2154064178466797e-07,,,,,none
540,536,1607407919878291,1607407920143416,1607407920722208,1607407921211624,gpu_delivered,578792,265125,0,0,0,3.1515955924987793e-06,,,,,none
541,537,1607407921211624,1607407921464500,1607407922032333,1607407922544957,gpu_delivered,567833,252876,0,0,0,2.5033950805664062e-06,,,,,none
542,538,1607407922544957,1607407922576416,1607407923159916,1607407923878291,gpu_delivered,583500,31459,0,0,0,5.3197145462036133e-06,,,,,none
543,539,1607407923878291,1607407924244583,1607407924832875,1607407925211624,gpu_delivered,588292,366292,0,0,0,3.337860107421875e-06,,,,,none
544,540,1607407925211624,1607407925412750,1607407926011458,1607407926544957,gpu_delivered,598708,201126,0,0,0,1.7471611499786377e-06,,,,,none
545,541,1607407926544957,1607407926825708,1607407927402083,1607407927878291,gpu_delivered,576375,280751,0,0,0,7.8231096267700195e-06,,,,,none
546,542,1607407927878291,1607407927972166,1607407928544666,1607407929211624,gpu_delivered,572500,93875,0,0,0,2.6226043701171875e-06,,,,,none
547,543,1607407929211624,1607407929463291,1607407930035000,1607407930544957,gpu_delivered,571709,251667,0,0,0,1.2665987014770508e-06,,,,,none
548,544,1607407930544957,1607407930806000,1607407931393625,1607407931878291,gpu_delivered,587625,261043,0,0,0,3.4421682357788086e-06,,,,,none
549,545,1607407931878291,1607407932130916,1607407932720125,1607407933211624,gpu_delivered,589209,252625,0,0,0,7.8380107879638672e-06,,,,,none
550,546,1607407933211624,1607407933351416,1607407933932916,1607407934544957,gpu_delivered,581500,139792,0,0,0,7.6442956924438477e-06,,,,,none
551,547,1607407934544957,1607407934602166,1607407935171375,1607407935878291,gpu_delivered,569209,57209,0,0,0,2.4437904357910156e-06,,,,,none
552,548,1607407935878291,1607407936246833,1607407936800208,1607407937211624,gpu_delivered,553375,368542,0,0,0,3.1292438507080078e-06,,,,,none
553,549,1607407937211624,1607407937432000,1607407938015041,1607407938544957,gpu_delivered,583041,220376,0,0,0,7.1376562118530273e-06,,,,,none
554,550,1607407938544957,1607407938819250,1607407939411041,1607407939878291,gpu_delivered,591791,274293,0,0,0,1.7970800399780273e-05,,,,,none
555,551,1607407939878291,1607407939894666,1607407940528416,1607407941211624,gpu_delivered,633750,16375,0,0,0,1.8924474716186523e-06,,,,,none
556,552,1607407941211624,1607407941566500,1607407942129750,1607407942544957,gpu_delivered,563250,354876,0,0,0,7.4952840805053711e-06,,,,,none
557,553,1607407942544957,1607407942763000,1607407943354416,1607407943878291,gpu_delivered,591416,218043,0,0,0,7.0706009864807129e-06,,,,,none
558,554,1607407943878291,1607407943945250,1607407944708291,1607407945211624,gpu_delivered,763041,66959,0,0,0,2.2239983081817627e-06,,,,,none
559,555,1607407945211624,1607407945475416,1607407946075833,1607407946544957,gpu_delivered,600417,263792,0,0,0,1.8030405044555664e-06,,,,,none
560,556,1607407946544957,1607407946789375,1607407947430625,1607407947878291,gpu_delivered,641250,244418,0,0,0,5.3644180297851562e-06,,,,,none
561,557,1607407947878291,1607407948112708,1607407948690250,1607407949211624,gpu_delivered,577542,234417,0,0,0,1.0013580322265625e-05,,,,,none
562,558,1607407949211624,1607407949247791,1607407949849125,1607407950544957,gpu_delivered,601334,36167,0,0,0,1.214444637298584e-05,,,,,none
563,559,1607407950544957,1607407950906375,1607407951490125,1607407951878291,gpu_delivered,583750,361418,0,0,0,3.1441450119018555e-06,,,,,none
564,560,1607407951878291,1607407952077666,1607407952642041,1607407953211624,gpu_delivered,564375,199375,0,0,0,1.1622905731201172e-06,,,,,none
565,561,1607407953211624,1607407953511791,1607407954084166,1607407954544957,gpu_delivered,572375,300167,0,0,0,2.0563602447509766e-06,,,,,none
566,562,1607407954544957,1607407954786583,1607407955363375,1607407955878291,gpu_delivered,576792,241626,0,0,0,3.5762786865234375e-06,,,,,none
567,563,1607407955878291,1607407956146166,1607407956741666,1607407957211624,gpu_delivered,595500,267875,0,0,0,2.9355287551879883e-06,,,,,none
568,564,1607407957211624,1607407957456458,1607407958016875,1607407958544957,gpu_delivered,560417,244834,0,0,0,4.0978193283081055e-07,,,,,none
569,565,1607407958544957,1607407958818583,1607407959393875,1607407959878291,gpu_delivered,575292,273626,0,0,0,7.4319541454315186e-06,,,,,none
570,566,1607407959878291,1607407960127791,1607407960704125,1607407961211624,gpu_delivered,576334,249500,0,0,0,5.5581331253051758e-06,,,,,none
571,567,1607407961211624,1607407961472208,1607407962047666,1607407962544957,gpu_delivered,575458,260584,0,0,0,2.3171305656433105e-06,,,,,none
572,568,1607407962544957,1607407962799166,1607407963406333,1607407963878291,gpu_delivered,607167,254209,0,0,0,3.6694109439849854e-07,,,,,none
573,569,1607407963878291,1607407964124083,1607407964695166,1607407965211624,gpu_delivered,571083,245792,0,0,0,3.9935111999511719e-06,,,,,none
574,570,1607407965211624,1607407965266666,1607407965856333,1607407966544957,gpu_delivered,589667,55042,0,0,0,2.8870999813079834e-06,,,,,none
575,571,1607407966544957,1607407966606250,1607407967200500,1607407967878291,gpu_delivered,594250,61293,0,0,0,9.231269359588623e-06,,,,,none
576,572,1607407967878291,1607407968224500,1607407968821583,1607407969211624,gpu_delivered,597083,346209,0,0,0,4.2766332626342773e-06,,,,,none
577,573,1607407969211624,1607407969413791,1607407969984625,1607407970544957,gpu_delivered,570834,202167,0,0,0,7.3164701461791992e-06,,,,,none
578,574,1607407970544957,1607407970729000,1607407971295375,1607407971878291,gpu_delivered,566375,184043,0,0,0,8.4787607192993164e-06,,,,,none
579,575,1607407971878291,1607407972175708,1607407972808875,1607407973211624,gpu_delivered,633167,297417,0,0,0,6.4000487327575684e-06,,,,,none
580,576,1607407973211624,1607407973425875,1607407973995916,1607407974544957,gpu_delivered,570041,214251,0,0,0,5.3048133850097656e-06,,,,,none
581,577,1607407974544957,1607407974826666,1607407975388041,1607407975878291,gpu_delivered,561375,281709,0,0,0,1.4603137969970703e-06,,,,,none
582,578,1607407975878291,1607407976134625,1607407976700500,1607407977211624,gpu_delivered,565875,256334,0,0,0,1.0438263416290283e-05,,,,,none
583,579,1607407977211624,1607407977473541,1607407978045625,1607407978544957,gpu_delivered,572084,261917,0,0,0,3.6135315895080566e-06,,,,,none
584,580,1607407978544957,1607407978800208,1607407979358916,1607407979878291,gpu_delivered,558708,255251,0,0,0,2.8777867555618286e-06,,,,,none
585,581,1607407979878291,1607407980143583,1607407980726000,1607407981211624,gpu_delivered,582417,265292,0,0,0,1.6689300537109375e-06,,,,,none
586,582,1607407981211624,1607407981462041,1607407982027541,1607407982544957,gpu_delivered,565500,250417,0,0,0,8.411705493927002e-06,,,,,none
587,583,1607407982544957,1607407982813083,1607407983378958,1607407983878291,gpu_delivered,565875,268126,0,0,0,4.0261074900627136e-06,,,,,none
588,584,1607407983878291,1607407984037750,1607407984634083,1607407985211624,gpu_delivered,596333,159459,0,0,0,3.8743019104003906e-07,,,,,none
589,585,1607407985211624,1607407985586875,1607407986209458,1607407986544957,gpu_delivered,622583,375251,0,0,0,3.8295984268188477e-06,,,,,none
590,586,1607407986544957,1607407986722583,1607407987292041,1607407987878291,gpu_delivered,569458,177626,0,0,0,7.2717666625976562e-06,,,,,none
591,587,1607407987878291,1607407988178000,1607407988746416,1607407989211624,gpu_delivered,568416,299709,0,0,0,4.1127204895019531e-06,,,,,none
592,588,1607407989211624,1607407989472708,1607407990031541,1607407990544957,gpu_delivered,558833,261084,0,0,0,4.3213367462158203e-07,,,,,none
593,589,1607407990544957,1607407990812833,1607407991401958,1607407991878291,gpu_delivered,589125,267876,0,0,0,1.3113021850585938e-06,,,,,none
594,590,1607407991878291,1607407992129625,1607407992788000,1607407993211624,gpu_delivered,658375,251334,0,0,0,9.5143914222717285e-06,,,,,none
595,591,1607407993211624,1607407993429166,1607407994015541,1607407994544957,gpu_delivered,586375,217542,0,0,0,1.54152512550354e-05,,,,,none
596,592,1607407994544957,1607407994817625,1607407995398541,1607407995878291,gpu_delivered,580916,272668,0,0,0,1.4901161193847656e-06,,,,,none
597,593,1607407995878291,1607407996121916,1607407996697500,1607407997211624,gpu_delivered,575584,243625,0,0,0,4.8577785491943359e-06,,,,,none
598,594,1607407997211624,1607407997440375,1607407998013375,1607407998544957,gpu_delivered,573000,228751,0,0,0,4.4703483581542969e-06,,,,,none
599,595,1607407998544957,1607407998821000,1607407999443166,1607407999878291,gpu_delivered,622166,276043,0,0,0,1.3530254364013672e-05,,,,,none
600,596,1607407999878291,1607408000114625,1607408000768250,1607408001211624,gpu_delivered,653625,236334,0,0,0,2.2351741790771484e-06,,,,,none
601,597,1607408001211624,1607408001442458,1607408002042791,1607408002544957,gpu_delivered,600333,230834,0,0,0,2.0459294319152832e-05,,,,,none
602,598,1607408002544957,1607408002833833,1607408003458041,1607408003878291,gpu_delivered,624208,288876,0,0,0,9.3281269073486328e-06,,,,,none
603,599,1607408003878291,1607408004096250,1607408004678916,1607408005211624,gpu_delivered,582666,217959,0,0,0,6.0200691223144531e-06,,,,,none
604,600,1607408005211624,1607408005318416,1607408005900000,1607408006544957,gpu_delivered,581584,106792,0,0,0,3.1590461730957031e-06,,,,,none
605,601,1607408006544957,1607408006874583,1607408007439750,1607408007878291,gpu_delivered,565167,329626,0,0,0,4.6491622924804688e-06,,,,,none
606,602,1607408007878291,1607408008102958,1607408008696625,1607408009211624,gpu_delivered,593667,224667,0,0,0,9.1344118118286133e-06,,,,,none
607,603,1607408009211624,1607408009483416,1607408010060916,1607408010544957,gpu_delivered,577500,271792,0,0,0,8.6724758148193359e-06,,,,,none
608,604,1607408010544957,1607408010792166,1607408011360875,1607408011878291,gpu_delivered,568709,247209,0,0,0,1.8477439880371094e-06,,,,,none
609,605,1607408011878291,1607408012141541,1607408012706000,1607408013211624,gpu_delivered,564459,263250,0,0,0,5.9530138969421387e-06,,,,,none
610,606,1607408013211624,1607408013468208,1607408014032833,1607408014544957,gpu_delivered,564625,256584,0,0,0,1.0088086128234863e-05,,,,,none
611,607,1607408014544957,1607408014806291,1607408015384750,1607408015878291,gpu_delivered,578459,261334,0,0,0,6.1690807342529297e-06,,,,,none
612,608,1607408015878291,1607408016082583,1607408016663416,1607408017211624,gpu_delivered,580833,204292,0,0,0,4.336237907409668e-06,,,,,none
613,609,1607408017211624,1607408017496666,1607408018075666,1607408018544957,gpu_delivered,579000,285042,0,0,0,2.6971101760864258e-06,,,,,none
614,610,1607408018544957,1607408018785416,1607408019359750,1607408019878291,gpu_delivered,574334,240459,0,0,0,3.3974647521972656e-06,,,,,none
615,611,1607408019878291,1607408020142750,1607408020732250,1607408021211624,gpu_delivered,589500,264459,0,0,0,2.1100044250488281e-05,,,,,none
616,612,1607408021211624,1607408021464250,1607408022059500,1607408022544957,gpu_delivered,595250,252626,0,0,0,7.6591968536376953e-06,,,,,none
617,613,1607408022544957,1607408022799208,1607408023377125,1607408023878291,gpu_delivered,577917,254251,0,0,0,3.1292438507080078e-07,,,,,none
618,614,1607408023878291,1607408024138625,1607408024726250,1607408025211624,gpu_delivered,587625,260334,0,0,0,3.4570693969726562e-06,,,,,none
619,615,1607408025211624,1607408025460750,1607408026044666,1607408026544957,gpu_delivered,583916,249126,0,0,0,1.7456710338592529e-05,,,,,none
620,616,1607408026544957,1607408026804166,1607408027375833,1607408027878291,gpu_delivered,571667,259209,0,0,0,6.5788626670837402e-06,,,,,none
621,617,1607408027878291,1607408028134875,1607408028706083,1607408029211624,gpu_delivered,571208,256584,0,0,0,9.0524554252624512e-07,,,,,none
622,618,1607408029211624,1607408029470541,1607408030053875,1607408030544957,gpu_delivered,583334,258917,0,0,0,7.4505805969238281e-06,,,,,none
623,619,1607408030544957,1607408030799833,1607408031345833,1607408031878291,gpu_delivered,546000,254876,0,0,0,8.5216015577316284e-06,,,,,none
624,620,1607408031878291,1607408032156791,1607408032729333,1607408033211624,gpu_delivered,572542,278500,0,0,0,4.8056244850158691e-06,,,,,none
625,621,1607408033211624,1607408033337541,1607408034103708,1607408034544957,gpu_delivered,766167,125917,0,0,0,1.4081597328186035e-06,,,,,none
626,622,1607408034544957,1607408034773083,1607408035348916,1607408035878291,gpu_delivered,575833,228126,0,0,0,5.593523383140564e-06,,,,,none
627,623,1607408035878291,1607408036066333,1607408036663208,1607408037211624,gpu_delivered,596875,188042,0,0,0,9.0301036834716797e-06,,,,,none
628,624,1607408037211624,1607408037496208,1607408038122000,1607408038544957,gpu_delivered,625792,284584,0,0,0,3.9786100387573242e-06,,,,,none
629,625,1607408038544957,1607408038764500,1607408039345666,1607408039878291,gpu_delivered,581166,219543,0,0,0,4.597008228302002e-06,,,,,none
630,626,1607408039878291,1607408039959041,1607408040554541,1607408041211624,gpu_delivered,595500,80750,0,0,0,2.7418136596679688e-06,,,,,none
631,627,1607408041211624,1607408041555500,1607408042133375,1607408042544957,gpu_delivered,577875,343876,0,0,0,4.9993395805358887e-06,,,,,none
632,628,1607408042544957,1607408042755958,1607408043358583,1607408043878291,gpu_delivered,602625,211001,0,0,0,3.9413571357727051e-06,,,,,none
633,629,1607408043878291,1607408044150750,1607408044715875,1607408045211624,gpu_delivered,565125,272459,0,0,0,1.9967555999755859e-06,,,,,none
634,630,1607408045211624,1607408045468916,1607408046040958,1607408046544957,gpu_delivered,572042,257292,0,0,0,2.7865171432495117e-06,,,,,none
635,631,1607408046544957,1607408046802583,1607408047396041,1607408047878291,gpu_delivered,593458,257626,0,0,0,1.5884637832641602e-05,,,,,none
636,632,1607408047878291,1607408048127208,1607408048720833,1607408049211624,gpu_delivered,593625,248917,0,0,0,1.8239021301269531e-05,,,,,none
637,633,1607408049211624,1607408049463791,1607408050040875,1607408050544957,gpu_delivered,577084,252167,0,0,0,3.337860107421875e-06,,,,,none
638,634,1607408050544957,1607408050603208,1607408051219125,1607408051878291,gpu_delivered,615917,58251,0,0,0,4.0382146835327148e-06,,,,,none
639,635,1607408051878291,1607408052223333,1607408052771458,1607408053211624,gpu_delivered,548125,345042,0,0,0,4.8745423555374146e-06,,,,,none
640,636,1607408053211624,1607408053443208,1607408054032708,1607408054544957,gpu_delivered,589500,231584,0,0,0,8.4638595581054688e-06,,,,,none
641,637,1607408054544957,1607408054812000,1607408055398208,1607408055878291,gpu_delivered,586208,267043,0,0,0,5.4091215133666992e-06,,,,,none
642,638,1607408055878291,1607408056133916,1607408056718833,1607408057211624,gpu_delivered,584917,255625,0,0,0,3.0398368835449219e-06,,,,,none
643,639,1607408057211624,1607408057471625,1607408058061250,1607408058544957,gpu_delivered,589625,260001,0,0,0,6.3627958297729492e-06,,,,,none
644,640,1607408058544957,1607408058800791,1607408059634791,1607408059878291,gpu_delivered,834000,255834,0,0,0,9.6596777439117432e-06,,,,,none
645,641,1607408059878291,1607408060011833,1607408060600583,1607408061211624,gpu_delivered,588750,133542,0,0,0,1.952052116394043e-06,,,,,none
646,642,1607408061211624,1607408061324416,1607408061913166,1607408062544957,gpu_delivered,588750,112792,0,0,0,4.4051557779312134e-06,,,,,none
647,643,1607408062544957,1607408062869083,1607408063454166,1607408063878291,gpu_delivered,585083,324126,0,0,0,6.2286853790283203e-06,,,,,none
648,644,1607408063878291,1607408064104750,1607408064728375,1607408065211624,gpu_delivered,623625,226459,0,0,0,2.0906329154968262e-05,,,,,none
649,645,1607408065211624,1607408065465583,1607408066058291,1607408066544957,gpu_delivered,592708,253959,0,0,0,9.7788870334625244e-07,,,,,none
650,646,1607408066544957,1607408066805041,1607408067639875,1607408067878291,gpu_delivered,834834,260084,0,0,0,5.3886324167251587e-06,,,,,none
651,647,1607408067878291,1607408068011416,1607408068633375,1607408069211624,gpu_delivered,621959,133125,0,0,0,9.2536211013793945e-06,,,,,none
652,648,1607408069211624,1607408069515125,1607408070123250,1607408070544957,gpu_delivered,608125,303501,0,0,0,2.8647482395172119e-05,,,,,none
653,649,1607408070544957,1607408070768833,1607408071388375,1607408071878291,gpu_delivered,619542,223876,0,0,0,1.8402934074401855e-06,,,,,none
654,650,1607408071878291,1607408072148625,1607408072761958,1607408073211624,gpu_delivered,613333,270334,0,0,0,4.120171070098877e-06,,,,,none
655,651,1607408073211624,1607408073447166,1607408074072333,1607408074544957,gpu_delivered,625167,235542,0,0,0,1.1995434761047363e-06,,,,,none
656,652,1607408074544957,1607408074565583,1607408075211291,1607408075878291,gpu_delivered,645708,20626,0,0,0,2.816319465637207e-06,,,,,none
657,653,1607408075878291,1607408075899416,1607408076542000,1607408077211624,gpu_delivered,642584,21125,0,0,0,3.2186508178710938e-06,,,,,none
658,654,1607408077211624,1607408077384208,1607408078055000,1607408078544957,gpu_delivered,670792,172584,0,0,0,2.3692846298217773e-06,,,,,none
659,655,1607408078544957,1607408078801916,1607408079370375,1607408079878291,gpu_delivered,568459,256959,0,0,0,5.3942203521728516e-06,,,,,none
660,656,1607408079878291,1607408080144958,1607408080708375,1607408081211624,gpu_delivered,563417,266667,0,0,0,1.414865255355835e-05,,,,,none
661,657,1607408081211624,1607408081469708,1607408082045750,1607408082544957,gpu_delivered,576042,258084,0,0,0,7.7486038208007812e-07,,,,,none
662,658,1607408082544957,1607408082804000,1607408083438916,1607408083878291,gpu_delivered,634916,259043,0,0,0,2.7120113372802734e-06,,,,,none
663,659,1607408083878291,1607408084106875,1607408084686500,1607408085211624,gpu_delivered,579625,228584,0,0,0,2.5928020477294922e-06,,,,,none
664,660,1607408085211624,1607408085486916,1607408086057583,1607408086544957,gpu_delivered,570667,275292,0,0,0,5.0663948059082031e-06,,,,,none
665,661,1607408086544957,1607408086794333,1607408087363125,1607408087878291,gpu_delivered,568792,249376,0,0,0,2.7269124984741211e-06,,,,,none
666,662,1607408087878291,1607408088147125,1607408088748708,1607408089211624,gpu_delivered,601583,268834,0,0,0,3.698078216984868e-07,,,,,none
667,663,1607408089211624,1607408089456250,1607408090116583,1607408090544957,gpu_delivered,660333,244626,0,0,0,5.2412506192922592e-06,,,,,none
668,664,1607408090544957,1607408090766500,1607408091346041,1607408091878291,gpu_delivered,579541,221543,0,0,0,9.2983245849609375e-06,,,,,none
669,665,1607408091878291,1607408091977416,1607408092563000,1607408093211624,gpu_delivered,585584,99125,0,0,0,1.8924474716186523e-06,,,,,none
670,666,1607408093211624,1607408093288375,1607408093861208,1607408094544957,gpu_delivered,572833,76751,0,0,0,4.8428773880004883e-07,,,,,none
671,667,1607408094544957,1607408094893333,1607408095485083,1607408095878291,gpu_delivered,591750,348376,0,0,0,8.106231689453125e-06,,,,,none
672,668,1607408095878291,1607408095993250,1607408096567291,1607408097211624,gpu_delivered,574041,114959,0,0,0,6.5771309891715646e-06,,,,,none
673,669,1607408097211624,1607408097355958,1607408098003875,1607408098544957,gpu_delivered,647917,144334,0,0,0,4.1425228118896484e-06,,,,,none
674,670,1607408098544957,1607408098646333,1607408099228875,1607408099878291,gpu_delivered,582542,101376,0,0,0,1.1175870895385742e-06,,,,,none
675,671,1607408099878291,1607408100211791,1607408100834541,1607408101211624,gpu_delivered,622750,333500,0,0,0,1.8484890460968018e-05,,,,,none
676,672,1607408101211624,1607408101406500,1607408102045541,1607408102544957,gpu_delivered,639041,194876,0,0,0,5.3122639656066895e-06,,,,,none
677,673,1607408102544957,1607408102805583,1607408103447291,1607408103878291,gpu_delivered,641708,260626,0,0,0,3.6815181374549866e-06,,,,,none
678,674,1607408103878291,1607408104105125,1607408104677083,1607408105211624,gpu_delivered,571958,226834,0,0,0,3.382563591003418e-06,,,,,none
679,675,1607408105211624,1607408105335500,1607408105968916,1607408106544957,gpu_delivered,633416,123876,0,0,0,3.9935111999511719e-06,,,,,none
680,676,1607408106544957,1607408106806000,1607408107378250,1607408107878291,gpu_delivered,572250,261043,0,0,0,4.723668098449707e-06,,,,,none
681,677,1607408107878291,1607408108134291,1607408108706125,1607408109211624,gpu_delivered,571834,256000,0,0,0,1.1511147022247314e-05,,,,,none
682,678,1607408109211624,1607408109345791,1607408109924541,1607408110544957,gpu_delivered,578750,134167,0,0,0,6.4224004745483398e-06,,,,,none
683,679,1607408110544957,1607408110863416,1607408111483375,1607408111878291,gpu_delivered,619959,318459,0,0,0,2.5629997253417969e-06,,,,,none
684,680,1607408111878291,1607408112088958,1607408112719750,1607408113211624,gpu_delivered,630792,210667,0,0,0,1.1473894119262695e-06,,,,,none
685,681,1607408113211624,1607408113467708,1607408114190041,1607408114544957,gpu_delivered,722333,256084,0,0,0,7.7681615948677063e-06,,,,,none
686,682,1607408114544957,1607408114738375,1607408115352041,1607408115878291,gpu_delivered,613666,193418,0,0,0,7.3462724685668945e-06,,,,,none
687,683,1607408115878291,1607408115966500,1607408116614208,1607408117211624,gpu_delivered,647708,88209,0,0,0,2.9802322387695312e-06,,,,,none
688,684,1607408117211624,1607408117525375,1607408118206375,1607408118544957,gpu_delivered,681000,313751,0,0,0,6.1169266700744629e-06,,,,,none
689,685,1607408118544957,1607408118729000,1607408119386166,1607408119878291,gpu_delivered,657166,184043,0,0,0,9.2089176177978516e-06,,,,,none
690,686,1607408119878291,1607408120156625,1607408120835000,1607408121211624,gpu_delivered,678375,278334,0,0,0,1.8849968910217285e-06,,,,,none
691,687,1607408121211624,1607408121458250,1607408122110041,1607408122544957,gpu_delivered,651791,246626,0,0,0,1.4919787645339966e-06,,,,,none
692,688,1607408122544957,1607408122771458,1607408123406625,1607408123878291,gpu_delivered,635167,226501,0,0,0,2.9653310775756836e-06,,,,,none
693,689,1607408123878291,1607408124123583,1607408124775083,1607408125211624,gpu_delivered,651500,245292,0,0,0,8.6724758148193359e-06,,,,,none
694,690,1607408125211624,1607408125438208,1607408126102666,1607408126544957,gpu_delivered,664458,226584,0,0,0,2.6375055313110352e-06,,,,,none
695,691,1607408126544957,1607408126778250,1607408127443000,1607408127878291,gpu_delivered,664750,233293,0,0,0,4.1425228118896484e-06,,,,,none
696,692,1607408127878291,1607408128113166,1607408128809416,1607408129211624,gpu_delivered,696250,234875,0,0,0,9.9763274192810059e-06,,,,,none
697,693,1607408129211624,1607408129488833,1607408130155000,1607408130544957,gpu_delivered,666167,277209,0,0,0,1.4416873455047607e-05,,,,,none
698,694,1607408130544957,1607408130750250,1607408131400416,1607408131878291,gpu_delivered,650166,205293,0,0,0,9.5367431640625e-07,,,,,none
699,695,1607408131878291,1607408132044208,1607408132665416,1607408133211624,gpu_delivered,621208,165917,0,0,0,8.5160136222839355e-06,,,,,none
700,696,1607408133211624,1607408133354666,1607408134028666,1607408134544957,gpu_delivered,674000,143042,0,0,0,5.2228569984436035e-06,,,,,none
701,697,1607408134544957,1607408134814166,1607408135459208,1607408135878291,gpu_delivered,645042,269209,0,0,0,3.814697265625e-06,,,,,none
702,698,1607408135878291,1607408136100125,1607408136747000,1607408137211624,gpu_delivered,646875,221834,0,0,0,1.1473894119262695e-06,,,,,none
703,699,1607408137211624,1607408137453708,1607408138112125,1607408138544957,gpu_delivered,658417,242084,0,0,0,4.4554471969604492e-06,,,,,none
704,700,1607408138544957,1607408138768416,1607408139448791,1607408139878291,gpu_delivered,680375,223459,0,0,0,6.5565109252929688e-06,,,,,none
705,701,1607408139878291,1607408140103708,1607408140714500,1607408141211624,gpu_delivered,610792,225417,0,0,0,2.3037195205688477e-05,,,,,none
706,702,1607408141211624,1607408141469750,1607408142132916,1607408142544957,gpu_delivered,663166,258126,0,0,0,1.6838312149047852e-06,,,,,none
707,703,1607408142544957,1607408142759125,1607408143429916,1607408143878291,gpu_delivered,670791,214168,0,0,0,7.5753778219223022e-06,,,,,none
708,704,1607408143878291,1607408144114750,1607408144875875,1607408145211624,gpu_delivered,761125,236459,0,0,0,1.9669532775878906e-06,,,,,none
709,705,1607408145211624,1607408145392000,1607408145985500,1607408146544957,gpu_delivered,593500,180376,0,0,0,9.1269612312316895e-06,,,,,none
710,706,1607408146544957,1607408146830708,1607408147430583,1607408147878291,gpu_delivered,599875,285751,0,0,0,7.3965638875961304e-06,,,,,none
711,707,1607408147878291,1607408148124083,1607408148801625,1607408149211624,gpu_delivered,677542,245792,0,0,0,3.6358833312988281e-06,,,,,none
712,708,1607408149211624,1607408149427125,1607408150107625,1607408150544957,gpu_delivered,680500,215501,0,0,0,3.6731362342834473e-06,,,,,none
713,709,1607408150544957,1607408150781083,1607408151376583,1607408151878291,gpu_delivered,595500,236126,0,0,0,1.7456710338592529e-05,,,,,none
714,710,1607408151878291,1607408152139666,1607408152728958,1607408153211624,gpu_delivered,589292,261375,0,0,0,1.7434358596801758e-06,,,,,none
715,711,1607408153211624,1607408153460416,1607408154103250,1607408154544957,gpu_delivered,642834,248792,0,0,0,3.4943222999572754e-06,,,,,none
716,712,1607408154544957,1607408154775500,1607408155403333,1607408155878291,gpu_delivered,627833,230543,0,0,0,4.4256448745727539e-06,,,,,none
717,713,1607408155878291,1607408156128166,1607408156768041,1607408157211624,gpu_delivered,639875,249875,0,0,0,1.1377036571502686e-05,,,,,none
718,714,1607408157211624,1607408157443041,1607408158071666,1607408158544957,gpu_delivered,628625,231417,0,0,0,1.5497207641601562e-06,,,,,none
719,715,1607408158544957,1607408158798833,1607408159450875,1607408159878291,gpu_delivered,652042,253876,0,0,0,9.3877315521240234e-07,,,,,none
720,716,1607408159878291,1607408160103708,1607408160738166,1607408161211624,gpu_delivered,634458,225417,0,0,0,6.8694353103637695e-06,,,,,none
721,717,1607408161211624,1607408161458291,1607408162113000,1607408162544957,gpu_delivered,654709,246667,0,0,0,1.3561919331550598e-05,,,,,none
722,718,1607408162544957,1607408162766500,1607408163355000,1607408163878291,gpu_delivered,588500,221543,0,0,0,9.1060064733028412e-06,,,,,none
723,719,1607408163878291,1607408164145291,1607408164719166,1607408165211624,gpu_delivered,573875,267000,0,0,0,1.3411045074462891e-06,,,,,none
724,720,1607408165211624,1607408165463125,1607408166140458,1607408166544957,gpu_delivered,677333,251501,0,0,0,3.4868717193603516e-06,,,,,none
725,721,1607408166544957,1607408166757291,1607408167440166,1607408167878291,gpu_delivered,682875,212334,0,0,0,1.3276934623718262e-05,,,,,none
726,722,1607408167878291,1607408168042375,1607408168624041,1607408169211624,gpu_delivered,581666,164084,0,0,0,1.2705102562904358e-05,,,,,none
727,723,1607408169211624,1607408169510333,1607408170151333,1607408170544957,gpu_delivered,641000,298709,0,0,0,1.3597309589385986e-06,,,,,none
728,724,1607408170544957,1607408170751666,1607408171439208,1607408171878291,gpu_delivered,687542,206709,0,0,0,1.4001503586769104e-05,,,,,none
729,725,1607408171878291,1607408172105250,1607408172774875,1607408173211624,gpu_delivered,669625,226959,0,0,0,3.7550926208496094e-06,,,,,none
730,726,1607408173211624,1607408173442333,1607408174031458,1607408174544957,gpu_delivered,589125,230709,0,0,0,1.3113021850585938e-06,,,,,none
731,727,1607408174544957,1607408174807541,1607408175492958,1607408175878291,gpu_delivered,685417,262584,0,0,0,7.0035457611083984e-07,,,,,none
732,728,1607408175878291,1607408176082208,1607408176739416,1607408177211624,gpu_delivered,657208,203917,0,0,0,5.8170408010482788e-06,,,,,none
733,729,1607408177211624,1607408177459750,1607408178134958,1607408178544957,gpu_delivered,675208,248126,0,0,0,6.0349702835083008e-06,,,,,none
734,730,1607408178544957,1607408178759833,1607408179435833,1607408179878291,gpu_delivered,676000,214876,0,0,0,6.3478946685791016e-06,,,,,none
735,731,1607408179878291,1607408180110083,1607408180758666,1607408181211624,gpu_delivered,648583,231792,0,0,0,4.0009617805480957e-06,,,,,none
736,732,1607408181211624,1607408181449291,1607408182032958,1607408182544957,gpu_delivered,583667,237667,0,0,0,1.2665987014770508e-06,,,,,none
737,733,1607408182544957,1607408182806041,1607408183458166,1607408183878291,gpu_delivered,652125,261084,0,0,0,3.7997961044311523e-06,,,,,none
738,734,1607408183878291,1607408184099666,1607408184684250,1607408185211624,gpu_delivered,584584,221375,0,0,0,4.0829181671142578e-06,,,,,none
739,735,1607408185211624,1607408185297500,1607408185944458,1607408186544957,gpu_delivered,646958,85876,0,0,0,2.2351741790771484e-06,,,,,none
740,736,1607408186544957,1607408186857916,1607408187544458,1607408187878291,gpu_delivered,686542,312959,0,0,0,4.3809413909912109e-06,,,,,none
741,737,1607408187878291,1607408188055750,1607408188712416,1607408189211624,gpu_delivered,656666,177459,0,0,0,5.0812959671020508e-06,,,,,none
742,738,1607408189211624,1607408189472708,1607408190268458,1607408190544957,gpu_delivered,795750,261084,0,0,0,1.0395422577857971e-05,,,,,none
743,739,1607408190544957,1607408190695125,1607408191385500,1607408191878291,gpu_delivered,690375,150168,0,0,0,7.152557373046875e-07,,,,,none
744,740,1607408191878291,1607408192133625,1607408192761666,1607408193211624,gpu_delivered,628041,255334,0,0,0,1.8328428268432617e-06,,,,,none
745,741,1607408193211624,1607408193444000,1607408194105083,1607408194544957,gpu_delivered,661083,232376,0,0,0,8.7071675807237625e-06,,,,,none
746,742,1607408194544957,1607408194777291,1607408195359375,1607408195878291,gpu_delivered,582084,232334,0,0,0,2.6762485504150391e-05,,,,,none
747,743,1607408195878291,1607408196143708,1607408196715416,1607408197211624,gpu_delivered,571708,265417,0,0,0,1.0039657354354858e-06,,,,,none
748,744,1607408197211624,1607408197465958,1607408198039666,1607408198544957,gpu_delivered,573708,254334,0,0,0,5.0961971282958984e-06,,,,,none
749,745,1607408198544957,1607408198803791,1607408199374333,1607408199878291,gpu_delivered,570542,258834,0,0,0,3.1888484954833984e-06,,,,,none
750,746,1607408199878291,1607408199893375,1607408200583875,1607408201211624,gpu_delivered,690500,15084,0,0,0,3.9935111999511719e-06,,,,,none
751,747,1607408201211624,1607408201537166,1607408202115583,1607408202544957,gpu_delivered,578417,325542,0,0,0,4.1350722312927246e-06,,,,,none
752,748,1607408202544957,1607408202764583,1607408203447125,1607408203878291,gpu_delivered,682542,219626,0,0,0,6.7055225372314453e-06,,,,,none
753,749,1607408203878291,1607408204102958,1607408204680458,1607408205211624,gpu_delivered,577500,224667,0,0,0,6.0573220252990723e-06,,,,,none
754,750,1607408205211624,1607408205482916,1607408206162208,1607408206544957,gpu_delivered,679292,271292,0,0,0,1.9103288650512695e-05,,,,,none
755,751,1607408206544957,1607408206747875,1607408207403958,1607408207878291,gpu_delivered,656083,202918,0,0,0,2.035871148109436e-06,,,,,none
756,752,1607408207878291,1607408208179333,1607408208831583,1607408209211624,gpu_delivered,652250,301042,0,0,0,2.0265579223632812e-06,,,,,none
757,753,1607408209211624,1607408209414125,1607408210048083,1607408210544957,gpu_delivered,633958,202501,0,0,0,4.6491622924804688e-06,,,,,none
758,754,1607408210544957,1607408210799291,1607408211370000,1607408211878291,gpu_delivered,570709,254334,0,0,0,3.7401914596557617e-06,,,,,none
759,755,1607408211878291,1607408212142750,1607408212790583,1607408213211624,gpu_delivered,647833,264459,0,0,0,1.0073184967041016e-05,,,,,none
760,756,1607408213211624,1607408213432500,1607408214119083,1607408214544957,gpu_delivered,686583,220876,0,0,0,3.9413571357727051e-06,,,,,none
761,757,1607408214544957,1607408214769166,1607408215412083,1607408215878291,gpu_delivered,642917,224209,0,0,0,2.9355287551879883e-06,,,,,none
762,758,1607408215878291,1607408216119291,1607408216695791,1607408217211624,gpu_delivered,576500,241000,0,0,0,9.0748071670532227e-06,,,,,none
763,759,1607408217211624,1607408217474375,1607408218039000,1607408218544957,gpu_delivered,564625,262751,0,0,0,1.4603137969970703e-06,,,,,none
764,760,1607408218544957,1607408218802291,1607408219378708,1607408219878291,gpu_delivered,576417,257334,0,0,0,2.0265579223632812e-06,,,,,none
765,761,1607408219878291,1607408220136125,1607408220873041,1607408221211624,gpu_delivered,736916,257834,0,0,0,6.720423698425293e-06,,,,,none
766,762,1607408221211624,1607408221385666,1607408221966666,1607408222544957,gpu_delivered,581000,174042,0,0,0,1.4021992683410645e-05,,,,,none
767,763,1607408222544957,1607408222838541,1607408223513291,1607408223878291,gpu_delivered,674750,293584,0,0,0,7.0780515670776367e-07,,,,,none
768,764,1607408223878291,1607408224070458,1607408224718750,1607408225211624,gpu_delivered,648292,192167,0,0,0,4.3921172618865967e-06,,,,,none
769,765,1607408225211624,1607408225468500,1607408226101500,1607408226544957,gpu_delivered,633000,256876,0,0,0,4.2170286178588867e-06,,,,,none
770,766,1607408226544957,1607408226778208,1607408227490208,1607408227878291,gpu_delivered,712000,233251,0,0,0,2.7418136596679688e-06,,,,,none
771,767,1607408227878291,1607408228089250,1607408228782958,1607408229211624,gpu_delivered,693708,210959,0,0,0,4.9918889999389648e-06,,,,,none
772,768,1607408229211624,1607408229436041,1607408230012666,1607408230544957,gpu_delivered,576625,224417,0,0,0,1.2479722499847412e-06,,,,,none
773,769,1607408230544957,1607408230817250,1607408231517208,1607408231878291,gpu_delivered,699958,272293,0,0,0,9.5218420028686523e-06,,,,,none
774,770,1607408231878291,1607408232069375,1607408232706958,1607408233211624,gpu_delivered,637583,191084,0,0,0,1.1689960956573486e-05,,,,,none
775,771,1607408233211624,1607408233474583,1607408234134041,1607408234544957,gpu_delivered,659458,262959,0,0,0,2.7567148208618164e-06,,,,,none
776,772,1607408234544957,1607408234761958,1607408235454250,1607408235878291,gpu_delivered,692292,217001,0,0,0,1.1324882507324219e-06,,,,,none
777,773,1607408235878291,1607408236099250,1607408236767416,1607408237211624,gpu_delivered,668166,220959,0,0,0,4.1946768760681152e-06,,,,,none
778,774,1607408237211624,1607408237441958,1607408238023875,1607408238544957,gpu_delivered,581917,230334,0,0,0,5.4948031902313232e-06,,,,,none
779,775,1607408238544957,1607408238810083,1607408239381250,1607408239878291,gpu_delivered,571167,265126,0,0,0,6.6552311182022095e-06,,,,,none
780,776,1607408239878291,1607408240132541,1607408240768208,1607408241211624,gpu_delivered,635667,254250,0,0,0,1.6987323760986328e-06,,,,,none
781,777,1607408241211624,1607408241444666,1607408242034958,1607408242544957,gpu_delivered,590292,233042,0,0,0,2.4884939193725586e-06,,,,,none
782,778,1607408242544957,1607408242597083,1607408243295208,1607408243878291,gpu_delivered,698125,52126,0,0,0,1.9486760720610619e-06,,,,,none
783,779,1607408243878291,1607408244179208,1607408244818958,1607408245211624,gpu_delivered,639750,300917,0,0,0,4.8056244850158691e-06,,,,,none
784,780,1607408245211624,1607408245421041,1607408246083625,1607408246544957,gpu_delivered,662584,209417,0,0,0,1.2010335922241211e-05,,,,,none
785,781,1607408246544957,1607408246586458,1607408247216708,1607408247878291,gpu_delivered,630250,41501,0,0,0,4.1425228118896484e-06,,,,,none
786,782,1607408247878291,1607408248028333,1607408248605125,1607408249211624,gpu_delivered,576792,150042,0,0,0,6.9700181484222412e-06,,,,,none
787,783,1607408249211624,1607408249382208,1607408250016416,1607408250544957,gpu_delivered,634208,170584,0,0,0,1.6592442989349365e-05,,,,,none
788,784,1607408250544957,1607408250815041,1607408251402750,1607408251878291,gpu_delivered,587709,270084,0,0,0,1.6838312149047852e-06,,,,,none
789,785,1607408251878291,1607408252122416,1607408252697625,1607408253211624,gpu_delivered,575209,244125,0,0,0,2.2202730178833008e-06,,,,,none
790,786,1607408253211624,1607408253473958,1607408254048333,1607408254544957,gpu_delivered,574375,262334,0,0,0,2.7418136596679688e-06,,,,,none
791,787,1607408254544957,1607408254635375,1607408255402458,1607408255878291,gpu_delivered,767083,90418,0,0,0,1.3709068298339844e-05,,,,,none
792,788,1607408255878291,1607408256123250,1607408256747000,1607408257211624,gpu_delivered,623750,244959,0,0,0,1.2069940567016602e-06,,,,,none
793,789,1607408257211624,1607408257456000,1607408258036541,1607408258544957,gpu_delivered,580541,244376,0,0,0,1.7583370208740234e-06,,,,,none
794,790,1607408258544957,1607408258803833,1607408259381333,1607408259878291,gpu_delivered,577500,258876,0,0,0,5.3402036428451538e-06,,,,,none
795,791,1607408259878291,1607408260012125,1607408260572583,1607408261211624,gpu_delivered,560458,133834,0,0,0,7.6629221439361572e-06,,,,,none
796,792,1607408261211624,1607408261251041,1607408261829000,1607408262544957,gpu_delivered,577959,39417,0,0,0,9.6857547760009766e-07,,,,,none
797,793,1607408262544957,1607408262909125,1607408263504833,1607408263878291,gpu_delivered,595708,364168,0,0,0,1.9297003746032715e-06,,,,,none
798,794,1607408263878291,1607408263948750,1607408264541333,1607408265211624,gpu_delivered,592583,70459,0,0,0,5.4240226745605469e-06,,,,,none
799,795,1607408265211624,1607408265555750,1607408266133750,1607408266544957,gpu_delivered,578000,344126,0,0,0,1.2353062629699707e-05,,,,,none
800,796,1607408266544957,1607408266756166,1607408267375041,1607408267878291,gpu_delivered,618875,211209,0,0,0,1.5757977962493896e-06,,,,,none
801,797,1607408267878291,1607408268147166,1607408268717833,1607408269211624,gpu_delivered,570667,268875,0,0,0,3.4570693969726562e-06,,,,,none
802,798,1607408269211624,1607408269468666,1607408270042041,1607408270544957,gpu_delivered,573375,257042,0,0,0,1.0728836059570312e-05,,,,,none
803,799,1607408270544957,1607408270806375,1607408271369166,1607408271878291,gpu_delivered,562791,261418,0,0,0,2.4139881134033203e-06,,,,,none
804,800,1607408271878291,1607408272137833,1607408272702416,1607408273211624,gpu_delivered,564583,259542,0,0,0,4.5821070671081543e-06,,,,,none
805,801,1607408273211624,1607408273268791,1607408273856958,1607408274544957,gpu_delivered,588167,57167,0,0,0,3.4868717193603516e-06,,,,,none
806,802,1607408274544957,1607408274829083,1607408275511250,1607408275878291,gpu_delivered,682167,284126,0,0,0,2.8014183044433594e-06,,,,,none
807,803,1607408275878291,1607408276073541,1607408276654166,1607408277211624,gpu_delivered,580625,195250,0,0,0,6.9290399551391602e-06,,,,,none
808,804,1607408277211624,1607408277498666,1607408278086541,1607408278544957,gpu_delivered,587875,287042,0,0,0,6.1206519603729248e-06,,,,,none
809,805,1607408278544957,1607408278780166,1607408279427166,1607408279878291,gpu_delivered,647000,235209,0,0,0,3.9637088775634766e-06,,,,,none
810,806,1607408279878291,1607408280119541,1607408280720208,1607408281211624,gpu_delivered,600667,241250,0,0,0,1.1935830116271973e-05,,,,,none
811,807,1607408281211624,1607408281468541,1607408282109166,1607408282544957,gpu_delivered,640625,256917,0,0,0,5.9492886066436768e-06,,,,,none
812,808,1607408282544957,1607408282776666,1607408283343125,1607408283878291,gpu_delivered,566459,231709,0,0,0,6.9141387939453125e-06,,,,,none
813,809,1607408283878291,1607408284157666,1607408284725250,1607408285211624,gpu_delivered,567584,279375,0,0,0,1.5851110219955444e-06,,,,,none
814,810,1607408285211624,1607408285462250,1607408286059291,1607408286544957,gpu_delivered,597041,250626,0,0,0,1.2218952178955078e-06,,,,,none
815,811,1607408286544957,1607408286799625,1607408287384041,1607408287878291,gpu_delivered,584416,254668,0,0,0,1.0199844837188721e-05,,,,,none
816,812,1607408287878291,1607408288134208,1607408288751583,1607408289211624,gpu_delivered,617375,255917,0,0,0,3.7252902984619141e-07,,,,,none
817,813,1607408289211624,1607408289469500,1607408290097916,1607408290544957,gpu_delivered,628416,257876,0,0,0,1.8272548913955688e-06,,,,,none
818,814,1607408290544957,1607408290777083,1607408291361708,1607408291878291,gpu_delivered,584625,232126,0,0,0,2.2202730178833008e-06,,,,,none
819,815,1607408291878291,1607408292117083,1607408292695916,1607408293211624,gpu_delivered,578833,238792,0,0,0,3.8947910070419312e-06,,,,,none
820,816,1607408293211624,1607408293478458,1607408294095291,1607408294544957,gpu_delivered,616833,266834,0,0,0,5.1409006118774414e-07,,,,,none
821,817,1607408294544957,1607408294781833,1607408295452791,1607408295878291,gpu_delivered,670958,236876,0,0,0,6.1765313148498535e-06,,,,,none
822,818,1607408295878291,1607408296104458,1607408296672375,1607408297211624,gpu_delivered,567917,226167,0,0,0,4.3809413909912109e-06,,,,,none
823,819,1607408297211624,1607408297488708,1607408298059708,1607408298544957,gpu_delivered,571000,277084,0,0,0,3.0100345611572266e-06,,,,,none
824,820,1607408298544957,1607408298794541,1607408299440041,1607408299878291,gpu_delivered,645500,249584,0,0,0,1.2364238500595093e-05,,,,,none
825,821,1607408299878291,1607408300110375,1607408300679166,1607408301211624,gpu_delivered,568791,232084,0,0,0,3.6358833312988281e-06,,,,,none
826,822,1607408301211624,1607408301512958,1607408302100625,1607408302544957,gpu_delivered,587667,301334,0,0,0,1.1124648153781891e-05,,,,,none
827,823,1607408302544957,1607408302737250,1607408303316208,1607408303878291,gpu_delivered,578958,192293,0,0,0,4.1574239730834961e-06,,,,,none
828,824,1607408303878291,1607408304169041,1607408304760166,1607408305211624,gpu_delivered,591125,290750,0,0,0,9.1269612312316895e-07,,,,,none
829,825,1607408305211624,1607408305443250,1607408306090750,1607408306544957,gpu_delivered,647500,231626,0,0,0,4.3958425521850586e-06,,,,,none
830,826,1607408306544957,1607408306778666,1607408307364708,1607408307878291,gpu_delivered,586042,233709,0,0,0,3.2484531402587891e-06,,,,,none
831,827,1607408307878291,1607408308140208,1607408308704916,1607408309211624,gpu_delivered,564708,261917,0,0,0,4.0084123611450195e-06,,,,,none
832,828,1607408309211624,1607408309470333,1607408310047833,1607408310544957,gpu_delivered,577500,258709,0,0,0,1.8551945686340332e-06,,,,,none
833,829,1607408310544957,1607408310799208,1607408311366291,1607408311878291,gpu_delivered,567083,254251,0,0,0,2.9783695936203003e-06,,,,,none
834,830,1607408311878291,1607408312145750,1607408312790041,1607408313211624,gpu_delivered,644291,267459,0,0,0,8.7916851043701172e-07,,,,,none
835,831,1607408313211624,1607408313475041,1607408314079250,1607408314544957,gpu_delivered,604209,263417,0,0,0,3.7550926208496094e-06,,,,,none
836,832,1607408314544957,1607408314787291,1607408315388541,1607408315878291,gpu_delivered,601250,242334,0,0,0,5.6736171245574951e-06,,,,,none
837,833,1607408315878291,1607408316133791,1607408316737416,1607408317211624,gpu_delivered,603625,255500,0,0,0,2.0712614059448242e-06,,,,,none
838,834,1607408317211624,1607408317456458,1607408318152000,1607408318544957,gpu_delivered,695542,244834,0,0,0,2.5331974029541016e-06,,,,,none
839,835,1607408318544957,1607408318754333,1607408319330333,1607408319878291,gpu_delivered,576000,209376,0,0,0,1.0520219802856445e-05,,,,,none
840,836,1607408319878291,1607408320165583,1607408320794833,1607408321211624,gpu_delivered,629250,287292,0,0,0,6.8247318267822266e-06,,,,,none
841,837,1607408321211624,1607408321432458,1607408322053666,1607408322544957,gpu_delivered,621208,220834,0,0,0,1.2964010238647461e-06,,,,,none
842,838,1607408322544957,1607408322804291,1607408323425166,1607408323878291,gpu_delivered,620875,259334,0,0,0,9.9092721939086914e-07,,,,,none
843,839,1607408323878291,1607408324118250,1607408324710375,1607408325211624,gpu_delivered,592125,239959,0,0,0,6.9513916969299316e-06,,,,,none
844,840,1607408325211624,1607408325469291,1607408326077000,1607408326544957,gpu_delivered,607709,257667,0,0,0,2.0340085029602051e-06,,,,,none
845,841,1607408326544957,1607408326791416,1607408327391625,1607408327878291,gpu_delivered,600209,246459,0,0,0,1.8477439880371094e-06,,,,,none
846,842,1607408327878291,1607408328131166,1607408328759333,1607408329211624,gpu_delivered,628167,252875,0,0,0,9.5963478088378906e-06,,,,,none
847,843,1607408329211624,1607408329448666,1607408330020750,1607408330544957,gpu_delivered,572084,237042,0,0,0,8.3595514297485352e-06,,,,,none
848,844,1607408330544957,1607408330728708,1607408331336458,1607408331878291,gpu_delivered,607750,183751,0,0,0,6.9290399551391602e-06,,,,,none
849,845,1607408331878291,1607408332176083,1607408332746333,1607408333211624,gpu_delivered,570250,297792,0,0,0,2.9131770133972168e-06,,,,,none
850,846,1607408333211624,1607408333449958,1607408334040333,1607408334544957,gpu_delivered,590375,238334,0,0,0,7.1302056312561035e-06,,,,,none
851,847,1607408334544957,1607408334815958,1607408335462041,1607408335878291,gpu_delivered,646083,271001,0,0,0,4.7981739044189453e-06,,,,,none
852,848,1607408335878291,1607408336100750,1607408336803208,1607408337211624,gpu_delivered,702458,222459,0,0,0,1.2025237083435059e-05,,,,,none
853,849,1607408337211624,1607408337426500,1607408338057375,1607408338544957,gpu_delivered,630875,214876,0,0,0,5.6596472859382629e-06,,,,,none
854,850,1607408338544957,1607408338796125,1607408339374916,1607408339878291,gpu_delivered,578791,251168,0,0,0,5.5134296417236328e-06,,,,,none
855,851,1607408339878291,1607408340171083,1607408340744041,1607408341211624,gpu_delivered,572958,292792,0,0,0,5.5134296417236328e-06,,,,,none
856,852,1607408341211624,1607408341451500,1607408342038625,1607408342544957,gpu_delivered,587125,239876,0,0,0,1.1265277862548828e-05,,,,,none
857,853,1607408342544957,1607408342809208,1607408343396458,1607408343878291,gpu_delivered,587250,264251,0,0,0,6.3776969909667969e-06,,,,,none
858,854,1607408343878291,1607408344133916,1607408344782000,1607408345211624,gpu_delivered,648084,255625,0,0,0,2.4735927581787109e-06,,,,,none
859,855,1607408345211624,1607408345445791,1607408346225666,1607408346544957,gpu_delivered,779875,234167,0,0,0,2.0675361156463623e-06,,,,,none
860,856,1607408346544957,1607408346710833,1607408347474833,1607408347878291,gpu_delivered,764000,165876,0,0,0,6.5714120864868164e-06,,,,,none
861,857,1607408347878291,1607408348091833,1607408348776291,1607408349211624,gpu_delivered,684458,213542,0,0,0,7.323920726776123e-06,,,,,none
862,858,1607408349211624,1607408349440333,1607408350150333,1607408350544957,gpu_delivered,710000,228709,0,0,0,3.1264498829841614e-06,,,,,none
863,859,1607408350544957,1607408350752833,1607408351381625,1607408351878291,gpu_delivered,628792,207876,0,0,0,6.2882900238037109e-06,,,,,none
864,860,1607408351878291,1607408352137291,1607408352711625,1607408353211624,gpu_delivered,574334,259000,0,0,0,1.1146068572998047e-05,,,,,none
865,861,1607408353211624,1607408353468333,1607408354117666,1607408354544957,gpu_delivered,649333,256709,0,0,0,1.2665987014770508e-06,,,,,none
866,862,1607408354544957,1607408354770208,1607408355351625,1607408355878291,gpu_delivered,581417,225251,0,0,0,3.9935111999511719e-06,,,,,none
867,863,1607408355878291,1607408355914083,1607408356499291,1607408357211624,gpu_delivered,585208,35792,0,0,0,4.6491622924804688e-06,,,,,none
868,864,1607408357211624,1607408357574041,1607408358155250,1607408358544957,gpu_delivered,581209,362417,0,0,0,5.6177377700805664e-06,,,,,none
869,865,1607408358544957,1607408358745500,1607408359344916,1607408359878291,gpu_delivered,599416,200543,0,0,0,2.3543834686279297e-06,,,,,none
870,866,1607408359878291,1607408360159333,1607408360802333,1607408361211624,gpu_delivered,643000,281042,0,0,0,2.4456530809402466e-06,,,,,none
871,867,1607408361211624,1607408361427541,1607408362227125,1607408362544957,gpu_delivered,799584,215917,0,0,0,1.0624527931213379e-05,,,,,none
872,868,1607408362544957,1607408362715166,1607408363294875,1607408363878291,gpu_delivered,579709,170209,0,0,0,7.2792172431945801e-06,,,,,none
873,869,1607408363878291,1607408364175125,1607408364822791,1607408365211624,gpu_delivered,647666,296834,0,0,0,1.3113021850585938e-06,,,,,none
874,870,1607408365211624,1607408365418250,1607408365984791,1607408366544957,gpu_delivered,566541,206626,0,0,0,6.027519702911377e-06,,,,,none
875,871,1607408366544957,1607408366624541,1607408367206041,1607408367878291,gpu_delivered,581500,79584,0,0,0,5.8710575103759766e-06,,,,,none
876,872,1607408367878291,1607408368221250,1607408368833625,1607408369211624,gpu_delivered,612375,342959,0,0,0,4.984438419342041e-06,,,,,none
877,873,1607408369211624,1607408369412958,1607408370221708,1607408370544957,gpu_delivered,808750,201334,0,0,0,1.950189471244812e-06,,,,,none
878,874,1607408370544957,1607408370714333,1607408371301958,1607408371878291,gpu_delivered,587625,169376,0,0,0,1.099705696105957e-05,,,,,none
879,875,1607408371878291,1607408372170625,1607408372739833,1607408373211624,gpu_delivered,569208,292334,0,0,0,6.7055225372314453e-06,,,,,none
880,876,1607408373211624,1607408373452166,1607408374018708,1607408374544957,gpu_delivered,566542,240542,0,0,0,4.7087669372558594e-06,,,,,none
881,877,1607408374544957,1607408374815541,1607408375399583,1607408375878291,gpu_delivered,584042,270584,0,0,0,1.862645149230957e-06,,,,,none
882,878,1607408375878291,1607408376127625,1607408376752375,1607408377211624,gpu_delivered,624750,249334,0,0,0,9.2238187789916992e-06,,,,,none
883,879,1607408377211624,1607408377447750,1607408378071458,1607408378544957,gpu_delivered,623708,236126,0,0,0,2.1308660507202148e-06,,,,,none
884,880,1607408378544957,1607408378788083,1607408379399333,1607408379878291,gpu_delivered,611250,243126,0,0,0,3.4719705581665039e-06,,,,,none
885,881,1607408379878291,1607408380122875,1607408380719416,1607408381211624,gpu_delivered,596541,244584,0,0,0,1.3396143913269043e-05,,,,,none
886,882,1607408381211624,1607408381466000,1607408382049791,1607408382544957,gpu_delivered,583791,254376,0,0,0,4.9918889999389648e-06,,,,,none
887,883,1607408382544957,1607408382801250,1607408383448250,1607408383878291,gpu_delivered,647000,256293,0,0,0,5.0663948059082031e-07,,,,,none
888,884,1607408383878291,1607408384108375,1607408384725125,1607408385211624,gpu_delivered,616750,230084,0,0,0,6.2286853790283203e-06,,,,,none
889,885,1607408385211624,1607408385464458,1607408386087958,1607408386544957,gpu_delivered,623500,252834,0,0,0,4.6510249376296997e-06,,,,,none
890,886,1607408386544957,1607408386776750,1607408387373708,1607408387878291,gpu_delivered,596958,231793,0,0,0,1.8179416656494141e-06,,,,,none
891,887,1607408387878291,1607408388134458,1607408388728041,1607408389211624,gpu_delivered,593583,256167,0,0,0,7.152557373046875e-07,,,,,none
892,888,1607408389211624,1607408389435416,1607408390037916,1607408390544957,gpu_delivered,602500,223792,0,0,0,9.2685222625732422e-06,,,,,none
893,889,1607408390544957,1607408390808291,1607408391396000,1607408391878291,gpu_delivered,587709,263334,0,0,0,7.9795718193054199e-06,,,,,none
894,890,1607408391878291,1607408392123833,1607408392718000,1607408393211624,gpu_delivered,594167,245542,0,0,0,5.2154064178466797e-07,,,,,none
895,891,1607408393211624,1607408393438250,1607408394045208,1607408394544957,gpu_delivered,606958,226626,0,0,0,3.9637088775634766e-06,,,,,none
896,892,1607408394544957,1607408394583333,1607408395172375,1607408395878291,gpu_delivered,589042,38376,0,0,0,7.0892274379730225e-06,,,,,none
897,893,1607408395878291,1607408395974916,1607408396653541,1607408397211624,gpu_delivered,678625,96625,0,0,0,6.6459178924560547e-06,,,,,none
898,894,1607408397211624,1607408397499041,1607408398112708,1607408398544957,gpu_delivered,613667,287417,0,0,0,2.8312206268310547e-06,,,,,none
899,895,1607408398544957,1607408398574666,1607408399176250,1607408399878291,gpu_delivered,601584,29709,0,0,0,5.6102871894836426e-06,,,,,none
900,896,1607408399878291,1607408400027083,1607408400659125,1607408401211624,gpu_delivered,632042,148792,0,0,0,3.3061951398849487e-06,,,,,none
901,897,1607408401211624,1607408401501333,1607408402142041,1607408402544957,gpu_delivered,640708,289709,0,0,0,2.981722354888916e-05,,,,,none
902,898,1607408402544957,1607408402750666,1607408403356291,1607408403878291,gpu_delivered,605625,205709,0,0,0,2.7939677238464355e-06,,,,,none
903,899,1607408403878291,1607408404146625,1607408404875833,1607408405211624,gpu_delivered,729208,268334,0,0,0,2.3543834686279297e-06,,,,,none
904,900,1607408405211624,1607408405389625,1607408406000750,1607408406544957,gpu_delivered,611125,178001,0,0,0,5.3346157073974609e-06,,,,,none
905,901,1607408406544957,1607408406821791,1607408407432458,1607408407878291,gpu_delivered,610667,276834,0,0,0,1.6197562217712402e-05,,,,,none
906,902,1607408407878291,1607408407890666,1607408408525500,1607408409211624,gpu_delivered,634834,12375,0,0,0,5.0980597734451294e-06,,,,,none
907,903,1607408409211624,1607408409569708,1607408410176458,1607408410544957,gpu_delivered,606750,358084,0,0,0,1.6540288925170898e-06,,,,,none
908,904,1607408410544957,1607408410578833,1607408411223166,1607408411878291,gpu_delivered,644333,33876,0,0,0,4.3064355850219727e-06,,,,,none
909,905,1607408411878291,1607408412213041,1607408412809166,1607408413211624,gpu_delivered,596125,334750,0,0,0,9.2964619398117065e-06,,,,,none
910,906,1607408413211624,1607408413423666,1607408414024208,1607408414544957,gpu_delivered,600542,212042,0,0,0,2.0414590835571289e-06,,,,,none
911,907,1607408414544957,1607408414668833,1607408415289083,1607408415878291,gpu_delivered,620250,123876,0,0,0,4.291534423828125e-06,,,,,none
912,908,1607408415878291,1607408416182125,1607408416779500,1607408417211624,gpu_delivered,597375,303834,0,0,0,8.9704990386962891e-06,,,,,none
913,909,1607408417211624,1607408417436708,1607408418079208,1607408418544957,gpu_delivered,642500,225084,0,0,0,6.3031911849975586e-06,,,,,none
914,910,1607408418544957,1607408418793791,1607408419400333,1607408419878291,gpu_delivered,606542,248834,0,0,0,4.2044557631015778e-06,,,,,none
915,911,1607408419878291,1607408419935708,1607408420558041,1607408421211624,gpu_delivered,622333,57417,0,0,0,2.6971101760864258e-06,,,,,none
916,912,1607408421211624,1607408421262791,1607408421864666,1607408422544957,gpu_delivered,601875,51167,0,0,0,1.8477439880371094e-06,,,,,none
917,913,1607408422544957,1607408422891166,1607408423522666,1607408423878291,gpu_delivered,631500,346209,0,0,0,1.9080936908721924e-05,,,,,none
918,914,1607408423878291,1607408424069291,1607408424673250,1607408425211624,gpu_delivered,603959,191000,0,0,0,4.0978193283081055e-06,,,,,none
919,915,1607408425211624,1607408425489583,1607408426119291,1607408426544957,gpu_delivered,629708,277959,0,0,0,3.4943222999572754e-06,,,,,none
920,916,1607408426544957,1607408426557000,1607408427177333,1607408427878291,gpu_delivered,620333,12043,0,0,0,1.6219913959503174e-05,,,,,none
921,917,1607408427878291,1607408427908125,1607408428498833,1607408429211624,gpu_delivered,590708,29834,0,0,0,4.1457824409008026e-06,,,,,none
922,918,1607408429211624,1607408429573916,1607408430184583,1607408430544957,gpu_delivered,610667,362292,0,0,0,8.7320804595947266e-06,,,,,none
923,919,1607408430544957,1607408430740208,1607408431390416,1607408431878291,gpu_delivered,650208,195251,0,0,0,1.029670238494873e-05,,,,,none
924,920,1607408431878291,1607408432135958,1607408432743416,1607408433211624,gpu_delivered,607458,257667,0,0,0,4.3511390686035156e-06,,,,,none
925,921,1607408433211624,1607408433345916,1607408433947250,1607408434544957,gpu_delivered,601334,134292,0,0,0,1.4647841453552246e-05,,,,,none
926,922,1607408434544957,1607408434852708,1607408435497125,1607408435878291,gpu_delivered,644417,307751,0,0,0,2.7567148208618164e-06,,,,,none
927,923,1607408435878291,1607408436081458,1607408436699166,1607408437211624,gpu_delivered,617708,203167,0,0,0,2.0712614059448242e-06,,,,,none
928,924,1607408437211624,1607408437480041,1607408438112291,1607408438544957,gpu_delivered,632250,268417,0,0,0,4.9509108066558838e-06,,,,,none
929,925,1607408438544957,1607408438775875,1607408439368458,1607408439878291,gpu_delivered,592583,230918,0,0,0,7.152557373046875e-07,,,,,none
930,926,1607408439878291,1607408440063083,1607408440673833,1607408441211624,gpu_delivered,610750,184792,0,0,0,6.4820051193237305e-06,,,,,none
931,927,1607408441211624,1607408441487708,1607408442097125,1607408442544957,gpu_delivered,609417,276084,0,0,0,1.119077205657959e-05,,,,,none
932,928,1607408442544957,1607408442775541,1607408443394416,1607408443878291,gpu_delivered,618875,230584,0,0,0,4.3809413909912109e-06,,,,,none
933,929,1607408443878291,1607408444003541,1607408444615500,1607408445211624,gpu_delivered,611959,125250,0,0,0,7.7765434980392456e-06,,,,,none
934,930,1607408445211624,1607408445517791,1607408446110791,1607408446544957,gpu_delivered,593000,306167,0,0,0,4.1592866182327271e-06,,,,,none
935,931,1607408446544957,1607408446689333,1607408447317000,1607408447878291,gpu_delivered,627667,144376,0,0,0,6.981194019317627e-06,,,,,none
936,932,1607408447878291,1607408448165041,1607408448766833,1607408449211624,gpu_delivered,601792,286750,0,0,0,2.5928020477294922e-06,,,,,none
937,933,1607408449211624,1607408449452083,1607408450070833,1607408450544957,gpu_delivered,618750,240459,0,0,0,6.0796737670898438e-06,,,,,none
938,934,1607408450544957,1607408450791916,1607408451397625,1607408451878291,gpu_delivered,605709,246959,0,0,0,9.2275440692901611e-06,,,,,none
939,935,1607408451878291,1607408452129125,1607408452723208,1607408453211624,gpu_delivered,594083,250834,0,0,0,6.8992376327514648e-06,,,,,none
940,936,1607408453211624,1607408453463750,1607408454066000,1607408454544957,gpu_delivered,602250,252126,0,0,0,2.9355287551879883e-06,,,,,none
941,937,1607408454544957,1607408454648500,1607408455279958,1607408455878291,gpu_delivered,631458,103543,0,0,0,8.8959932327270508e-06,,,,,none
942,938,1607408455878291,1607408456189958,1607408456787500,1607408457211624,gpu_delivered,597542,311667,0,0,0,1.8700957298278809e-06,,,,,none
943,939,1607408457211624,1607408457432250,1607408458068791,1607408458544957,gpu_delivered,636541,220626,0,0,0,6.8247318267822266e-06,,,,,none
944,940,1607408458544957,1607408458796791,1607408459461166,1607408459878291,gpu_delivered,664375,251834,0,0,0,2.7716159820556641e-06,,,,,none
945,941,1607408459878291,1607408459950791,1607408460559291,1607408461211624,gpu_delivered,608500,72500,0,0,0,1.5225261449813843e-05,,,,,none
946,942,1607408461211624,1607408461545875,1607408462156708,1607408462544957,gpu_delivered,610833,334251,0,0,0,8.1676989793777466e-06,,,,,none
947,943,1607408462544957,1607408462748625,1607408463364208,1607408463878291,gpu_delivered,615583,203668,0,0,0,1.195073127746582e-05,,,,,none
948,944,1607408463878291,1607408464143500,1607408464755625,1607408465211624,gpu_delivered,612125,265209,0,0,0,5.1795504987239838e-06,,,,,none
949,945,1607408465211624,1607408465447375,1607408466060541,1607408466544957,gpu_delivered,613166,235751,0,0,0,8.7171792984008789e-06,,,,,none
950,946,1607408466544957,1607408466607875,1607408467313958,1607408467878291,gpu_delivered,706083,62918,0,0,0,1.6409903764724731e-06,,,,,none
951,947,1607408467878291,1607408468227708,1607408468834916,1607408469211624,gpu_delivered,607208,349417,0,0,0,1.004338264465332e-05,,,,,none
952,948,1607408469211624,1607408469409708,1607408470071625,1607408470544957,gpu_delivered,661917,198084,0,0,0,4.9918889999389648e-06,,,,,none
953,949,1607408470544957,1607408470796375,1607408471409166,1607408471878291,gpu_delivered,612791,251418,0,0,0,7.152557373046875e-07,,,,,none
954,950,1607408471878291,1607408472119875,1607408472734500,1607408473211624,gpu_delivered,614625,241584,0,0,0,1.0594725608825684e-05,,,,,none
955,951,1607408473211624,1607408473463875,1607408474059458,1607408474544957,gpu_delivered,595583,252251,0,0,0,1.5288591384887695e-05,,,,,none
956,952,1607408474544957,1607408474795916,1607408475403875,1607408475878291,gpu_delivered,607959,250959,0,0,0,6.5602362155914307e-06,,,,,none
957,953,1607408475878291,1607408476125916,1607408476743708,1607408477211624,gpu_delivered,617792,247625,0,0,0,1.9669532775878906e-06,,,,,none
958,954,1607408477211624,1607408477442333,1607408478055708,1607408478544957,gpu_delivered,613375,230709,0,0,0,1.8030405044555664e-06,,,,,none
959,955,1607408478544957,1607408478801083,1607408479395750,1607408479878291,gpu_delivered,594667,256126,0,0,0,5.9008598327636719e-06,,,,,none
960,956,1607408479878291,1607408480124625,1607408480785916,1607408481211624,gpu_delivered,661291,246334,0,0,0,2.7008354663848877e-06,,,,,none
961,957,1607408481211624,1607408481446166,1607408482130833,1607408482544957,gpu_delivered,684667,234542,0,0,0,1.0579824447631836e-06,,,,,none
962,958,1607408482544957,1607408482768750,1607408483405125,1607408483878291,gpu_delivered,636375,223793,0,0,0,7.5995922088623047e-06,,,,,none
963,959,1607408483878291,1607408484127458,1607408484754375,1607408485211624,gpu_delivered,626917,249167,0,0,0,4.6081840991973877e-06,,,,,none
964,960,1607408485211624,1607408485453583,1607408486090916,1607408486544957,gpu_delivered,637333,241959,0,0,0,2.1308660507202148e-06,,,,,none
965,961,1607408486544957,1607408486782541,1607408487406458,1607408487878291,gpu_delivered,623917,237584,0,0,0,4.7460198402404785e-06,,,,,none
966,962,1607408487878291,1607408488125333,1607408488731916,1607408489211624,gpu_delivered,606583,247042,0,0,0,3.3192336559295654e-06,,,,,none
967,963,1607408489211624,1607408489456541,1607408490055958,1607408490544957,gpu_delivered,599417,244917,0,0,0,5.9902667999267578e-06,,,,,none
968,964,1607408490544957,1607408490793250,1607408491398708,1607408491878291,gpu_delivered,605458,248293,0,0,0,6.4671039581298828e-06,,,,,none
969,965,1607408491878291,1607408492123791,1607408492722125,1607408493211624,gpu_delivered,598334,245500,0,0,0,1.259148120880127e-05,,,,,none
970,966,1607408493211624,1607408493474333,1607408494075916,1607408494544957,gpu_delivered,601583,262709,0,0,0,1.0833144187927246e-05,,,,,none
971,967,1607408494544957,1607408494790583,1607408495392416,1607408495878291,gpu_delivered,601833,245626,0,0,0,1.8775463104248047e-06,,,,,none
972,968,1607408495878291,1607408496128916,1607408496758583,1607408497211624,gpu_delivered,629667,250625,0,0,0,2.9951333999633789e-06,,,,,none
973,969,1607408497211624,1607408497361083,1607408497968833,1607408498544957,gpu_delivered,607750,149459,0,0,0,3.2633543014526367e-06,,,,,none
974,970,1607408498544957,1607408498585958,1607408499239125,1607408499878291,gpu_delivered,653167,41001,0,0,0,1.0710209608078003e-06,,,,,none
975,971,1607408499878291,1607408500209083,1607408500857000,1607408501211624,gpu_delivered,647917,330792,0,0,0,7.413327693939209e-06,,,,,none
976,972,1607408501211624,1607408501396458,1607408502011000,1607408502544957,gpu_delivered,614542,184834,0,0,0,9.1996043920516968e-06,,,,,none
977,973,1607408502544957,1607408502821958,1607408503420333,1607408503878291,gpu_delivered,598375,277001,0,0,0,1.3709068298339844e-06,,,,,none
978,974,1607408503878291,1607408504119583,1607408504768666,1607408505211624,gpu_delivered,649083,241292,0,0,0,1.4454126358032227e-06,,,,,none
979,975,1607408505211624,1607408505446375,1607408506048000,1607408506544957,gpu_delivered,601625,234751,0,0,0,5.7369470596313477e-06,,,,,none
980,976,1607408506544957,1607408506798541,1607408507424000,1607408507878291,gpu_delivered,625459,253584,0,0,0,9.0822577476501465e-06,,,,,none
981,977,1607408507878291,1607408508111625,1607408508743375,1607408509211624,gpu_delivered,631750,233334,0,0,0,2.1755695343017578e-06,,,,,none
982,978,1607408509211624,1607408509455541,1607408510054666,1607408510544957,gpu_delivered,599125,243917,0,0,0,8.8661909103393555e-07,,,,,none
983,979,1607408510544957,1607408510794125,1607408511426750,1607408511878291,gpu_delivered,632625,249168,0,0,0,1.255422830581665e-05,,,,,none
984,980,1607408511878291,1607408512114166,1607408512717500,1607408513211624,gpu_delivered,603334,235875,0,0,0,1.5869736671447754e-05,,,,,none
985,981,1607408513211624,1607408513463083,1607408514055416,1607408514544957,gpu_delivered,592333,251459,0,0,0,2.2053718566894531e-06,,,,,none
986,982,1607408514544957,1607408514701291,1607408515297333,1607408515878291,gpu_delivered,596042,156334,0,0,0,2.4810433387756348e-06,,,,,none
987,983,1607408515878291,1607408516173166,1607408516772625,1607408517211624,gpu_delivered,599459,294875,0,0,0,5.3793191909790039e-06,,,,,none
988,984,1607408517211624,1607408517439875,1607408518067291,1607408518544957,gpu_delivered,627416,228251,0,0,0,1.3828277587890625e-05,,,,,none
989,985,1607408518544957,1607408518797166,1607408519424000,1607408519878291,gpu_delivered,626834,252209,0,0,0,7.8976154327392578e-07,,,,,none
990,986,1607408519878291,1607408520110791,1607408520747666,1607408521211624,gpu_delivered,636875,232500,0,0,0,1.5795230865478516e-06,,,,,none
991,987,1607408521211624,1607408521272708,1607408521874791,1607408522544957,gpu_delivered,602083,61084,0,0,0,1.2930482625961304e-05,,,,,none
992,988,1607408522544957,1607408522636750,1607408523258750,1607408523878291,gpu_delivered,622000,91793,0,0,0,4.2687170207500458e-06,,,,,none
993,989,1607408523878291,1607408524019458,1607408524630666,1607408525211624,gpu_delivered,611208,141167,0,0,0,3.0547380447387695e-06,,,,,none
994,990,1607408525211624,1607408525510750,1607408526103083,1607408526544957,gpu_delivered,592333,299126,0,0,0,9.4792339950799942e-06,,,,,none
995,991,1607408526544957,1607408526770541,1607408527368208,1607408527878291,gpu_delivered,597667,225584,0,0,0,4.0084123611450195e-06,,,,,none
996,992,1607408527878291,1607408527908291,1607408528556500,1607408529211624,gpu_delivered,648209,30000,0,0,0,1.4483928680419922e-05,,,,,none
997,993,1607408529211624,1607408529555208,1607408530177875,1607408530544957,gpu_delivered,622667,343584,0,0,0,3.2782554626464844e-06,,,,,none
998,994,1607408530544957,1607408530740291,1607408531337208,1607408531878291,gpu_delivered,596917,195334,0,0,0,1.2964010238647461e-06,,,,,none
999,995,1607408531878291,1607408532152583,1607408532732875,1607408533211624,gpu_delivered,580292,274292,0,0,0,1.1019408702850342e-05,,,,,none
1000,996,1607408533211624,1607408533283333,1607408533938500,1607408534544957,gpu_delivered,655167,71709,0,0,0,5.938112735748291e-06,,,,,none
1001,997,1607408534544957,1607408534860666,1607408535480833,1607408535878291,gpu_delivered,620167,315709,0,0,0,5.9343874454498291e-06,,,,,none
1002,998,1607408535878291,1607408536115041,1607408536740625,1607408537211624,gpu_delivered,625584,236750,0,0,0,6.8247318267822266e-06,,,,,none
1003,999,1607408537211624,1607408537455166,1607408538078666,1607408538544957,gpu_delivered,623500,243542,0,0,0,1.993030309677124e-06,,,,,none
1004,1000,1607408538544957,1607408538785250,1607408539395208,1607408539878291,gpu_delivered,609958,240293,0,0,0,1.4722347259521484e-05,,,,,none
1005,1001,1607408539878291,1607408540125416,1607408540744416,1607408541211624,gpu_delivered,619000,247125,0,0,0,7.5995922088623047e-06,,,,,none
1006,1002,1607408541211624,1607408541457541,1607408542213541,1607408542544957,gpu_delivered,756000,245917,0,0,0,1.8179416656494141e-06,,,,,none
1007,1003,1607408542544957,1607408542724458,1607408543419333,1607408543878291,gpu_delivered,694875,179501,0,0,0,7.9870223999023438e-06,,,,,none
1008,1004,1607408543878291,1607408544120291,1607408544777166,1607408545211624,gpu_delivered,656875,242000,0,0,0,1.6510486602783203e-05,,,,,none
1009,1005,1607408545211624,1607408545442000,1607408546062083,1607408546544957,gpu_delivered,620083,230376,0,0,0,3.3080577850341797e-06,,,,,none
1010,1006,1607408546544957,1607408546792583,1607408547399333,1607408547878291,gpu_delivered,606750,247626,0,0,0,3.0994415283203125e-06,,,,,none
1011,1007,1607408547878291,1607408548127750,1607408548726958,1607408549211624,gpu_delivered,599208,249459,0,0,0,1.7732381820678711e-06,,,,,none
1012,1008,1607408549211624,1607408549458416,1607408550070958,1607408550544957,gpu_delivered,612542,246792,0,0,0,5.6475400924682617e-06,,,,,none
1013,1009,1607408550544957,1607408550790875,1607408551436000,1607408551878291,gpu_delivered,645125,245918,0,0,0,7.1674585342407227e-06,,,,,none
1014,1010,1607408551878291,1607408552113500,1607408552771625,1607408553211624,gpu_delivered,658125,235209,0,0,0,2.8926879167556763e-06,,,,,none
1015,1011,1607408553211624,1607408553443875,1607408554041416,1607408554544957,gpu_delivered,597541,232251,0,0,0,3.8444995880126953e-06,,,,,none
1016,1012,1607408554544957,1607408554806375,1607408555417250,1607408555878291,gpu_delivered,610875,261418,0,0,0,1.0922551155090332e-05,,,,,none
1017,1013,1607408555878291,1607408556116833,1607408556747666,1607408557211624,gpu_delivered,630833,238542,0,0,0,2.7343630790710449e-06,,,,,none
1018,1014,1607408557211624,1607408557417125,1607408558050208,1607408558544957,gpu_delivered,633083,205501,0,0,0,3.8519501686096191e-06,,,,,none
1019,1015,1607408558544957,1607408558805000,1607408559513000,1607408559878291,gpu_delivered,708000,260043,0,0,0,6.2733888626098633e-06,,,,,none
1020,1016,1607408559878291,1607408560074458,1607408560688500,1607408561211624,gpu_delivered,614042,196167,0,0,0,1.2531876564025879e-05,,,,,none
1021,1017,1607408561211624,1607408561480500,1607408562143250,1607408562544957,gpu_delivered,662750,268876,0,0,0,6.1094760894775391e-06,,,,,none
1022,1018,1607408562544957,1607408562756958,1607408563394166,1607408563878291,gpu_delivered,637208,212001,0,0,0,2.7343630790710449e-06,,,,,none
1023,1019,1607408563878291,1607408564133166,1607408564722958,1607408565211624,gpu_delivered,589792,254875,0,0,0,2.5928020477294922e-06,,,,,none
1024,1020,1607408565211624,1607408565461291,1607408566047583,1607408566544957,gpu_delivered,586292,249667,0,0,0,8.0168247222900391e-06,,,,,none
1025,1021,1607408566544957,1607408566685041,1607408567476083,1607408567878291,gpu_delivered,791042,140084,0,0,0,9.1567635536193848e-06,,,,,none
1026,1022,1607408567878291,1607408568090250,1607408568731333,1607408569211624,gpu_delivered,641083,211959,0,0,0,4.6789646148681641e-06,,,,,none
1027,1023,1607408569211624,1607408569475041,1607408570079208,1607408570544957,gpu_delivered,604167,263417,0,0,0,2.8759241104125977e-06,,,,,none
1028,1024,1607408570544957,1607408570793250,1607408571399458,1607408571878291,gpu_delivered,606208,248293,0,0,0,4.6552158892154694e-06,,,,,none
1029,1025,1607408571878291,1607408572127458,1607408572749541,1607408573211624,gpu_delivered,622083,249167,0,0,0,5.3942203521728516e-06,,,,,none
1030,1026,1607408573211624,1607408573462166,1607408574169458,1607408574544957,gpu_delivered,707292,250542,0,0,0,5.8114528656005859e-07,,,,,none
1031,1027,1607408574544957,1607408574744583,1607408575344791,1607408575878291,gpu_delivered,600208,199626,0,0,0,2.1010637283325195e-06,,,,,none
1032,1028,1607408575878291,1607408576061250,1607408576691666,1607408577211624,gpu_delivered,630416,182959,0,0,0,1.1924654245376587e-05,,,,,none
1033,1029,1607408577211624,1607408577477250,1607408578087916,1607408578544957,gpu_delivered,610666,265626,0,0,0,3.4272670745849609e-06,,,,,none
1034,1030,1607408578544957,1607408578780041,1607408579387083,1607408579878291,gpu_delivered,607042,235084,0,0,0,1.8328428268432617e-06,,,,,none
1035,1031,1607408579878291,1607408580132041,1607408580761208,1607408581211624,gpu_delivered,629167,253750,0,0,0,4.6193599700927734e-07,,,,,none
1036,1032,1607408581211624,1607408581446583,1607408582049041,1607408582544957,gpu_delivered,602458,234959,0,0,0,7.0631504058837891e-06,,,,,none
1037,1033,1607408582544957,1607408582802708,1607408583413833,1607408583878291,gpu_delivered,611125,257751,0,0,0,4.3846666812896729e-06,,,,,none
1038,1034,1607408583878291,1607408584119375,1607408584731041,1607408585211624,gpu_delivered,611666,241084,0,0,0,1.6838312149047852e-06,,,,,none
1039,1035,1607408585211624,1607408585462916,1607408586063416,1607408586544957,gpu_delivered,600500,251292,0,0,0,2.2798776626586914e-06,,,,,none
1040,1036,1607408586544957,1607408586799500,1607408587462750,1607408587878291,gpu_delivered,663250,254543,0,0,0,6.2584877014160156e-06,,,,,none
1041,1037,1607408587878291,1607408588092458,1607408588715833,1607408589211624,gpu_delivered,623375,214167,0,0,0,4.120171070098877e-06,,,,,none
1042,1038,1607408589211624,1607408589464708,1607408590153875,1607408590544957,gpu_delivered,689167,253084,0,0,0,2.2351741790771484e-06,,,,,none
1043,1039,1607408590544957,1607408590751291,1607408591402500,1607408591878291,gpu_delivered,651209,206334,0,0,0,3.0547380447387695e-06,,,,,none
1044,1040,1607408591878291,1607408592124708,1607408592750541,1607408593211624,gpu_delivered,625833,246417,0,0,0,2.8312206268310547e-06,,,,,none
1045,1041,1607408593211624,1607408593448416,1607408594088583,1607408594544957,gpu_delivered,640167,236792,0,0,0,8.7618827819824219e-06,,,,,none
1046,1042,1607408594544957,1607408594779666,1607408595438500,1607408595878291,gpu_delivered,658834,234709,0,0,0,1.5497207641601562e-06,,,,,none
1047,1043,1607408595878291,1607408596102541,1607408596742125,1607408597211624,gpu_delivered,639584,224250,0,0,0,2.8014183044433594e-06,,,,,none
1048,1044,1607408597211624,1607408597455000,1607408598110833,1607408598544957,gpu_delivered,655833,243376,0,0,0,6.3106417655944824e-06,,,,,none
1049,1045,1607408598544957,1607408598769833,1607408599427458,1607408599878291,gpu_delivered,657625,224876,0,0,0,1.0877847671508789e-05,,,,,none
1050,1046,1607408599878291,1607408600118583,1607408600754541,1607408601211624,gpu_delivered,635958,240292,0,0,0,6.2137842178344727e-06,,,,,none
1051,1047,1607408601211624,1607408601449583,1607408602089166,1607408602544957,gpu_delivered,639583,237959,0,0,0,5.2303075790405273e-06,,,,,none
1052,1048,1607408602544957,1607408602777875,1607408603413083,1607408603878291,gpu_delivered,635208,232918,0,0,0,7.107853889465332e-06,,,,,none
1053,1049,1607408603878291,1607408604119333,1607408604768791,1607408605211624,gpu_delivered,649458,241042,0,0,0,1.0967254638671875e-05,,,,,none
1054,1050,1607408605211624,1607408605441166,1607408606092875,1607408606544957,gpu_delivered,651709,229542,0,0,0,2.7725473046302795e-06,,,,,none
1055,1051,1607408606544957,1607408606778375,1607408607422166,1607408607878291,gpu_delivered,643791,233418,0,0,0,2.5890767574310303e-06,,,,,none
1056,1052,1607408607878291,1607408608113416,1607408608750250,1607408609211624,gpu_delivered,636834,235125,0,0,0,4.3287873268127441e-06,,,,,none
1057,1053,1607408609211624,1607408609446666,1607408610098541,1607408610544957,gpu_delivered,651875,235042,0,0,0,5.079200491309166e-06,,,,,none
1058,1054,1607408610544957,1607408610782750,1607408611441625,1607408611878291,gpu_delivered,658875,237793,0,0,0,4.0084123611450195e-06,,,,,none
1059,1055,1607408611878291,1607408612107375,1607408612742958,1607408613211624,gpu_delivered,635583,229084,0,0,0,8.3446502685546875e-07,,,,,none
1060,1056,1607408613211624,1607408613450291,1607408614074250,1607408614544957,gpu_delivered,623959,238667,0,0,0,5.289912223815918e-06,,,,,none
1061,1057,1607408614544957,1607408614789083,1607408615417041,1607408615878291,gpu_delivered,627958,244126,0,0,0,5.2601099014282227e-06,,,,,none
1062,1058,1607408615878291,1607408616021500,1607408616690958,1607408617211624,gpu_delivered,669458,143209,0,0,0,4.0363520383834839e-06,,,,,none
1063,1059,1607408617211624,1607408617486500,1607408618149458,1607408618544957,gpu_delivered,662958,274876,0,0,0,1.4379620552062988e-06,,,,,none
1064,1060,1607408618544957,1607408618748333,1607408619374458,1607408619878291,gpu_delivered,626125,203376,0,0,0,4.3213367462158203e-06,,,,,none
1065,1061,1607408619878291,1607408620067291,1607408620704541,1607408621211624,gpu_delivered,637250,189000,0,0,0,1.0605901479721069e-05,,,,,none
1066,1062,1607408621211624,1607408621243041,1607408621869666,1607408622544957,gpu_delivered,626625,31417,0,0,0,2.3692846298217773e-06,,,,,none
1067,1063,1607408622544957,1607408622892875,1607408623507916,1607408623878291,gpu_delivered,615041,347918,0,0,0,1.0907649993896484e-05,,,,,none
1068,1064,1607408623878291,1607408623941250,1607408624603083,1607408625211624,gpu_delivered,661833,62959,0,0,0,2.5779008865356445e-06,,,,,none
1069,1065,1607408625211624,1607408625527208,1607408626143583,1607408626544957,gpu_delivered,616375,315584,0,0,0,6.4969062805175781e-06,,,,,none
1070,1066,1607408626544957,1607408626601791,1607408627235791,1607408627878291,gpu_delivered,634000,56834,0,0,0,4.9640366341918707e-06,,,,,none
1071,1067,1607408627878291,1607408628210750,1607408628844625,1607408629211624,gpu_delivered,633875,332459,0,0,0,4.3660402297973633e-06,,,,,none
1072,1068,1607408629211624,1607408629404500,1607408630052750,1607408630544957,gpu_delivered,648250,192876,0,0,0,1.7583370208740234e-06,,,,,none
1073,1069,1607408630544957,1607408630802666,1607408631438041,1607408631878291,gpu_delivered,635375,257709,0,0,0,9.3728303909301758e-06,,,,,none
1074,1070,1607408631878291,1607408632112250,1607408632853500,1607408633211624,gpu_delivered,741250,233959,0,0,0,5.5208802223205566e-06,,,,,none
1075,1071,1607408633211624,1607408633400708,1607408634056500,1607408634544957,gpu_delivered,655792,189084,0,0,0,5.525536835193634e-06,,,,,none
1076,1072,1607408634544957,1607408634803791,1607408635455375,1607408635878291,gpu_delivered,651584,258834,0,0,0,1.0430812835693359e-06,,,,,none
1077,1073,1607408635878291,1607408636096666,1607408636752791,1607408637211624,gpu_delivered,656125,218375,0,0,0,5.1409006118774414e-07,,,,,none
1078,1074,1607408637211624,1607408637449541,1607408638126916,1607408638544957,gpu_delivered,677375,237917,0,0,0,5.5134296417236328e-06,,,,,none
1079,1075,1607408638544957,1607408638763500,1607408639390958,1607408639878291,gpu_delivered,627458,218543,0,0,0,3.5464763641357422e-06,,,,,none
1080,1076,1607408639878291,1607408640036625,1607408640689041,1607408641211624,gpu_delivered,652416,158334,0,0,0,1.1585652828216553e-06,,,,,none
1081,1077,1607408641211624,1607408641477791,1607408642117541,1607408642544957,gpu_delivered,639750,266167,0,0,0,6.6086649894714355e-06,,,,,none
1082,1078,1607408642544957,1607408642762666,1607408643394625,1607408643878291,gpu_delivered,631959,217709,0,0,0,7.1227550506591797e-06,,,,,none
1083,1079,1607408643878291,1607408644126791,1607408644771625,1607408645211624,gpu_delivered,644834,248500,0,0,0,4.246830940246582e-07,,,,,none
1084,1080,1607408645211624,1607408645349750,1607408645995041,1607408646544957,gpu_delivered,645291,138126,0,0,0,1.5385448932647705e-06,,,,,none
1085,1081,1607408646544957,1607408646832791,1607408647478041,1607408647878291,gpu_delivered,645250,287834,0,0,0,1.3217329978942871e-05,,,,,none
1086,1082,1607408647878291,1607408648091791,1607408648729125,1607408649211624,gpu_delivered,637334,213500,0,0,0,7.4952840805053711e-06,,,,,none
1087,1083,1607408649211624,1607408649471208,1607408650128791,1607408650544957,gpu_delivered,657583,259584,0,0,0,4.9471855163574219e-06,,,,,none
1088,1084,1607408650544957,1607408650761458,1607408651381083,1607408651878291,gpu_delivered,619625,216501,0,0,0,2.0600855350494385e-06,,,,,none
1089,1085,1607408651878291,1607408652137416,1607408652777583,1607408653211624,gpu_delivered,640167,259125,0,0,0,3.5166740417480469e-06,,,,,none
1090,1086,1607408653211624,1607408653436583,1607408654075375,1607408654544957,gpu_delivered,638792,224959,0,0,0,1.6063451766967773e-05,,,,,none
1091,1087,1607408654544957,1607408654786625,1607408655459875,1607408655878291,gpu_delivered,673250,241668,0,0,0,8.4936618804931641e-07,,,,,none
1092,1088,1607408655878291,1607408656101375,1607408656726583,1607408657211624,gpu_delivered,625208,223084,0,0,0,9.1791152954101562e-06,,,,,none
1093,1089,1607408657211624,1607408657458458,1607408658076083,1607408658544957,gpu_delivered,617625,246834,0,0,0,1.6033649444580078e-05,,,,,none
1094,1090,1607408658544957,1607408658572166,1607408659205458,1607408659878291,gpu_delivered,633292,27209,0,0,0,4.2021274566650391e-06,,,,,none
1095,1091,1607408659878291,1607408660221166,1607408660853541,1607408661211624,gpu_delivered,632375,342875,0,0,0,6.2510371208190918e-06,,,,,none
1096,1092,1607408661211624,1607408661403958,1607408662049291,1607408662544957,gpu_delivered,645333,192334,0,0,0,4.5225024223327637e-06,,,,,none
1097,1093,1607408662544957,1607408662783541,1607408663413875,1607408663878291,gpu_delivered,630334,238584,0,0,0,5.1558017730712891e-06,,,,,none
1098,1094,1607408663878291,1607408664103666,1607408664741500,1607408665211624,gpu_delivered,637834,225375,0,0,0,4.4703483581542969e-06,,,,,none
1099,1095,1607408665211624,1607408665450166,1607408666076916,1607408666544957,gpu_delivered,626750,238542,0,0,0,2.2668391466140747e-06,,,,,none
1100,1096,1607408666544957,1607408666785125,1607408667444333,1607408667878291,gpu_delivered,659208,240168,0,0,0,4.5299530029296875e-06,,,,,none
1101,1097,1607408667878291,1607408668111500,1607408668772291,1607408669211624,gpu_delivered,660791,233209,0,0,0,1.3649463653564453e-05,,,,,none
1102,1098,1607408669211624,1607408669438541,1607408670087791,1607408670544957,gpu_delivered,649250,226917,0,0,0,1.3306736946105957e-05,,,,,none
1103,1099,1607408670544957,1607408670800041,1607408671426625,1607408671878291,gpu_delivered,626584,255084,0,0,0,3.3751130104064941e-06,,,,,none
1104,1100,1607408671878291,1607408672118541,1607408672736833,1607408673211624,gpu_delivered,618292,240250,0,0,0,2.3990869522094727e-06,,,,,none
1105,1101,1607408673211624,1607408673244000,1607408673907750,1607408674544957,gpu_delivered,663750,32376,0,0,0,1.4239922165870667e-06,,,,,none
1106,1102,1607408674544957,1607408674786750,1607408675496208,1607408675878291,gpu_delivered,709458,241793,0,0,0,1.1786818504333496e-05,,,,,none
1107,1103,1607408675878291,1607408676050708,1607408676693041,1607408677211624,gpu_delivered,642333,172417,0,0,0,1.8477439880371094e-06,,,,,none
1108,1104,1607408677211624,1607408677476041,1607408678095958,1607408678544957,gpu_delivered,619917,264417,0,0,0,5.5134296417236328e-07,,,,,none
1109,1105,1607408678544957,1607408678669041,1607408679298375,1607408679878291,gpu_delivered,629334,124084,0,0,0,9.492039680480957e-06,,,,,none
1110,1106,1607408679878291,1607408680172166,1607408680788791,1607408681211624,gpu_delivered,616625,293875,0,0,0,5.7592988014221191e-06,,,,,none
1111,1107,1607408681211624,1607408681354166,1607408681998291,1607408682544957,gpu_delivered,644125,142542,0,0,0,3.8444995880126953e-06,,,,,none
1112,1108,1607408682544957,1607408682828833,1607408683527416,1607408683878291,gpu_delivered,698583,283876,0,0,0,3.1851232051849365e-07,,,,,none
1113,1109,1607408683878291,1607408684065875,1607408684718541,1607408685211624,gpu_delivered,652666,187584,0,0,0,4.4107437133789062e-06,,,,,none
1114,1110,1607408685211624,1607408685466750,1607408686090333,1607408686544957,gpu_delivered,623583,255126,0,0,0,9.5665454864501953e-06,,,,,none
1115,1111,1607408686544957,1607408686627291,1607408687282291,1607408687878291,gpu_delivered,655000,82334,0,0,0,7.800757884979248e-06,,,,,none
1116,1112,1607408687878291,1607408688180416,1607408688809375,1607408689211624,gpu_delivered,628959,302125,0,0,0,3.7861900636926293e-06,,,,,none
1117,1113,1607408689211624,1607408689416416,1607408690045291,1607408690544957,gpu_delivered,628875,204792,0,0,0,4.2766332626342773e-06,,,,,none
1118,1114,1607408690544957,1607408690799083,1607408691441166,1607408691878291,gpu_delivered,642083,254126,0,0,0,8.5756182670593262e-06,,,,,none
1119,1115,1607408691878291,1607408692105416,1607408692766916,1607408693211624,gpu_delivered,661500,227125,0,0,0,3.1888484954833984e-06,,,,,none
1120,1116,1607408693211624,1607408693439416,1607408694072416,1607408694544957,gpu_delivered,633000,227792,0,0,0,8.2924962043762207e-06,,,,,none
1121,1117,1607408694544957,1607408694786375,1607408695400541,1607408695878291,gpu_delivered,614166,241418,0,0,0,3.2037496566772461e-06,,,,,none
1122,1118,1607408695878291,1607408695961791,1607408696593541,1607408697211624,gpu_delivered,631750,83500,0,0,0,3.9637088775634766e-06,,,,,none
1123,1119,1607408697211624,1607408697413083,1607408698042250,1607408698544957,gpu_delivered,629167,201459,0,0,0,8.5532665252685547e-06,,,,,none
1124,1120,1607408698544957,1607408698800041,1607408699407375,1607408699878291,gpu_delivered,607334,255084,0,0,0,1.6689300537109375e-06,,,,,none
1125,1121,1607408699878291,1607408700118625,1607408700741041,1607408701211624,gpu_delivered,622416,240334,0,0,0,2.7716159820556641e-06,,,,,none
1126,1122,1607408701211624,1607408701452833,1607408702202041,1607408702544957,gpu_delivered,749208,241209,0,0,0,2.6749446988105774e-05,,,,,none
1127,1123,1607408702544957,1607408702726666,1607408703411125,1607408703878291,gpu_delivered,684459,181709,0,0,0,4.0382146835327148e-06,,,,,none
1128,1124,1607408703878291,1607408704126666,1607408704753416,1607408705211624,gpu_delivered,626750,248375,0,0,0,5.0663948059082031e-07,,,,,none
1129,1125,1607408705211624,1607408705323000,1607408705961541,1607408706544957,gpu_delivered,638541,111376,0,0,0,1.8328428268432617e-06,,,,,none
1130,1126,1607408706544957,1607408706841125,1607408707468416,1607408707878291,gpu_delivered,627291,296168,0,0,0,1.862645149230957e-06,,,,,none
1131,1127,1607408707878291,1607408708087375,1607408708710375,1607408709211624,gpu_delivered,623000,209084,0,0,0,7.7933073043823242e-06,,,,,none
1132,1128,1607408709211624,1607408709400625,1607408710186083,1607408710544957,gpu_delivered,785458,189001,0,0,0,2.1159648895263672e-06,,,,,none
1133,1129,1607408710544957,1607408710739666,1607408711442166,1607408711878291,gpu_delivered,702500,194709,0,0,0,1.1026859283447266e-06,,,,,none
1134,1130,1607408711878291,1607408712106250,1607408712786958,1607408713211624,gpu_delivered,680708,227959,0,0,0,5.5655837059020996e-06,,,,,none
1135,1131,1607408713211624,1607408713429416,1607408714075375,1607408714544957,gpu_delivered,645959,217792,0,0,0,1.1861324310302734e-05,,,,,none
1136,1132,1607408714544957,1607408714783833,1607408715416958,1607408715878291,gpu_delivered,633125,238876,0,0,0,1.8179416656494141e-06,,,,,none
1137,1133,1607408715878291,1607408716038041,1607408716683625,1607408717211624,gpu_delivered,645584,159750,0,0,0,2.0116567611694336e-06,,,,,none
1138,1134,1607408717211624,1607408717486666,1607408718126166,1607408718544957,gpu_delivered,639500,275042,0,0,0,9.8347663879394531e-06,,,,,none
1139,1135,1607408718544957,1607408718758375,1607408719379291,1607408719878291,gpu_delivered,620916,213418,0,0,0,2.2500753402709961e-05,,,,,none
1140,1136,1607408719878291,1607408720131708,1607408720751541,1607408721211624,gpu_delivered,619833,253417,0,0,0,1.5795230865478516e-06,,,,,none
1141,1137,1607408721211624,1607408721445250,1607408722076583,1607408722544957,gpu_delivered,631333,233626,0,0,0,2.1159648895263672e-06,,,,,none
1142,1138,1607408722544957,1607408722782541,1607408723420750,1607408723878291,gpu_delivered,638209,237584,0,0,0,1.0907649993896484e-05,,,,,none
1143,1139,1607408723878291,1607408724021875,1607408724668250,1607408725211624,gpu_delivered,646375,143584,0,0,0,1.640617847442627e-05,,,,,none
1144,1140,1607408725211624,1607408725489333,1607408726144125,1607408726544957,gpu_delivered,654792,277709,0,0,0,4.2021274566650391e-06,,,,,none
1145,1141,1607408726544957,1607408726750375,1607408727425541,1607408727878291,gpu_delivered,675166,205418,0,0,0,6.8843364715576172e-06,,,,,none
1146,1142,1607408727878291,1607408728117208,1607408728760666,1607408729211624,gpu_delivered,643458,238917,0,0,0,7.0761889219284058e-06,,,,,none
1147,1143,1607408729211624,1607408729311208,1607408729987000,1607408730544957,gpu_delivered,675792,99584,0,0,0,1.0699033737182617e-05,,,,,none
1148,1144,1607408730544957,1607408730830791,1607408731499166,1607408731878291,gpu_delivered,668375,285834,0,0,0,3.5762786865234375e-06,,,,,none
1149,1145,1607408731878291,1607408731907125,1607408732607333,1607408733211624,gpu_delivered,700208,28834,0,0,0,1.8253922462463379e-06,,,,,none
1150,1146,1607408733211624,1607408733526500,1607408734167708,1607408734544957,gpu_delivered,641208,314876,0,0,0,5.5879354476928711e-06,,,,,none
1151,1147,1607408734544957,1607408734746291,1607408735410625,1607408735878291,gpu_delivered,664334,201334,0,0,0,1.7151236534118652e-05,,,,,none
1152,1148,1607408735878291,1607408736125541,1607408736775583,1607408737211624,gpu_delivered,650042,247250,0,0,0,5.7779252529144287e-06,,,,,none
1153,1149,1607408737211624,1607408737245166,1607408737894500,1607408738544957,gpu_delivered,649334,33542,0,0,0,6.0349702835083008e-07,,,,,none
1154,1150,1607408738544957,1607408738884416,1607408739542083,1607408739878291,gpu_delivered,657667,339459,0,0,0,1.1295080184936523e-05,,,,,none
1155,1151,1607408739878291,1607408739951208,1607408740572958,1607408741211624,gpu_delivered,621750,72917,0,0,0,8.150935173034668e-06,,,,,none
1156,1152,1607408741211624,1607408741536875,1607408742178708,1607408742544957,gpu_delivered,641833,325251,0,0,0,4.5299530029296875e-06,,,,,none
1157,1153,1607408742544957,1607408742742333,1607408743588791,1607408743878291,gpu_delivered,846458,197376,0,0,0,4.5355409383773804e-07,,,,,none
1158,1154,1607408743878291,1607408744033166,1607408744728750,1607408745211624,gpu_delivered,695584,154875,0,0,0,7.7486038208007812e-06,,,,,none
1159,1155,1607408745211624,1607408745468666,1607408746123583,1607408746544957,gpu_delivered,654917,257042,0,0,0,1.5750527381896973e-05,,,,,none
1160,1156,1607408746544957,1607408746768708,1607408747437875,1607408747878291,gpu_delivered,669167,223751,0,0,0,1.0132789611816406e-06,,,,,none
1161,1157,1607408747878291,1607408748107791,1607408748731958,1607408749211624,gpu_delivered,624167,229500,0,0,0,4.1816383600234985e-07,,,,,none
1162,1158,1607408749211624,1607408749457375,1607408750115625,1607408750544957,gpu_delivered,658250,245751,0,0,0,6.1094760894775391e-06,,,,,none
1163,1159,1607408750544957,1607408750769500,1607408751386916,1607408751878291,gpu_delivered,617416,224543,0,0,0,1.1533498764038086e-05,,,,,none
1164,1160,1607408751878291,1607408752129333,1607408752752333,1607408753211624,gpu_delivered,623000,251042,0,0,0,4.7385692596435547e-06,,,,,none
1165,1161,1607408753211624,1607408753301958,1607408753932000,1607408754544957,gpu_delivered,630042,90334,0,0,0,8.5532665252685547e-06,,,,,none
1166,1162,1607408754544957,1607408754858000,1607408755526000,1607408755878291,gpu_delivered,668000,313043,0,0,0,2.7269124984741211e-06,,,,,none
1167,1163,1607408755878291,1607408756063791,1607408756693583,1607408757211624,gpu_delivered,629792,185500,0,0,0,3.8743019104003906e-06,,,,,none
1168,1164,1607408757211624,1607408757474000,1607408758110666,1607408758544957,gpu_delivered,636666,262376,0,0,0,7.584691047668457e-06,,,,,none
1169,1165,1607408758544957,1607408758771791,1607408759400666,1607408759878291,gpu_delivered,628875,226834,0,0,0,8.4638595581054688e-06,,,,,none
1170,1166,1607408759878291,1607408760122000,1607408760736166,1607408761211624,gpu_delivered,614166,243709,0,0,0,6.9737434387207031e-06,,,,,none
1171,1167,1607408761211624,1607408761323791,1607408761961166,1607408762544957,gpu_delivered,637375,112167,0,0,0,9.0021640062332153e-06,,,,,none
1172,1168,1607408762544957,1607408762849833,1607408763496166,1607408763878291,gpu_delivered,646333,304876,0,0,0,3.2112002372741699e-06,,,,,none
1173,1169,1607408763878291,1607408764078916,1607408764714416,1607408765211624,gpu_delivered,635500,200625,0,0,0,4.8279762268066406e-06,,,,,none
1174,1170,1607408765211624,1607408765468375,1607408766089750,1607408766544957,gpu_delivered,621375,256751,0,0,0,1.5869736671447754e-06,,,,,none
1175,1171,1607408766544957,1607408766781208,1607408767413208,1607408767878291,gpu_delivered,632000,236251,0,0,0,4.5299530029296875e-06,,,,,none
1176,1172,1607408767878291,1607408768118500,1607408768818708,1607408769211624,gpu_delivered,700208,240209,0,0,0,1.0084360837936401e-05,,,,,none
1177,1173,1607408769211624,1607408769419875,1607408770131625,1607408770544957,gpu_delivered,711750,208251,0,0,0,1.2814998626708984e-06,,,,,none
1178,1174,1607408770544957,1607408770781791,1607408771466166,1607408771878291,gpu_delivered,684375,236834,0,0,0,1.4007091522216797e-06,,,,,none
1179,1175,1607408771878291,1607408772003708,1607408772632583,1607408773211624,gpu_delivered,628875,125417,0,0,0,1.4126300811767578e-05,,,,,none
1180,1176,1607408773211624,1607408773511458,1607408774144875,1607408774544957,gpu_delivered,633417,299834,0,0,0,5.3346157073974609e-06,,,,,none
1181,1177,1607408774544957,1607408774750000,1607408775399291,1607408775878291,gpu_delivered,649291,205043,0,0,0,1.1164695024490356e-05,,,,,none
1182,1178,1607408775878291,1607408776123583,1607408776784166,1607408777211624,gpu_delivered,660583,245292,0,0,0,2.1755695343017578e-06,,,,,none
1183,1179,1607408777211624,1607408777438583,1607408778081875,1607408778544957,gpu_delivered,643292,226959,0,0,0,5.3346157073974609e-06,,,,,none
1184,1180,1607408778544957,1607408778782041,1607408779432875,1607408779878291,gpu_delivered,650834,237084,0,0,0,1.2442469596862793e-05,,,,,none
1185,1181,1607408779878291,1607408780106583,1607408780743833,1607408781211624,gpu_delivered,637250,228292,0,0,0,4.3958425521850586e-07,,,,,none
1186,1182,1607408781211624,1607408781451333,1607408782080666,1607408782544957,gpu_delivered,629333,239709,0,0,0,2.2724270820617676e-06,,,,,none
1187,1183,1607408782544957,1607408782783208,1607408783413458,1607408783878291,gpu_delivered,630250,238251,0,0,0,3.4272670745849609e-06,,,,,none
1188,1184,1607408783878291,1607408784114625,1607408784772458,1607408785211624,gpu_delivered,657833,236334,0,0,0,2.0682811737060547e-05,,,,,none
1189,1185,1607408785211624,1607408785446083,1607408786080833,1607408786544957,gpu_delivered,634750,234459,0,0,0,1.3411045074462891e-06,,,,,none
1190,1186,1607408786544957,1607408786790000,1607408787417416,1607408787878291,gpu_delivered,627416,245043,0,0,0,5.4687261581420898e-06,,,,,none
1191,1187,1607408787878291,1607408788113166,1607408788754500,1607408789211624,gpu_delivered,641334,234875,0,0,0,4.4703483581542969e-06,,,,,none
1192,1188,1607408789211624,1607408789335500,1607408789983583,1607408790544957,gpu_delivered,648083,123876,0,0,0,4.2319297790527344e-06,,,,,none
1193,1189,1607408790544957,1607408790835166,1607408791464708,1607408791878291,gpu_delivered,629542,290209,0,0,0,4.2533501982688904e-06,,,,,none
1194,1190,1607408791878291,1607408792099083,1607408792732333,1607408793211624,gpu_delivered,633250,220792,0,0,0,1.0024959919974208e-05,,,,,none
1195,1191,1607408793211624,1607408793273000,1607408793917375,1607408794544957,gpu_delivered,644375,61376,0,0,0,3.4272670745849609e-06,,,,,none
1196,1192,1607408794544957,1607408794872333,1607408795508541,1607408795878291,gpu_delivered,636208,327376,0,0,0,1.2263655662536621e-05,,,,,none
1197,1193,1607408795878291,1607408796067791,1607408796707166,1607408797211624,gpu_delivered,639375,189500,0,0,0,4.6342611312866211e-06,,,,,none
1198,1194,1607408797211624,1607408797469666,1607408798124375,1607408798544957,gpu_delivered,654709,258042,0,0,0,1.4832243323326111e-05,,,,,none
1199,1195,1607408798544957,1607408798726125,1607408799387666,1607408799878291,gpu_delivered,661541,181168,0,0,0,4.9136579036712646e-06,,,,,none
1200,1196,1607408799878291,1607408800129958,1607408800758250,1607408801211624,gpu_delivered,628292,251667,0,0,0,1.4483928680419922e-05,,,,,none
1201,1197,1607408801211624,1607408801442375,1607408802094791,1607408802544957,gpu_delivered,652416,230751,0,0,0,4.5001506805419922e-06,,,,,none
1202,1198,1607408802544957,1607408802782416,1607408803421958,1607408803878291,gpu_delivered,639542,237459,0,0,0,2.7865171432495117e-06,,,,,none
1203,1199,1607408803878291,1607408804118750,1607408804768500,1607408805211624,gpu_delivered,649750,240459,0,0,0,4.8279762268066406e-06,,,,,none
1204,1200,1607408805211624,1607408805440375,1607408806098833,1607408806544957,gpu_delivered,658458,228751,0,0,0,1.0594725608825684e-05,,,,,none
1205,1201,1607408806544957,1607408806560541,1607408807243541,1607408807878291,gpu_delivered,683000,15584,0,0,0,3.2186508178710938e-06,,,,,none
1206,1202,1607408807878291,1607408808208000,1607408808940875,1607408809211624,gpu_delivered,732875,329709,0,0,0,6.7800283432006836e-07,,,,,none
1207,1203,1607408809211624,1607408809360750,1607408810036000,1607408810544957,gpu_delivered,675250,149126,0,0,0,4.3511390686035156e-06,,,,,none
1208,1204,1607408810544957,1607408810809833,1607408811508375,1607408811878291,gpu_delivered,698542,264876,0,0,0,9.0003013610839844e-06,,,,,none
1209,1205,1607408811878291,1607408812035000,1607408812708291,1607408813211624,gpu_delivered,673291,156709,0,0,0,3.2531097531318665e-06,,,,,none
1210,1206,1607408813211624,1607408813474541,1607408814124916,1607408814544957,gpu_delivered,650375,262917,0,0,0,2.9802322387695312e-07,,,,,none
1211,1207,1607408814544957,1607408814769875,1607408815429958,1607408815878291,gpu_delivered,660083,224918,0,0,0,4.246830940246582e-06,,,,,none
1212,1208,1607408815878291,1607408815956916,1607408816634333,1607408817211624,gpu_delivered,677417,78625,0,0,0,1.7192214727401733e-06,,,,,none
1213,1209,1607408817211624,1607408817505458,1607408818151583,1607408818544957,gpu_delivered,646125,293834,0,0,0,3.4924596548080444e-06,,,,,none
1214,1210,1607408818544957,1607408818747083,1607408819415458,1607408819878291,gpu_delivered,668375,202126,0,0,0,8.6799263954162598e-07,,,,,none
1215,1211,1607408819878291,1607408820023708,1607408820827833,1607408821211624,gpu_delivered,804125,145417,0,0,0,6.4969062805175781e-06,,,,,none
1216,1212,1607408821211624,1607408821442250,1607408822066333,1607408822544957,gpu_delivered,624083,230626,0,0,0,4.1723251342773438e-06,,,,,none
1217,1213,1607408822544957,1607408822794166,1607408823443916,1607408823878291,gpu_delivered,649750,249209,0,0,0,2.8386712074279785e-06,,,,,none
1218,1214,1607408823878291,1607408824102000,1607408824752166,1607408825211624,gpu_delivered,650166,223709,0,0,0,3.4607946872711182e-06,,,,,none
1219,1215,1607408825211624,1607408825454791,1607408826182541,1607408826544957,gpu_delivered,727750,243167,0,0,0,3.8295984268188477e-06,,,,,none
1220,1216,1607408826544957,1607408826740083,1607408827404416,1607408827878291,gpu_delivered,664333,195126,0,0,0,1.7024576663970947e-06,,,,,none
1221,1217,1607408827878291,1607408828127416,1607408828784041,1607408829211624,gpu_delivered,656625,249125,0,0,0,4.6938657760620117e-06,,,,,none
1222,1218,1607408829211624,1607408829441250,1607408830253125,1607408830544957,gpu_delivered,811875,229626,0,0,0,6.3758343458175659e-06,,,,,none
1223,1219,1607408830544957,1607408830673166,1607408831334125,1607408831878291,gpu_delivered,660959,128209,0,0,0,1.6093254089355469e-06,,,,,none
1224,1220,1607408831878291,1607408832021416,1607408832826208,1607408833211624,gpu_delivered,804792,143125,0,0,0,4.4405460357666016e-06,,,,,none
1225,1221,1607408833211624,1607408833412083,1607408834099333,1607408834544957,gpu_delivered,687250,200459,0,0,0,4.5001506805419922e-06,,,,,none
1226,1222,1607408834544957,1607408834780000,1607408835489708,1607408835878291,gpu_delivered,709708,235043,0,0,0,6.1765313148498535e-06,,,,,none
1227,1223,1607408835878291,1607408836087000,1607408836731166,1607408837211624,gpu_delivered,644166,208709,0,0,0,5.0067901611328125e-06,,,,,none
1228,1224,1607408837211624,1607408837459750,1607408838112083,1607408838544957,gpu_delivered,652333,248126,0,0,0,8.3893537521362305e-06,,,,,none
1229,1225,1607408838544957,1607408838774333,1607408839422625,1607408839878291,gpu_delivered,648292,229376,0,0,0,8.5011124610900879e-06,,,,,none
1230,1226,1607408839878291,1607408840120333,1607408840770416,1607408841211624,gpu_delivered,650083,242042,0,0,0,4.7981739044189453e-06,,,,,none
1231,1227,1607408841211624,1607408841437333,1607408842257458,1607408842544957,gpu_delivered,820125,225709,0,0,0,4.76837158203125e-06,,,,,none
1232,1228,1607408842544957,1607408842697541,1607408843357125,1607408843878291,gpu_delivered,659584,152584,0,0,0,5.5208802223205566e-06,,,,,none
1233,1229,1607408843878291,1607408844153750,1607408844807125,1607408845211624,gpu_delivered,653375,275459,0,0,0,6.741844117641449e-06,,,,,none
1234,1230,1607408845211624,1607408845428208,1607408846084666,1607408846544957,gpu_delivered,656458,216584,0,0,0,1.1920928955078125e-06,,,,,none
1235,1231,1607408846544957,1607408846645708,1607408847496666,1607408847878291,gpu_delivered,850958,100751,0,0,0,2.0898878574371338e-06,,,,,none
1236,1232,1607408847878291,1607408848076666,1607408848736833,1607408849211624,gpu_delivered,660167,198375,0,0,0,2.5406479835510254e-06,,,,,none
1237,1233,1607408849211624,1607408849453666,1607408850099958,1607408850544957,gpu_delivered,646292,242042,0,0,0,6.3478946685791016e-06,,,,,none
1238,1234,1607408850544957,1607408850783583,1607408851416041,1607408851878291,gpu_delivered,632458,238626,0,0,0,1.2516975402832031e-06,,,,,none
1239,1235,1607408851878291,1607408852114500,1607408852765708,1607408853211624,gpu_delivered,651208,236209,0,0,0,6.6987704485654831e-06,,,,,none
1240,1236,1607408853211624,1607408853449125,1607408854077666,1607408854544957,gpu_delivered,628541,237501,0,0,0,6.6906213760375977e-06,,,,,none
1241,1237,1607408854544957,1607408854788250,1607408855421166,1607408855878291,gpu_delivered,632916,243293,0,0,0,4.6640634536743164e-06,,,,,none
1242,1238,1607408855878291,1607408856110250,1607408856743000,1607408857211624,gpu_delivered,632750,231959,0,0,0,2.8237700462341309e-06,,,,,none
1243,1239,1607408857211624,1607408857449291,1607408858069625,1607408858544957,gpu_delivered,620334,237667,0,0,0,6.8619847297668457e-06,,,,,none
1244,1240,1607408858544957,1607408858558083,1607408859204500,1607408859878291,gpu_delivered,646417,13126,0,0,0,5.3583644330501556e-06,,,,,none
1245,1241,1607408859878291,1607408860227458,1607408860878541,1607408861211624,gpu_delivered,651083,349167,0,0,0,8.7469816207885742e-06,,,,,none
1246,1242,1607408861211624,1607408861388541,1607408862029833,1607408862544957,gpu_delivered,641292,176917,0,0,0,3.5054981708526611e-06,,,,,none
1247,1243,1607408862544957,1607408862556375,1607408863186250,1607408863878291,gpu_delivered,629875,11418,0,0,0,5.9306621551513672e-06,,,,,none
1248,1244,1607408863878291,1607408864227791,1607408864843041,1607408865211624,gpu_delivered,615250,349500,0,0,0,1.2189149856567383e-05,,,,,none
1249,1245,1607408865211624,1607408865401916,1607408866028208,1607408866544957,gpu_delivered,626292,190292,0,0,0,7.066875696182251e-06,,,,,none
1250,1246,1607408866544957,1607408866807416,1607408867454708,1607408867878291,gpu_delivered,647292,262459,0,0,0,3.6358833312988281e-06,,,,,none
1251,1247,1607408867878291,1607408868101750,1607408868719958,1607408869211624,gpu_delivered,618208,223459,0,0,0,2.9951333999633789e-06,,,,,none
1252,1248,1607408869211624,1607408869418250,1607408870040041,1607408870544957,gpu_delivered,621791,206626,0,0,0,4.4554471969604492e-06,,,,,none
1253,1249,1607408870544957,1607408870802750,1607408871417916,1607408871878291,gpu_delivered,615166,257793,0,0,0,5.9008598327636719e-06,,,,,none
1254,1250,1607408871878291,1607408872114541,1607408872765125,1607408873211624,gpu_delivered,650584,236250,0,0,0,4.0531158447265625e-06,,,,,none
1255,1251,1607408873211624,1607408873448500,1607408874068708,1607408874544957,gpu_delivered,620208,236876,0,0,0,9.8347663879394531e-07,,,,,none
1256,1252,1607408874544957,1607408874701375,1607408875531041,1607408875878291,gpu_delivered,829666,156418,0,0,0,2.3916363716125488e-06,,,,,none
1257,1253,1607408875878291,1607408875908500,1607408876592416,1607408877211624,gpu_delivered,683916,30209,0,0,0,1.5243887901306152e-05,,,,,none
1258,1254,1607408877211624,1607408877536625,1607408878285041,1607408878544957,gpu_delivered,748416,325001,0,0,0,2.9858201742172241e-06,,,,,none
1259,1255,1607408878544957,1607408878680250,1607408879314125,1607408879878291,gpu_delivered,633875,135293,0,0,0,1.430511474609375e-06,,,,,none
1260,1256,1607408879878291,1607408880164000,1607408880812416,1607408881211624,gpu_delivered,648416,285709,0,0,0,3.5949051380157471e-06,,,,,none
1261,1257,1607408881211624,1607408881372833,1607408881999250,1607408882544957,gpu_delivered,626417,161209,0,0,0,4.2244791984558105e-06,,,,,none
1262,1258,1607408882544957,1607408882809791,1607408883438625,1607408883878291,gpu_delivered,628834,264834,0,0,0,1.5646219253540039e-06,,,,,none
1263,1259,1607408883878291,1607408884111125,1607408884790375,1607408885211624,gpu_delivered,679250,232834,0,0,0,8.4191560745239258e-07,,,,,none
1264,1260,1607408885211624,1607408885431375,1607408886149458,1607408886544957,gpu_delivered,718083,219751,0,0,0,4.0102750062942505e-06,,,,,none
1265,1261,1607408886544957,1607408886752833,1607408887396666,1607408887878291,gpu_delivered,643833,207876,0,0,0,7.2121620178222656e-06,,,,,none
1266,1262,1607408887878291,1607408888128416,1607408888771375,1607408889211624,gpu_delivered,642959,250125,0,0,0,7.6964497566223145e-06,,,,,none
1267,1263,1607408889211624,1607408889241708,1607408889868041,1607408890544957,gpu_delivered,626333,30084,0,0,0,5.9418380260467529e-06,,,,,none
1268,1264,1607408890544957,1607408890628875,1607408891251958,1607408891878291,gpu_delivered,623083,83918,0,0,0,7.7784061431884766e-06,,,,,none
1269,1265,1607408891878291,1607408892195291,1607408892845875,1607408893211624,gpu_delivered,650584,317000,0,0,0,5.3234398365020752e-06,,,,,none
1270,1266,1607408893211624,1607408893400125,1607408894039916,1607408894544957,gpu_delivered,639791,188501,0,0,0,3.382563591003418e-06,,,,,none
1271,1267,1607408894544957,1607408894801291,1607408895622416,1607408895878291,gpu_delivered,821125,256334,0,0,0,1.7583370208740234e-06,,,,,none
1272,1268,1607408895878291,1607408896013708,1607408896647541,1607408897211624,gpu_delivered,633833,135417,0,0,0,4.7534704208374023e-06,,,,,none
1273,1269,1607408897211624,1607408897269166,1607408897898625,1607408898544957,gpu_delivered,629459,57542,0,0,0,1.7285346984863281e-06,,,,,none
1274,1270,1607408898544957,1607408898871833,1607408899499708,1607408899878291,gpu_delivered,627875,326876,0,0,0,5.9232115745544434e-06,,,,,none
1275,1271,1607408899878291,1607408900072833,1607408900775333,1607408901211624,gpu_delivered,702500,194542,0,0,0,2.8461217880249023e-06,,,,,none
1276,1272,1607408901211624,1607408901441000,1607408902158291,1607408902544957,gpu_delivered,717291,229376,0,0,0,2.86102294921875e-06,,,,,none
1277,1273,1607408902544957,1607408902752375,1607408903422250,1607408903878291,gpu_delivered,669875,207418,0,0,0,1.4200806617736816e-05,,,,,none
1278,1274,1607408903878291,1607408904119416,1607408904765916,1607408905211624,gpu_delivered,646500,241125,0,0,0,5.9129670262336731e-06,,,,,none
1279,1275,1607408905211624,1607408905441083,1607408906084500,1607408906544957,gpu_delivered,643417,229459,0,0,0,2.078711986541748e-06,,,,,none
1280,1276,1607408906544957,1607408906781791,1607408907422666,1607408907878291,gpu_delivered,640875,236834,0,0,0,1.6577541828155518e-06,,,,,none
1281,1277,1607408907878291,1607408908113291,1607408908750250,1607408909211624,gpu_delivered,636959,235000,0,0,0,3.9841979742050171e-06,,,,,none
1282,1278,1607408909211624,1607408909446583,1607408910078750,1607408910544957,gpu_delivered,632167,234959,0,0,0,7.5548887252807617e-06,,,,,none
1283,1279,1607408910544957,1607408910634833,1607408911260375,1607408911878291,gpu_delivered,625542,89876,0,0,0,1.1548399925231934e-06,,,,,none
1284,1280,1607408911878291,1607408912194208,1607408912860625,1607408913211624,gpu_delivered,666417,315917,0,0,0,3.0919909477233887e-06,,,,,none
1285,1281,1607408913211624,1607408913398541,1607408914174125,1607408914544957,gpu_delivered,775584,186917,0,0,0,5.1278620958328247e-06,,,,,none
1286,1282,1607408914544957,1607408914740666,1607408915455750,1607408915878291,gpu_delivered,715084,195709,0,0,0,6.329268217086792e-06,,,,,none
1287,1283,1607408915878291,1607408916101958,1607408916848333,1607408917211624,gpu_delivered,746375,223667,0,0,0,8.9034438133239746e-07,,,,,none
1288,1284,1607408917211624,1607408917404375,1607408918042708,1607408918544957,gpu_delivered,638333,192751,0,0,0,5.7294964790344238e-06,,,,,none
1289,1285,1607408918544957,1607408918805833,1607408919442041,1607408919878291,gpu_delivered,636208,260876,0,0,0,4.5150518417358398e-06,,,,,none
1290,1286,1607408919878291,1607408920101500,1607408920725958,1607408921211624,gpu_delivered,624458,223209,0,0,0,8.8661909103393555e-06,,,,,none
1291,1287,1607408921211624,1607408921458375,1607408922077291,1607408922544957,gpu_delivered,618916,246751,0,0,0,3.6656856536865234e-06,,,,,none
1292,1288,1607408922544957,1607408922782416,1607408923405125,1607408923878291,gpu_delivered,622709,237459,0,0,0,1.0520219802856445e-05,,,,,none
1293,1289,1607408923878291,1607408924118458,1607408924743291,1607408925211624,gpu_delivered,624833,240167,0,0,0,1.3396143913269043e-05,,,,,none
1294,1290,1607408925211624,1607408925449500,1607408926069458,1607408926544957,gpu_delivered,619958,237876,0,0,0,1.0207295417785645e-05,,,,,none
1295,1291,1607408926544957,1607408926627708,1607408927275083,1607408927878291,gpu_delivered,647375,82751,0,0,0,3.2782554626464844e-06,,,,,none
1296,1292,1607408927878291,1607408928192875,1607408928826291,1607408929211624,gpu_delivered,633416,314584,0,0,0,1.8775463104248047e-06,,,,,none
1297,1293,1607408929211624,1607408929242583,1607408929876291,1607408930544957,gpu_delivered,633708,30959,0,0,0,3.8743019104003906e-06,,,,,none
1298,1294,1607408930544957,1607408930884208,1607408931520458,1607408931878291,gpu_delivered,636250,339251,0,0,0,2.8237700462341309e-06,,,,,none
1299,1295,1607408931878291,1607408932061291,1607408932718541,1607408933211624,gpu_delivered,657250,183000,0,0,0,7.6852738857269287e-06,,,,,none
1300,1296,1607408933211624,1607408933469541,1607408934157041,1607408934544957,gpu_delivered,687500,257917,0,0,0,2.1457672119140625e-06,,,,,none
1301,1297,1607408934544957,1607408934751958,1607408935463333,1607408935878291,gpu_delivered,711375,207001,0,0,0,3.7252902984619141e-06,,,,,none
1302,1298,1607408935878291,1607408936096333,1607408936812333,1607408937211624,gpu_delivered,716000,218042,0,0,0,4.7832727432250977e-06,,,,,none
1303,1299,1607408937211624,1607408937421083,1607408938077500,1607408938544957,gpu_delivered,656417,209459,0,0,0,5.4948031902313232e-06,,,,,none
1304,1300,1607408938544957,1607408938790791,1607408939478791,1607408939878291,gpu_delivered,688000,245834,0,0,0,1.1399388313293457e-06,,,,,none
1305,1301,1607408939878291,1607408940084875,1607408940731916,1607408941211624,gpu_delivered,647041,206584,0,0,0,8.3148479461669922e-06,,,,,none
1306,1302,1607408941211624,1607408941456083,1607408942090250,1607408942544957,gpu_delivered,634167,244459,0,0,0,2.0604580640792847e-05,,,,,none
1307,1303,1607408942544957,1607408942777541,1607408943410166,1607408943878291,gpu_delivered,632625,232584,0,0,0,5.7816505432128906e-06,,,,,none
1308,1304,1607408943878291,1607408944119125,1607408944756916,1607408945211624,gpu_delivered,637791,240834,0,0,0,2.2649765014648438e-06,,,,,none
1309,1305,1607408945211624,1607408945443833,1607408946109791,1607408946544957,gpu_delivered,665958,232209,0,0,0,3.3974647521972656e-06,,,,,none
1310,1306,1607408946544957,1607408946766541,1607408947404375,1607408947878291,gpu_delivered,637834,221584,0,0,0,2.7269124984741211e-06,,,,,none
1311,1307,1607408947878291,1607408948119750,1607408948765166,1607408949211624,gpu_delivered,645416,241459,0,0,0,1.1324882507324219e-06,,,,,none
1312,1308,1607408949211624,1607408949438666,1607408950272583,1607408950544957,gpu_delivered,833917,227042,0,0,0,7.0035457611083984e-07,,,,,none
1313,1309,1607408950544957,1607408950692875,1607408951342750,1607408951878291,gpu_delivered,649875,147918,0,0,0,3.8892030715942383e-06,,,,,none
1314,1310,1607408951878291,1607408952032958,1607408952684875,1607408953211624,gpu_delivered,651917,154667,0,0,0,1.8775463104248047e-06,,,,,none
1315,1311,1607408953211624,1607408953486541,1607408954122500,1607408954544957,gpu_delivered,635959,274917,0,0,0,2.3543834686279297e-06,,,,,none
1316,1312,1607408954544957,1607408954761125,1607408955398916,1607408955878291,gpu_delivered,637791,216168,0,0,0,6.2584877014160156e-07,,,,,none
1317,1313,1607408955878291,1607408956130208,1607408956768291,1607408957211624,gpu_delivered,638083,251917,0,0,0,1.055537723004818e-05,,,,,none
1318,1314,1607408957211624,1607408957437083,1607408958073375,1607408958544957,gpu_delivered,636292,225459,0,0,0,4.7087669372558594e-06,,,,,none
1319,1315,1607408958544957,1607408958787041,1607408959427416,1607408959878291,gpu_delivered,640375,242084,0,0,0,2.3618340492248535e-06,,,,,none
1320,1316,1607408959878291,1607408960107916,1607408960739958,1607408961211624,gpu_delivered,632042,229625,0,0,0,1.2964010238647461e-06,,,,,none
1321,1317,1607408961211624,1607408961413125,1607408962042958,1607408962544957,gpu_delivered,629833,201501,0,0,0,6.3441693782806396e-06,,,,,none
1322,1318,1607408962544957,1607408962800166,1607408963450916,1607408963878291,gpu_delivered,650750,255209,0,0,0,2.6151537895202637e-06,,,,,none
1323,1319,1607408963878291,1607408964097083,1607408964752875,1607408965211624,gpu_delivered,655792,218792,0,0,0,5.3271651268005371e-06,,,,,none
1324,1320,1607408965211624,1607408965446375,1607408966077291,1607408966544957,gpu_delivered,630916,234751,0,0,0,2.0861625671386719e-06,,,,,none
1325,1321,1607408966544957,1607408966785916,1607408967506666,1607408967878291,gpu_delivered,720750,240959,0,0,0,1.3411045074462891e-06,,,,,none
1326,1322,1607408967878291,1607408968075333,1607408968720166,1607408969211624,gpu_delivered,644833,197042,0,0,0,7.5250864028930664e-06,,,,,none
1327,1323,1607408969211624,1607408969461291,1607408970079875,1607408970544957,gpu_delivered,618584,249667,0,0,0,6.67572021484375e-06,,,,,none
1328,1324,1607408970544957,1607408970655291,1607408971290000,1607408971878291,gpu_delivered,634709,110334,0,0,0,2.8116628527641296e-06,,,,,none
1329,1325,1607408971878291,1607408972114041,1607408972754166,1607408973211624,gpu_delivered,640125,235750,0,0,0,2.2053718566894531e-06,,,,,none
1330,1326,1607408973211624,1607408973443666,1607408974069583,1607408974544957,gpu_delivered,625917,232042,0,0,0,1.0637566447257996e-05,,,,,none
1331,1327,1607408974544957,1607408974786916,1607408975483208,1607408975878291,gpu_delivered,696292,241959,0,0,0,4.8205256462097168e-06,,,,,none
1332,1328,1607408975878291,1607408976082041,1607408976750500,1607408977211624,gpu_delivered,668459,203750,0,0,0,1.0505318641662598e-06,,,,,none
1333,1329,1607408977211624,1607408977449041,1607408978094208,1607408978544957,gpu_delivered,645167,237417,0,0,0,2.4139881134033203e-06,,,,,none
1334,1330,1607408978544957,1607408978779958,1607408979409333,1607408979878291,gpu_delivered,629375,235001,0,0,0,1.3511627912521362e-05,,,,,none
1335,1331,1607408979878291,1607408980124416,1607408980755583,1607408981211624,gpu_delivered,631167,246125,0,0,0,8.9481472969055176e-06,,,,,none
1336,1332,1607408981211624,1607408981446083,1607408982088291,1607408982544957,gpu_delivered,642208,234459,0,0,0,1.2908130884170532e-06,,,,,none
1337,1333,1607408982544957,1607408982784750,1607408983417708,1607408983878291,gpu_delivered,632958,239793,0,0,0,6.0498714447021484e-06,,,,,none
1338,1334,1607408983878291,1607408984119791,1607408984752083,1607408985211624,gpu_delivered,632292,241500,0,0,0,8.7618827819824219e-06,,,,,none
1339,1335,1607408985211624,1607408985446625,1607408986104250,1607408986544957,gpu_delivered,657625,235001,0,0,0,1.9371509552001953e-06,,,,,none
1340,1336,1607408986544957,1607408986773791,1607408987417708,1607408987878291,gpu_delivered,643917,228834,0,0,0,6.1765313148498535e-06,,,,,none
1341,1337,1607408987878291,1607408988116666,1607408988769250,1607408989211624,gpu_delivered,652584,238375,0,0,0,2.384185791015625e-06,,,,,none
1342,1338,1607408989211624,1607408989444333,1607408990081541,1607408990544957,gpu_delivered,637208,232709,0,0,0,2.9802322387695312e-06,,,,,none
1343,1339,1607408990544957,1607408990782375,1607408991410625,1607408991878291,gpu_delivered,628250,237418,0,0,0,1.1295080184936523e-05,,,,,none
1344,1340,1607408991878291,1607408992120625,1607408992757458,1607408993211624,gpu_delivered,636833,242334,0,0,0,1.1464580893516541e-06,,,,,none
1345,1341,1607408993211624,1607408993447875,1607408994140791,1607408994544957,gpu_delivered,692916,236251,0,0,0,1.6838312149047852e-06,,,,,none
1346,1342,1607408994544957,1607408994761166,1607408995412583,1607408995878291,gpu_delivered,651417,216209,0,0,0,6.5118074417114258e-06,,,,,none
1347,1343,1607408995878291,1607408995913708,1607408996566291,1607408997211624,gpu_delivered,652583,35417,0,0,0,7.323920726776123e-06,,,,,none
1348,1344,1607408997211624,1607408997334375,1607408997977958,1607408998544957,gpu_delivered,643583,122751,0,0,0,5.7220458984375e-06,,,,,none
1349,1345,1607408998544957,1607408998834916,1607408999493583,1607408999878291,gpu_delivered,658667,289959,0,0,0,1.9818544387817383e-06,,,,,none
1350,1346,1607408999878291,1607408999932375,1607409000586416,1607409001211624,gpu_delivered,654041,54084,0,0,0,2.86102294921875e-06,,,,,none
1351,1347,1607409001211624,1607409001532833,1607409002173750,1607409002544957,gpu_delivered,640917,321209,0,0,0,6.7427754402160645e-06,,,,,none
1352,1348,1607409002544957,1607409002614125,1607409003248375,1607409003878291,gpu_delivered,634250,69168,0,0,0,1.5199184417724609e-06,,,,,none
1353,1349,1607409003878291,1607409003964000,1607409004606791,1607409005211624,gpu_delivered,642791,85709,0,0,0,3.9786100387573242e-06,,,,,none
1354,1350,1607409005211624,1607409005518625,1607409006154666,1607409006544957,gpu_delivered,636041,307001,0,0,0,4.8875808715820312e-06,,,,,none
1355,1351,1607409006544957,1607409006745125,1607409007376166,1607409007878291,gpu_delivered,631041,200168,0,0,0,7.9572200775146484e-06,,,,,none
1356,1352,1607409007878291,1607409008135375,1607409008968416,1607409009211624,gpu_delivered,833041,257084,0,0,0,5.5134296417236328e-07,,,,,none
1357,1353,1607409009211624,1607409009341541,1607409009986333,1607409010544957,gpu_delivered,644792,129917,0,0,0,2.8423964977264404e-06,,,,,none
1358,1354,1607409010544957,1607409010631083,1607409011263416,1607409011878291,gpu_delivered,632333,86126,0,0,0,3.0249357223510742e-06,,,,,none
1359,1355,1607409011878291,1607409012189958,1607409012877333,1607409013211624,gpu_delivered,687375,311667,0,0,0,8.5160136222839355e-06,,,,,none
1360,1356,1607409013211624,1607409013387041,1607409014042083,1607409014544957,gpu_delivered,655042,175417,0,0,0,1.475214958190918e-06,,,,,none
1361,1357,1607409014544957,1607409014807250,1607409015433166,1607409015878291,gpu_delivered,625916,262293,0,0,0,2.168118953704834e-06,,,,,none
1362,1358,1607409015878291,1607409016105916,1607409016935041,1607409017211624,gpu_delivered,829125,227625,0,0,0,5.6177377700805664e-06,,,,,none
1363,1359,1607409017211624,1607409017357708,1607409018019166,1607409018544957,gpu_delivered,661458,146084,0,0,0,3.2782554626464844e-06,,,,,none
1364,1360,1607409018544957,1607409018822750,1607409019447625,1607409019878291,gpu_delivered,624875,277793,0,0,0,1.9073486328125e-06,,,,,none
1365,1361,1607409019878291,1607409020105041,1607409020755875,1607409021211624,gpu_delivered,650834,226750,0,0,0,8.0391764640808105e-06,,,,,none
1366,1362,1607409021211624,1607409021451500,1607409022116583,1607409022544957,gpu_delivered,665083,239876,0,0,0,5.2750110626220703e-06,,,,,none
1367,1363,1607409022544957,1607409022703208,1607409023370833,1607409023878291,gpu_delivered,667625,158251,0,0,0,5.3904950618743896e-06,,,,,none
1368,1364,1607409023878291,1607409023913833,1607409024566000,1607409025211624,gpu_delivered,652167,35542,0,0,0,7.4245035648345947e-06,,,,,none
1369,1365,1607409025211624,1607409025545333,1607409026165625,1607409026544957,gpu_delivered,620292,333709,0,0,0,6.9402158260345459e-06,,,,,none
1370,1366,1607409026544957,1607409026740458,1607409027378583,1607409027878291,gpu_delivered,638125,195501,0,0,0,5.1856040954589844e-06,,,,,none
1371,1367,1607409027878291,1607409028140833,1607409028759791,1607409029211624,gpu_delivered,618958,262542,0,0,0,1.9297003746032715e-06,,,,,none
1372,1368,1607409029211624,1607409029444875,1607409030086250,1607409030544957,gpu_delivered,641375,233251,0,0,0,4.7199428081512451e-06,,,,,none
1373,1369,1607409030544957,1607409030780375,1607409031412625,1607409031878291,gpu_delivered,632250,235418,0,0,0,6.8023800849914551e-06,,,,,none
1374,1370,1607409031878291,1607409032115625,1607409032762000,1607409033211624,gpu_delivered,646375,237334,0,0,0,4.76837158203125e-06,,,,,none
1375,1371,1607409033211624,1607409033446958,1607409034067958,1607409034544957,gpu_delivered,621000,235334,0,0,0,4.76837158203125e-06,,,,,none
1376,1372,1607409034544957,1607409034795916,1607409035425125,1607409035878291,gpu_delivered,629209,250959,0,0,0,7.6442956924438477e-06,,,,,none
1377,1373,1607409035878291,1607409036106791,1607409036725791,1607409037211624,gpu_delivered,619000,228500,0,0,0,2.5182962417602539e-06,,,,,none
1378,1374,1607409037211624,1607409037461541,1607409038103000,1607409038544957,gpu_delivered,641459,249917,0,0,0,2.1159648895263672e-06,,,,,none
1379,1375,1607409038544957,1607409038598333,1607409039227541,1607409039878291,gpu_delivered,629208,53376,0,0,0,9.622424840927124e-06,,,,,none
1380,1376,1607409039878291,1607409039901333,1607409040554791,1607409041211624,gpu_delivered,653458,23042,0,0,0,1.0129064321517944e-05,,,,,none
1381,1377,1607409041211624,1607409041278791,1607409041905166,1607409042544957,gpu_delivered,626375,67167,0,0,0,1.9669532775878906e-06,,,,,none
1382,1378,1607409042544957,1607409042812250,1607409043457333,1607409043878291,gpu_delivered,645083,267293,0,0,0,1.8179416656494141e-06,,,,,none
1383,1379,1607409043878291,1607409044099250,1607409044729833,1607409045211624,gpu_delivered,630583,220959,0,0,0,9.5811119535937905e-06,,,,,none
1384,1380,1607409045211624,1607409045465250,1607409046105666,1607409046544957,gpu_delivered,640416,253626,0,0,0,2.5201588869094849e-06,,,,,none
1385,1381,1607409046544957,1607409046780333,1607409047616166,1607409047878291,gpu_delivered,835833,235376,0,0,0,1.1324882507324219e-06,,,,,none
1386,1382,1607409047878291,1607409048019416,1607409048665250,1607409049211624,gpu_delivered,645834,141125,0,0,0,1.7136335372924805e-06,,,,,none
1387,1383,1607409049211624,1607409049497625,1607409050138375,1607409050544957,gpu_delivered,640750,286001,0,0,0,8.279457688331604e-06,,,,,none
1388,1384,1607409050544957,1607409050758708,1607409051428333,1607409051878291,gpu_delivered,669625,213751,0,0,0,9.5088034868240356e-07,,,,,none
1389,1385,1607409051878291,1607409051995083,1607409052959500,1607409053211624,gpu_delivered,964417,116792,0,0,0,5.1707029342651367e-06,,,,,none
1390,1386,1607409053211624,1607409053351625,1607409054000166,1607409054544957,gpu_delivered,648541,140001,0,0,0,5.1409006118774414e-06,,,,,none
1391,1387,1607409054544957,1607409054829500,1607409055458166,1607409055878291,gpu_delivered,628666,284543,0,0,0,5.7108700275421143e-06,,,,,none
1392,1388,1607409055878291,1607409055952833,1607409056590166,1607409057211624,gpu_delivered,637333,74542,0,0,0,6.1236787587404251e-06,,,,,none
1393,1389,1607409057211624,1607409057367666,1607409058016000,1607409058544957,gpu_delivered,648334,156042,0,0,0,2.3767352104187012e-06,,,,,none
1394,1390,1607409058544957,1607409058769708,1607409059403583,1607409059878291,gpu_delivered,633875,224751,0,0,0,2.644956111907959e-06,,,,,none
1395,1391,1607409059878291,1607409060124208,1607409060767583,1607409061211624,gpu_delivered,643375,245917,0,0,0,1.1406838893890381e-05,,,,,none
1396,1392,1607409061211624,1607409061440250,1607409062115250,1607409062544957,gpu_delivered,675000,228626,0,0,0,7.3611736297607422e-06,,,,,none
1397,1393,1607409062544957,1607409062771291,1607409063450208,1607409063878291,gpu_delivered,678917,226334,0,0,0,8.3530321717262268e-06,,,,,none
1398,1394,1607409063878291,1607409064102708,1607409064763208,1607409065211624,gpu_delivered,660500,224417,0,0,0,4.3213367462158203e-06,,,,,none
1399,1395,1607409065211624,1607409065445666,1607409066104166,1607409066544957,gpu_delivered,658500,234042,0,0,0,4.9173831939697266e-06,,,,,none
1400,1396,1607409066544957,1607409066663583,1607409067327125,1607409067878291,gpu_delivered,663542,118626,0,0,0,1.2472271919250488e-05,,,,,none
1401,1397,1607409067878291,1607409068160708,1607409068787833,1607409069211624,gpu_delivered,627125,282417,0,0,0,3.769993782043457e-06,,,,,none
1402,1398,1607409069211624,1607409069429416,1607409070070916,1607409070544957,gpu_delivered,641500,217792,0,0,0,2.5779008865356445e-06,,,,,none
1403,1399,1607409070544957,1607409070787500,1607409071419416,1607409071878291,gpu_delivered,631916,242543,0,0,0,1.8477439880371094e-06,,,,,none
1404,1400,1607409071878291,1607409072114083,1607409072771791,1607409073211624,gpu_delivered,657708,235792,0,0,0,4.59328293800354e-06,,,,,none
1405,1401,1607409073211624,1607409073438041,1607409074083166,1607409074544957,gpu_delivered,645125,226417,0,0,0,7.4505805969238281e-07,,,,,none
1406,1402,1607409074544957,1607409074571416,1607409075302916,1607409075878291,gpu_delivered,731500,26459,0,0,0,3.5390257835388184e-06,,,,,none
1407,1403,1607409075878291,1607409076171916,1607409076814625,1607409077211624,gpu_delivered,642709,293625,0,0,0,2.3022294044494629e-06,,,,,none
1408,1404,1607409077211624,1607409077388583,1607409078022958,1607409078544957,gpu_delivered,634375,176959,0,0,0,1.2867152690887451e-05,,,,,none
1409,1405,1607409078544957,1607409078818125,1607409079474333,1607409079878291,gpu_delivered,656208,273168,0,0,0,6.6123902797698975e-07,,,,,none
1410,1406,1607409079878291,1607409080085916,1607409080734291,1607409081211624,gpu_delivered,648375,207625,0,0,0,4.2691826820373535e-06,,,,,none
1411,1407,1607409081211624,1607409081455916,1607409082117708,1607409082544957,gpu_delivered,661792,244292,0,0,0,3.9637088775634766e-06,,,,,none
1412,1408,1607409082544957,1607409082769583,1607409083441083,1607409083878291,gpu_delivered,671500,224626,0,0,0,7.1860849857330322e-06,,,,,none
1413,1409,1607409083878291,1607409084109916,1607409084755166,1607409085211624,gpu_delivered,645250,231625,0,0,0,1.6540288925170898e-06,,,,,none
1414,1410,1607409085211624,1607409085445125,1607409086104750,1607409086544957,gpu_delivered,659625,233501,0,0,0,8.627772331237793e-06,,,,,none
1415,1411,1607409086544957,1607409086780791,1607409087647583,1607409087878291,gpu_delivered,866792,235834,0,0,0,1.4007091522216797e-06,,,,,none
1416,1412,1607409087878291,1607409088005833,1607409088661708,1607409089211624,gpu_delivered,655875,127542,0,0,0,1.0389834642410278e-05,,,,,none
1417,1413,1607409089211624,1607409089492666,1607409090144291,1607409090544957,gpu_delivered,651625,281042,0,0,0,1.0952353477478027e-06,,,,,none
1418,1414,1607409090544957,1607409090758375,1607409091410000,1607409091878291,gpu_delivered,651625,213418,0,0,0,1.3851560652256012e-05,,,,,none
1419,1415,1607409091878291,1607409092119541,1607409092766791,1607409093211624,gpu_delivered,647250,241250,0,0,0,4.5150518417358398e-06,,,,,none
1420,1416,1607409093211624,1607409093450791,1607409094320916,1607409094544957,gpu_delivered,870125,239167,0,0,0,6.6086649894714355e-06,,,,,none
1421,1417,1607409094544957,1607409094669333,1607409095313708,1607409095878291,gpu_delivered,644375,124376,0,0,0,2.2737309336662292e-05,,,,,none
1422,1418,1607409095878291,1607409096173500,1607409096815791,1607409097211624,gpu_delivered,642291,295209,0,0,0,8.5630454123020172e-06,,,,,none
1423,1419,1607409097211624,1607409097423333,1607409098036458,1607409098544957,gpu_delivered,613125,211709,0,0,0,2.4437904357910156e-06,,,,,none
1424,1420,1607409098544957,1607409098813500,1607409099476916,1607409099878291,gpu_delivered,663416,268543,0,0,0,2.7604401111602783e-06,,,,,none
1425,1421,1607409099878291,1607409099979375,1607409100619416,1607409101211624,gpu_delivered,640041,101084,0,0,0,1.1961907148361206e-05,,,,,none
1426,1422,1607409101211624,1607409101514083,1607409102216666,1607409102544957,gpu_delivered,702583,302459,0,0,0,2.7716159820556641e-06,,,,,none
1427,1423,1607409102544957,1607409102724958,1607409103394500,1607409103878291,gpu_delivered,669542,180001,0,0,0,2.1159648895263672e-06,,,,,none
1428,1424,1607409103878291,1607409104134375,1607409104834958,1607409105211624,gpu_delivered,700583,256084,0,0,0,7.8780576586723328e-06,,,,,none
1429,1425,1607409105211624,1607409105411125,1607409106077000,1607409106544957,gpu_delivered,665875,199501,0,0,0,5.3197145462036133e-06,,,,,none
1430,1426,1607409106544957,1607409106790500,1607409107552166,1607409107878291,gpu_delivered,761666,245543,0,0,0,1.2516975402832031e-06,,,,,none
1431,1427,1607409107878291,1607409108053708,1607409108730208,1607409109211624,gpu_delivered,676500,175417,0,0,0,4.507601261138916e-06,,,,,none
1432,1428,1607409109211624,1607409109462541,1607409110149041,1607409110544957,gpu_delivered,686500,250917,0,0,0,3.4421682357788086e-06,,,,,none
1433,1429,1607409110544957,1607409110753208,1607409111518791,1607409111878291,gpu_delivered,765583,208251,0,0,0,2.8908252716064453e-06,,,,,none
1434,1430,1607409111878291,1607409112069791,1607409112683166,1607409113211624,gpu_delivered,613375,191500,0,0,0,1.2814998626708984e-06,,,,,none
1435,1431,1607409113211624,1607409113487250,1607409114152041,1607409114544957,gpu_delivered,664791,275626,0,0,0,3.3527612686157227e-06,,,,,none
1436,1432,1607409114544957,1607409114754083,1607409115393208,1607409115878291,gpu_delivered,639125,209126,0,0,0,6.0871243476867676e-06,,,,,none
1437,1433,1607409115878291,1607409115998583,1607409116635791,1607409117211624,gpu_delivered,637208,120292,0,0,0,6.5565109252929688e-06,,,,,none
1438,1434,1607409117211624,1607409117294208,1607409117942916,1607409118544957,gpu_delivered,648708,82584,0,0,0,2.5182962417602539e-06,,,,,none
1439,1435,1607409118544957,1607409118851875,1607409119500541,1607409119878291,gpu_delivered,648666,306918,0,0,0,4.4107437133789062e-06,,,,,none
1440,1436,1607409119878291,1607409120077833,1607409120739458,1607409121211624,gpu_delivered,661625,199542,0,0,0,6.5155327320098877e-06,,,,,none
1441,1437,1607409121211624,1607409121466041,1607409122145541,1607409122544957,gpu_delivered,679500,254417,0,0,0,8.6873769760131836e-06,,,,,none
1442,1438,1607409122544957,1607409122755250,1607409123382083,1607409123878291,gpu_delivered,626833,210293,0,0,0,6.7055225372314453e-07,,,,,none
1443,1439,1607409123878291,1607409124139083,1607409124813208,1607409125211624,gpu_delivered,674125,260792,0,0,0,5.7172728702425957e-06,,,,,none
1444,1440,1607409125211624,1607409125259333,1607409125904166,1607409126544957,gpu_delivered,644833,47709,0,0,0,4.9881637096405029e-06,,,,,none
1445,1441,1607409126544957,1607409126874208,1607409127505791,1607409127878291,gpu_delivered,631583,329251,0,0,0,1.2060627341270447e-05,,,,,none
1446,1442,1607409127878291,1607409127996875,1607409128609708,1607409129211624,gpu_delivered,612833,118584,0,0,0,5.6140124797821045e-06,,,,,none
1447,1443,1607409129211624,1607409129522625,1607409130176750,1607409130544957,gpu_delivered,654125,311001,0,0,0,2.5294721126556396e-06,,,,,none
1448,1444,1607409130544957,1607409130743000,1607409131395458,1607409131878291,gpu_delivered,652458,198043,0,0,0,8.7022781372070312e-06,,,,,none
1449,1445,1607409131878291,1607409132128708,1607409132785208,1607409133211624,gpu_delivered,656500,250417,0,0,0,1.360476016998291e-05,,,,,none
1450,1446,1607409133211624,1607409133249208,1607409133888958,1607409134544957,gpu_delivered,639750,37584,0,0,0,6.981194019317627e-06,,,,,none
1451,1447,1607409134544957,1607409134877750,1607409135582916,1607409135878291,gpu_delivered,705166,332793,0,0,0,2.4139881134033203e-06,,,,,none
1452,1448,1607409135878291,1607409136031416,1607409136667375,1607409137211624,gpu_delivered,635959,153125,0,0,0,3.1143426895141602e-06,,,,,none
1453,1449,1607409137211624,1607409137488500,1607409138144583,1607409138544957,gpu_delivered,656083,276876,0,0,0,9.4473361968994141e-06,,,,,none
1454,1450,1607409138544957,1607409138600541,1607409139279541,1607409139878291,gpu_delivered,679000,55584,0,0,0,9.9837779998779297e-06,,,,,none
1455,1451,1607409139878291,1607409140038875,1607409140686458,1607409141211624,gpu_delivered,647583,160584,0,0,0,1.9073486328125e-06,,,,,none
1456,1452,1607409141211624,1607409141478916,1607409142102416,1607409142544957,gpu_delivered,623500,267292,0,0,0,8.9108943939208984e-06,,,,,none
1457,1453,1607409142544957,1607409142702375,1607409143324166,1607409143878291,gpu_delivered,621791,157418,0,0,0,3.3080577850341797e-06,,,,,none
1458,1454,1607409143878291,1607409144168291,1607409144821541,1607409145211624,gpu_delivered,653250,290000,0,0,0,1.776963472366333e-06,,,,,none
1459,1455,1607409145211624,1607409145417583,1607409146167458,1607409146544957,gpu_delivered,749875,205959,0,0,0,1.4603137969970703e-06,,,,,none
1460,1456,1607409146544957,1607409146749750,1607409147532000,1607409147878291,gpu_delivered,782250,204793,0,0,0,8.0019235610961914e-06,,,,,none
1461,1457,1607409147878291,1607409148062500,1607409148690000,1607409149211624,gpu_delivered,627500,184209,0,0,0,2.644956111907959e-06,,,,,none
1462,1458,1607409149211624,1607409149482750,1607409150111833,1607409150544957,gpu_delivered,629083,271126,0,0,0,1.0430812835693359e-06,,,,,none
1463,1459,1607409150544957,1607409150769250,1607409151433416,1607409151878291,gpu_delivered,664166,224293,0,0,0,6.7688524723052979e-06,,,,,none
1464,1460,1607409151878291,1607409152118958,1607409152765125,1607409153211624,gpu_delivered,646167,240667,0,0,0,1.0024756193161011e-05,,,,,none
1465,1461,1607409153211624,1607409153444125,1607409154091708,1607409154544957,gpu_delivered,647583,232501,0,0,0,6.4522027969360352e-06,,,,,none
1466,1462,1607409154544957,1607409154782875,1607409155406250,1607409155878291,gpu_delivered,623375,237918,0,0,0,1.3262033462524414e-06,,,,,none
1467,1463,1607409155878291,1607409156122833,1607409156751541,1607409157211624,gpu_delivered,628708,244542,0,0,0,1.1235475540161133e-05,,,,,none
1468,1464,1607409157211624,1607409157450083,1607409158101541,1607409158544957,gpu_delivered,651458,238459,0,0,0,5.9008598327636719e-06,,,,,none
1469,1465,1607409158544957,1607409158781000,1607409159429666,1607409159878291,gpu_delivered,648666,236043,0,0,0,1.8775463104248047e-06,,,,,none
1470,1466,1607409159878291,1607409160113291,1607409160731958,1607409161211624,gpu_delivered,618667,235000,0,0,0,5.2675604820251465e-06,,,,,none
1471,1467,1607409161211624,1607409161464791,1607409162099875,1607409162544957,gpu_delivered,635084,253167,0,0,0,1.3247132301330566e-05,,,,,none
1472,1468,1607409162544957,1607409162561916,1607409163248958,1607409163878291,gpu_delivered,687042,16959,0,0,0,5.3048133850097656e-06,,,,,none
1473,1469,1607409163878291,1607409164204208,1607409164878333,1607409165211624,gpu_delivered,674125,325917,0,0,0,1.6987323760986328e-06,,,,,none
1474,1470,1607409165211624,1607409165390541,1607409166042916,1607409166544957,gpu_delivered,652375,178917,0,0,0,3.7401914596557617e-06,,,,,none
1475,1471,1607409166544957,1607409166807125,1607409167527250,1607409167878291,gpu_delivered,720125,262168,0,0,0,4.0084123611450195e-06,,,,,none
1476,1472,1607409167878291,1607409168077416,1607409168688583,1607409169211624,gpu_delivered,611167,199125,0,0,0,3.6656856536865234e-06,,,,,none
1477,1473,1607409169211624,1607409169483250,1607409170154333,1607409170544957,gpu_delivered,671083,271626,0,0,0,5.1632523536682129e-06,,,,,none
1478,1474,1607409170544957,1607409170754041,1607409171459416,1607409171878291,gpu_delivered,705375,209084,0,0,0,7.62939453125e-06,,,,,none
1479,1475,1607409171878291,1607409172098458,1607409172775500,1607409173211624,gpu_delivered,677042,220167,0,0,0,5.4240226745605469e-06,,,,,none
1480,1476,1607409173211624,1607409173435458,1607409174124291,1607409174544957,gpu_delivered,688833,223834,0,0,0,1.6689300537109375e-06,,,,,none
1481,1477,1607409174544957,1607409174769916,1607409175448625,1607409175878291,gpu_delivered,678709,224959,0,0,0,6.6012144088745117e-06,,,,,none
1482,1478,1607409175878291,1607409176110875,1607409176763125,1607409177211624,gpu_delivered,652250,232584,0,0,0,1.5864381566643715e-05,,,,,none
1483,1479,1607409177211624,1607409177444666,1607409178114916,1607409178544957,gpu_delivered,670250,233042,0,0,0,4.8577785491943359e-06,,,,,none
1484,1480,1607409178544957,1607409178772166,1607409179409916,1607409179878291,gpu_delivered,637750,227209,0,0,0,1.5050172805786133e-06,,,,,none
1485,1481,1607409179878291,1607409180127541,1607409180847125,1607409181211624,gpu_delivered,719584,249250,0,0,0,1.0445713996887207e-05,,,,,none
1486,1482,1607409181211624,1607409181405625,1607409182139583,1607409182544957,gpu_delivered,733958,194001,0,0,0,4.8619695007801056e-06,,,,,none
1487,1483,1607409182544957,1607409182760416,1607409183423666,1607409183878291,gpu_delivered,663250,215459,0,0,0,1.4036893844604492e-05,,,,,none
1488,1484,1607409183878291,1607409184116541,1607409184755291,1607409185211624,gpu_delivered,638750,238250,0,0,0,1.6555190086364746e-05,,,,,none
1489,1485,1607409185211624,1607409185454583,1607409186084750,1607409186544957,gpu_delivered,630167,242959,0,0,0,1.1846423149108887e-06,,,,,none
1490,1486,1607409186544957,1607409186783750,1607409187439833,1607409187878291,gpu_delivered,656083,238793,0,0,0,1.6003847122192383e-05,,,,,none
1491,1487,1607409187878291,1607409188108541,1607409188751958,1607409189211624,gpu_delivered,643417,230250,0,0,0,4.2021274566650391e-06,,,,,none
1492,1488,1607409189211624,1607409189451916,1607409190099625,1607409190544957,gpu_delivered,647709,240292,0,0,0,2.5629997253417969e-06,,,,,none
1493,1489,1607409190544957,1607409190773833,1607409191429333,1607409191878291,gpu_delivered,655500,228876,0,0,0,1.1034309864044189e-05,,,,,none
1494,1490,1607409191878291,1607409191936833,1607409192573666,1607409193211624,gpu_delivered,636833,58542,0,0,0,6.2957406044006348e-07,,,,,none
1495,1491,1607409193211624,1607409193543000,1607409194156458,1607409194544957,gpu_delivered,613458,331376,0,0,0,7.3984265327453613e-06,,,,,none
1496,1492,1607409194544957,1607409194752750,1607409195418541,1607409195878291,gpu_delivered,665791,207793,0,0,0,2.8088688850402832e-06,,,,,none
1497,1493,1607409195878291,1607409196122875,1607409196819333,1607409197211624,gpu_delivered,696458,244584,0,0,0,2.5928020477294922e-06,,,,,none
1498,1494,1607409197211624,1607409197416166,1607409198062541,1607409198544957,gpu_delivered,646375,204542,0,0,0,4.94346022605896e-06,,,,,none
1499,1495,1607409198544957,1607409198795083,1607409199436416,1607409199878291,gpu_delivered,641333,250126,0,0,0,1.6242265701293945e-06,,,,,none
1500,1496,1607409199878291,1607409200105458,1607409200761083,1607409201211624,gpu_delivered,655625,227167,0,0,0,4.507601261138916e-06,,,,,none
1501,1497,1607409201211624,1607409201293000,1607409202185083,1607409202544957,gpu_delivered,892083,81376,0,0,0,6.5416097640991211e-06,,,,,none
1502,1498,1607409202544957,1607409202737958,1607409203455500,1607409203878291,gpu_delivered,717542,193001,0,0,0,3.2512471079826355e-06,,,,,none
1503,1499,1607409203878291,1607409203932416,1607409204619291,1607409205211624,gpu_delivered,686875,54125,0,0,0,8.8457018136978149e-06,,,,,none
