block,delivered_input_sequence,scheduled_ns,start_ns,end_ns,deadline_ns,selected,callback_ns,start_lateness_ns,deadline_missed,mismatch_count,nonfinite_mismatch_count,max_finite_abs_error,first_mismatch_channel,first_mismatch_frame,first_actual,first_expected,first_mismatch_kind
0,,1607374349251541,1607374349251958,1607374349901666,1607374350584874,priming,649708,417,0,0,0,0,,,,,none
1,,1607374350584874,1607374350949250,1607374351614666,1607374351918207,priming,665416,364376,0,0,0,0,,,,,none
2,,1607374351918207,1607374352097583,1607374352713291,1607374353251541,priming,615708,179376,0,0,0,0,,,,,none
3,,1607374353251541,1607374353544666,1607374354187583,1607374354584874,priming,642917,293125,0,0,0,0,,,,,none
4,0,1607374354584874,1607374354792166,1607374355547125,1607374355918207,cpu_baseline,754959,207292,0,0,0,0,,,,,none
5,1,1607374355918207,1607374356118208,1607374356733333,1607374357251541,cpu_baseline,615125,200001,0,0,0,0,,,,,none
6,2,1607374357251541,1607374357529500,1607374358182708,1607374358584874,cpu_baseline,653208,277959,0,0,0,0,,,,,none
7,3,1607374358584874,1607374358798250,1607374359439166,1607374359918207,cpu_baseline,640916,213376,0,0,0,0,,,,,none
8,4,1607374359918207,1607374360168000,1607374360830833,1607374361251541,cpu_baseline,662833,249793,0,0,0,0,,,,,none
9,5,1607374361251541,1607374361485458,1607374362115958,1607374362584874,cpu_baseline,630500,233917,0,0,0,0,,,,,none
10,6,1607374362584874,1607374362838750,1607374363470875,1607374363918207,cpu_baseline,632125,253876,0,0,0,0,,,,,none
11,7,1607374363918207,1607374364100208,1607374364759166,1607374365251541,cpu_baseline,658958,182001,0,0,0,0,,,,,none
12,8,1607374365251541,1607374365519666,1607374366155416,1607374366584874,cpu_baseline,635750,268125,0,0,0,0,,,,,none
13,9,1607374366584874,1607374367155666,1607374367819333,1607374367918207,cpu_baseline,663667,570792,0,0,0,0,,,,,none
14,10,1607374367918207,1607374367980583,1607374368796958,1607374369251541,cpu_baseline,816375,62376,0,0,0,0,,,,,none
15,11,1607374369251541,1607374369506500,1607374370137625,1607374370584874,cpu_baseline,631125,254959,0,0,0,0,,,,,none
16,12,1607374370584874,1607374370823125,1607374371450833,1607374371918207,cpu_baseline,627708,238251,0,0,0,0,,,,,none
17,13,1607374371918207,1607374372168458,1607374372807916,1607374373251541,cpu_baseline,639458,250251,0,0,0,0,,,,,none
18,14,1607374373251541,1607374373488000,1607374374139375,1607374374584874,cpu_baseline,651375,236459,0,0,0,0,,,,,none
19,15,1607374374584874,1607374374819541,1607374375456958,1607374375918207,cpu_baseline,637417,234667,0,0,0,0,,,,,none
20,16,1607374375918207,1607374376159291,1607374376863666,1607374377251541,cpu_baseline,704375,241084,0,0,0,0,,,,,none
21,17,1607374377251541,1607374377465208,1607374378109625,1607374378584874,cpu_baseline,644417,213667,0,0,0,0,,,,,none
22,18,1607374378584874,1607374378839625,1607374379479875,1607374379918207,cpu_baseline,640250,254751,0,0,0,0,,,,,none
23,19,1607374379918207,1607374380153500,1607374380794416,1607374381251541,cpu_baseline,640916,235293,0,0,0,0,,,,,none
24,20,1607374381251541,1607374381498000,1607374382154416,1607374382584874,cpu_baseline,656416,246459,0,0,0,0,,,,,none
25,21,1607374382584874,1607374382811416,1607374383523541,1607374383918207,cpu_baseline,712125,226542,0,0,0,0,,,,,none
26,22,1607374383918207,1607374384051458,1607374384709625,1607374385251541,cpu_baseline,658167,133251,0,0,0,0,,,,,none
27,23,1607374385251541,1607374385539833,1607374386176250,1607374386584874,cpu_baseline,636417,288292,0,0,0,0,,,,,none
28,24,1607374386584874,1607374386797750,1607374387440583,1607374387918207,cpu_baseline,642833,212876,0,0,0,0,,,,,none
29,25,1607374387918207,1607374388169416,1607374388821083,1607374389251541,cpu_baseline,651667,251209,0,0,0,0,,,,,none
30,26,1607374389251541,1607374389486250,1607374390136041,1607374390584874,cpu_baseline,649791,234709,0,0,0,0,,,,,none
31,27,1607374390584874,1607374390827208,1607374391484541,1607374391918207,cpu_baseline,657333,242334,0,0,0,0,,,,,none
32,28,1607374391918207,1607374392096000,1607374392754791,1607374393251541,cpu_baseline,658791,177793,0,0,0,0,,,,,none
33,29,1607374393251541,1607374393521541,1607374394153291,1607374394584874,cpu_baseline,631750,270000,0,0,0,0,,,,,none
34,30,1607374394584874,1607374394819875,1607374395472041,1607374395918207,cpu_baseline,652166,235001,0,0,0,0,,,,,none
35,31,1607374395918207,1607374396151041,1607374396782583,1607374397251541,cpu_baseline,631542,232834,0,0,0,0,,,,,none
36,32,1607374397251541,1607374397496333,1607374398147625,1607374398584874,cpu_baseline,651292,244792,0,0,0,0,,,,,none
37,33,1607374398584874,1607374398812333,1607374399453875,1607374399918207,cpu_baseline,641542,227459,0,0,0,0,,,,,none
38,34,1607374399918207,1607374400161750,1607374400797333,1607374401251541,cpu_baseline,635583,243543,0,0,0,0,,,,,none
39,35,1607374401251541,1607374401494541,1607374402122916,1607374402584874,cpu_baseline,628375,243000,0,0,0,0,,,,,none
40,36,1607374402584874,1607374402828125,1607374403481333,1607374403918207,cpu_baseline,653208,243251,0,0,0,0,,,,,none
41,37,1607374403918207,1607374404155375,1607374404795583,1607374405251541,cpu_baseline,640208,237168,0,0,0,0,,,,,none
42,38,1607374405251541,1607374405499750,1607374406161708,1607374406584874,cpu_baseline,661958,248209,0,0,0,0,,,,,none
43,39,1607374406584874,1607374406818833,1607374407462250,1607374407918207,cpu_baseline,643417,233959,0,0,0,0,,,,,none
44,40,1607374407918207,1607374408158083,1607374408817625,1607374409251541,cpu_baseline,659542,239876,0,0,0,0,,,,,none
45,41,1607374409251541,1607374409485625,1607374410119458,1607374410584874,cpu_baseline,633833,234084,0,0,0,0,,,,,none
46,42,1607374410584874,1607374410833583,1607374411464791,1607374411918207,cpu_baseline,631208,248709,0,0,0,0,,,,,none
47,43,1607374411918207,1607374412158916,1607374412797166,1607374413251541,cpu_baseline,638250,240709,0,0,0,0,,,,,none
48,44,1607374413251541,1607374413290375,1607374413955458,1607374414584874,cpu_baseline,665083,38834,0,0,0,0,,,,,none
49,45,1607374414584874,1607374414918833,1607374415556958,1607374415918207,cpu_baseline,638125,333959,0,0,0,0,,,,,none
50,46,1607374415918207,1607374416120250,1607374416762041,1607374417251541,cpu_baseline,641791,202043,0,0,0,0,,,,,none
51,47,1607374417251541,1607374417505750,1607374418149166,1607374418584874,cpu_baseline,643416,254209,0,0,0,0,,,,,none
52,48,1607374418584874,1607374418811375,1607374419447375,1607374419918207,cpu_baseline,636000,226501,0,0,0,0,,,,,none
53,49,1607374419918207,1607374420167291,1607374420804416,1607374421251541,cpu_baseline,637125,249084,0,0,0,0,,,,,none
54,50,1607374421251541,1607374421483541,1607374422117375,1607374422584874,cpu_baseline,633834,232000,0,0,0,0,,,,,none
55,51,1607374422584874,1607374422827041,1607374423495833,1607374423918207,cpu_baseline,668792,242167,0,0,0,0,,,,,none
56,52,1607374423918207,1607374424145791,1607374424759083,1607374425251541,cpu_baseline,613292,227584,0,0,0,0,,,,,none
57,53,1607374425251541,1607374425515000,1607374426175000,1607374426584874,cpu_baseline,660000,263459,0,0,0,0,,,,,none
58,54,1607374426584874,1607374426803458,1607374427454750,1607374427918207,cpu_baseline,651292,218584,0,0,0,0,,,,,none
59,55,1607374427918207,1607374428165291,1607374428792250,1607374429251541,cpu_baseline,626959,247084,0,0,0,0,,,,,none
60,56,1607374429251541,1607374429498916,1607374430146625,1607374430584874,cpu_baseline,647709,247375,0,0,0,0,,,,,none
61,57,1607374430584874,1607374430690041,1607374431338625,1607374431918207,cpu_baseline,648584,105167,0,0,0,0,,,,,none
62,58,1607374431918207,1607374432219500,1607374432887250,1607374433251541,cpu_baseline,667750,301293,0,0,0,0,,,,,none
63,59,1607374433251541,1607374433450791,1607374434092875,1607374434584874,cpu_baseline,642084,199250,0,0,0,0,,,,,none
64,60,1607374434584874,1607374434841791,1607374435486166,1607374435918207,cpu_baseline,644375,256917,0,0,0,0,,,,,none
65,61,1607374435918207,1607374436149000,1607374436788708,1607374437251541,cpu_baseline,639708,230793,0,0,0,0,,,,,none
66,62,1607374437251541,1607374437502666,1607374438179666,1607374438584874,cpu_baseline,677000,251125,0,0,0,0,,,,,none
67,63,1607374438584874,1607374438808500,1607374439455833,1607374439918207,cpu_baseline,647333,223626,0,0,0,0,,,,,none
68,64,1607374439918207,1607374440167083,1607374440782166,1607374441251541,cpu_baseline,615083,248876,0,0,0,0,,,,,none
69,65,1607374441251541,1607374441510458,1607374442155916,1607374442584874,cpu_baseline,645458,258917,0,0,0,0,,,,,none
70,66,1607374442584874,1607374442824500,1607374443693333,1607374443918207,cpu_baseline,868833,239626,0,0,0,0,,,,,none
71,67,1607374443918207,1607374444048916,1607374444680458,1607374445251541,cpu_baseline,631542,130709,0,0,0,0,,,,,none
72,68,1607374445251541,1607374445561416,1607374446188833,1607374446584874,cpu_baseline,627417,309875,0,0,0,0,,,,,none
73,69,1607374446584874,1607374446795416,1607374447437458,1607374447918207,cpu_baseline,642042,210542,0,0,0,0,,,,,none
74,70,1607374447918207,1607374448176000,1607374448846541,1607374449251541,cpu_baseline,670541,257793,0,0,0,0,,,,,none
75,71,1607374449251541,1607374449470583,1607374450119125,1607374450584874,cpu_baseline,648542,219042,0,0,0,0,,,,,none
76,72,1607374450584874,1607374450833708,1607374451463625,1607374451918207,cpu_baseline,629917,248834,0,0,0,0,,,,,none
77,73,1607374451918207,1607374452155791,1607374452780125,1607374453251541,cpu_baseline,624334,237584,0,0,0,0,,,,,none
78,74,1607374453251541,1607374453496000,1607374454127333,1607374454584874,cpu_baseline,631333,244459,0,0,0,0,,,,,none
79,75,1607374454584874,1607374454833583,1607374455676708,1607374455918207,cpu_baseline,843125,248709,0,0,0,0,,,,,none
80,76,1607374455918207,1607374456055791,1607374456699541,1607374457251541,cpu_baseline,643750,137584,0,0,0,0,,,,,none
81,77,1607374457251541,1607374457545125,1607374458185333,1607374458584874,cpu_baseline,640208,293584,0,0,0,0,,,,,none
82,78,1607374458584874,1607374458805666,1607374459432875,1607374459918207,cpu_baseline,627209,220792,0,0,0,0,,,,,none
83,79,1607374459918207,1607374460188333,1607374460822291,1607374461251541,cpu_baseline,633958,270126,0,0,0,0,,,,,none
84,80,1607374461251541,1607374461486458,1607374462163208,1607374462584874,cpu_baseline,676750,234917,0,0,0,0,,,,,none
85,81,1607374462584874,1607374462819708,1607374463459250,1607374463918207,cpu_baseline,639542,234834,0,0,0,0,,,,,none
86,82,1607374463918207,1607374464167000,1607374464796625,1607374465251541,cpu_baseline,629625,248793,0,0,0,0,,,,,none
87,83,1607374465251541,1607374465320833,1607374465951166,1607374466584874,cpu_baseline,630333,69292,0,0,0,0,,,,,none
88,84,1607374466584874,1607374466917625,1607374467551000,1607374467918207,cpu_baseline,633375,332751,0,0,0,0,,,,,none
89,85,1607374467918207,1607374468109666,1607374468749916,1607374469251541,cpu_baseline,640250,191459,0,0,0,0,,,,,none
90,86,1607374469251541,1607374469511166,1607374470143541,1607374470584874,cpu_baseline,632375,259625,0,0,0,0,,,,,none
91,87,1607374470584874,1607374470815666,1607374471438875,1607374471918207,cpu_baseline,623209,230792,0,0,0,0,,,,,none
92,88,1607374471918207,1607374472166625,1607374472828541,1607374473251541,cpu_baseline,661916,248418,0,0,0,0,,,,,none
93,89,1607374473251541,1607374473478833,1607374474119541,1607374474584874,cpu_baseline,640708,227292,0,0,0,0,,,,,none
94,90,1607374474584874,1607374474829166,1607374475482333,1607374475918207,cpu_baseline,653167,244292,0,0,0,0,,,,,none
95,91,1607374475918207,1607374476163291,1607374476821583,1607374477251541,cpu_baseline,658292,245084,0,0,0,0,,,,,none
96,92,1607374477251541,1607374477481791,1607374478114250,1607374478584874,cpu_baseline,632459,230250,0,0,0,0,,,,,none
97,93,1607374478584874,1607374478834666,1607374479468916,1607374479918207,cpu_baseline,634250,249792,0,0,0,0,,,,,none
98,94,1607374479918207,1607374480152583,1607374480780250,1607374481251541,cpu_baseline,627667,234376,0,0,0,0,,,,,none
99,95,1607374481251541,1607374481493916,1607374482119083,1607374482584874,cpu_baseline,625167,242375,0,0,0,0,,,,,none
100,96,1607374482584874,1607374482833000,1607374483492000,1607374483918207,cpu_baseline,659000,248126,0,0,0,0,,,,,none
101,97,1607374483918207,1607374484146250,1607374484820458,1607374485251541,cpu_baseline,674208,228043,0,0,0,0,,,,,none
102,98,1607374485251541,1607374485478833,1607374486143000,1607374486584874,cpu_baseline,664167,227292,0,0,0,0,,,,,none
103,99,1607374486584874,1607374486818750,1607374487454166,1607374487918207,cpu_baseline,635416,233876,0,0,0,0,,,,,none
104,100,1607374487918207,1607374487938625,1607374488577291,1607374489251541,cpu_baseline,638666,20418,0,0,0,0,,,,,none
105,101,1607374489251541,1607374489600458,1607374490228708,1607374490584874,cpu_baseline,628250,348917,0,0,0,0,,,,,none
106,102,1607374490584874,1607374490771875,1607374491406708,1607374491918207,cpu_baseline,634833,187001,0,0,0,0,,,,,none
107,103,1607374491918207,1607374492187875,1607374492826041,1607374493251541,cpu_baseline,638166,269668,0,0,0,0,,,,,none
108,104,1607374493251541,1607374493474875,1607374494097083,1607374494584874,cpu_baseline,622208,223334,0,0,0,0,,,,,none
109,105,1607374494584874,1607374494677583,1607374495324458,1607374495918207,cpu_baseline,646875,92709,0,0,0,0,,,,,none
110,106,1607374495918207,1607374496234583,1607374496904166,1607374497251541,cpu_baseline,669583,316376,0,0,0,0,,,,,none
111,107,1607374497251541,1607374497435333,1607374498089916,1607374498584874,cpu_baseline,654583,183792,0,0,0,0,,,,,none
112,108,1607374498584874,1607374498840208,1607374499492916,1607374499918207,cpu_baseline,652708,255334,0,0,0,0,,,,,none
113,109,1607374499918207,1607374500151083,1607374501009958,1607374501251541,cpu_baseline,858875,232876,0,0,0,0,,,,,none
114,110,1607374501251541,1607374501393916,1607374502073958,1607374502584874,cpu_baseline,680042,142375,0,0,0,0,,,,,none
115,111,1607374502584874,1607374502807000,1607374503456083,1607374503918207,cpu_baseline,649083,222126,0,0,0,0,,,,,none
116,112,1607374503918207,1607374504101583,1607374504747500,1607374505251541,cpu_baseline,645917,183376,0,0,0,0,,,,,none
117,113,1607374505251541,1607374505512875,1607374506152666,1607374506584874,cpu_baseline,639791,261334,0,0,0,0,,,,,none
118,114,1607374506584874,1607374506811541,1607374507482291,1607374507918207,cpu_baseline,670750,226667,0,0,0,0,,,,,none
119,115,1607374507918207,1607374508154250,1607374508794250,1607374509251541,cpu_baseline,640000,236043,0,0,0,0,,,,,none
120,116,1607374509251541,1607374509493958,1607374510133291,1607374510584874,cpu_baseline,639333,242417,0,0,0,0,,,,,none
121,117,1607374510584874,1607374510825583,1607374511467583,1607374511918207,cpu_baseline,642000,240709,0,0,0,0,,,,,none
122,118,1607374511918207,1607374512152458,1607374512784625,1607374513251541,cpu_baseline,632167,234251,0,0,0,0,,,,,none
123,119,1607374513251541,1607374513495041,1607374514125125,1607374514584874,cpu_baseline,630084,243500,0,0,0,0,,,,,none
124,120,1607374514584874,1607374514837833,1607374515488333,1607374515918207,cpu_baseline,650500,252959,0,0,0,0,,,,,none
125,121,1607374515918207,1607374516172875,1607374516850083,1607374517251541,cpu_baseline,677208,254668,0,0,0,0,,,,,none
126,122,1607374517251541,1607374517473666,1607374518109541,1607374518584874,cpu_baseline,635875,222125,0,0,0,0,,,,,none
127,123,1607374518584874,1607374518836375,1607374519465875,1607374519918207,cpu_baseline,629500,251501,0,0,0,0,,,,,none
128,124,1607374519918207,1607374520156958,1607374520818416,1607374521251541,cpu_baseline,661458,238751,0,0,0,0,,,,,none
129,125,1607374521251541,1607374521492250,1607374522133333,1607374522584874,cpu_baseline,641083,240709,0,0,0,0,,,,,none
130,126,1607374522584874,1607374522827125,1607374523612000,1607374523918207,cpu_baseline,784875,242251,0,0,0,0,,,,,none
131,127,1607374523918207,1607374524086916,1607374524747041,1607374525251541,cpu_baseline,660125,168709,0,0,0,0,,,,,none
132,128,1607374525251541,1607374525521125,1607374526159458,1607374526584874,cpu_baseline,638333,269584,0,0,0,0,,,,,none
133,129,1607374526584874,1607374526809125,1607374527466708,1607374527918207,cpu_baseline,657583,224251,0,0,0,0,,,,,none
134,130,1607374527918207,1607374528166833,1607374528822750,1607374529251541,cpu_baseline,655917,248626,0,0,0,0,,,,,none
135,131,1607374529251541,1607374529484125,1607374530121208,1607374530584874,cpu_baseline,637083,232584,0,0,0,0,,,,,none
136,132,1607374530584874,1607374530830458,1607374531473708,1607374531918207,cpu_baseline,643250,245584,0,0,0,0,,,,,none
137,133,1607374531918207,1607374532149583,1607374532801916,1607374533251541,cpu_baseline,652333,231376,0,0,0,0,,,,,none
138,134,1607374533251541,1607374533495208,1607374534122000,1607374534584874,cpu_baseline,626792,243667,0,0,0,0,,,,,none
139,135,1607374534584874,1607374534823958,1607374535495291,1607374535918207,cpu_baseline,671333,239084,0,0,0,0,,,,,none
140,136,1607374535918207,1607374536139208,1607374536815958,1607374537251541,cpu_baseline,676750,221001,0,0,0,0,,,,,none
141,137,1607374537251541,1607374537480083,1607374538126416,1607374538584874,cpu_baseline,646333,228542,0,0,0,0,,,,,none
142,138,1607374538584874,1607374538825250,1607374539466666,1607374539918207,cpu_baseline,641416,240376,0,0,0,0,,,,,none
143,139,1607374539918207,1607374540154416,1607374540791958,1607374541251541,cpu_baseline,637542,236209,0,0,0,0,,,,,none
144,140,1607374541251541,1607374541493333,1607374542139416,1607374542584874,cpu_baseline,646083,241792,0,0,0,0,,,,,none
145,141,1607374542584874,1607374542819166,1607374543439750,1607374543918207,cpu_baseline,620584,234292,0,0,0,0,,,,,none
146,142,1607374543918207,1607374544168541,1607374544803833,1607374545251541,cpu_baseline,635292,250334,0,0,0,0,,,,,none
147,143,1607374545251541,1607374545485750,1607374546122583,1607374546584874,cpu_baseline,636833,234209,0,0,0,0,,,,,none
148,144,1607374546584874,1607374546822666,1607374547466291,1607374547918207,cpu_baseline,643625,237792,0,0,0,0,,,,,none
149,145,1607374547918207,1607374548164208,1607374548795125,1607374549251541,cpu_baseline,630917,246001,0,0,0,0,,,,,none
150,146,1607374549251541,1607374549490958,1607374550140291,1607374550584874,cpu_baseline,649333,239417,0,0,0,0,,,,,none
151,147,1607374550584874,1607374550825083,1607374551502625,1607374551918207,cpu_baseline,677542,240209,0,0,0,0,,,,,none
152,148,1607374551918207,1607374552140166,1607374552777083,1607374553251541,cpu_baseline,636917,221959,0,0,0,0,,,,,none
153,149,1607374553251541,1607374553497458,1607374554130958,1607374554584874,cpu_baseline,633500,245917,0,0,0,0,,,,,none
154,150,1607374554584874,1607374554822625,1607374555445916,1607374555918207,cpu_baseline,623291,237751,0,0,0,0,,,,,none
155,151,1607374555918207,1607374556203333,1607374556868666,1607374557251541,cpu_baseline,665333,285126,0,0,0,0,,,,,none
156,152,1607374557251541,1607374557460333,1607374558093291,1607374558584874,cpu_baseline,632958,208792,0,0,0,0,,,,,none
157,153,1607374558584874,1607374558845166,1607374559520833,1607374559918207,cpu_baseline,675667,260292,0,0,0,0,,,,,none
158,154,1607374559918207,1607374560140500,1607374560969666,1607374561251541,cpu_baseline,829166,222293,0,0,0,0,,,,,none
159,155,1607374561251541,1607374561402333,1607374562040958,1607374562584874,cpu_baseline,638625,150792,0,0,0,0,,,,,none
160,156,1607374562584874,1607374562864500,1607374563507166,1607374563918207,cpu_baseline,642666,279626,0,0,0,0,,,,,none
161,157,1607374563918207,1607374564136416,1607374564775750,1607374565251541,cpu_baseline,639334,218209,0,0,0,0,,,,,none
162,158,1607374565251541,1607374565478958,1607374566111208,1607374566584874,cpu_baseline,632250,227417,0,0,0,0,,,,,none
163,159,1607374566584874,1607374566828041,1607374567494666,1607374567918207,cpu_baseline,666625,243167,0,0,0,0,,,,,none
164,160,1607374567918207,1607374568151625,1607374568782625,1607374569251541,cpu_baseline,631000,233418,0,0,0,0,,,,,none
165,161,1607374569251541,1607374569496250,1607374570126791,1607374570584874,cpu_baseline,630541,244709,0,0,0,0,,,,,none
166,162,1607374570584874,1607374570853166,1607374571482166,1607374571918207,cpu_baseline,629000,268292,0,0,0,0,,,,,none
167,163,1607374571918207,1607374572111916,1607374572756833,1607374573251541,cpu_baseline,644917,193709,0,0,0,0,,,,,none
168,164,1607374573251541,1607374573282791,1607374573936916,1607374574584874,cpu_baseline,654125,31250,0,0,0,0,,,,,none
169,165,1607374574584874,1607374574931583,1607374575751583,1607374575918207,cpu_baseline,820000,346709,0,0,0,0,,,,,none
170,166,1607374575918207,1607374576010791,1607374576673875,1607374577251541,cpu_baseline,663084,92584,0,0,0,0,,,,,none
171,167,1607374577251541,1607374577558791,1607374578231250,1607374578584874,cpu_baseline,672459,307250,0,0,0,0,,,,,none
172,168,1607374578584874,1607374578782666,1607374579456791,1607374579918207,cpu_baseline,674125,197792,0,0,0,0,,,,,none
173,169,1607374579918207,1607374580165125,1607374580818916,1607374581251541,cpu_baseline,653791,246918,0,0,0,0,,,,,none
174,170,1607374581251541,1607374581487333,1607374582137583,1607374582584874,cpu_baseline,650250,235792,0,0,0,0,,,,,none
175,171,1607374582584874,1607374582825791,1607374583443833,1607374583918207,cpu_baseline,618042,240917,0,0,0,0,,,,,none
176,172,1607374583918207,1607374584173833,1607374584799791,1607374585251541,cpu_baseline,625958,255626,0,0,0,0,,,,,none
177,173,1607374585251541,1607374585488250,1607374586116916,1607374586584874,cpu_baseline,628666,236709,0,0,0,0,,,,,none
178,174,1607374586584874,1607374586841291,1607374587460041,1607374587918207,cpu_baseline,618750,256417,0,0,0,0,,,,,none
179,175,1607374587918207,1607374588169750,1607374588843916,1607374589251541,cpu_baseline,674166,251543,0,0,0,0,,,,,none
180,176,1607374589251541,1607374589470166,1607374590121791,1607374590584874,cpu_baseline,651625,218625,0,0,0,0,,,,,none
181,177,1607374590584874,1607374590831166,1607374591461500,1607374591918207,cpu_baseline,630334,246292,0,0,0,0,,,,,none
182,178,1607374591918207,1607374592161708,1607374592797666,1607374593251541,cpu_baseline,635958,243501,0,0,0,0,,,,,none
183,179,1607374593251541,1607374593508458,1607374594134916,1607374594584874,cpu_baseline,626458,256917,0,0,0,0,,,,,none
184,180,1607374594584874,1607374594822416,1607374595482791,1607374595918207,cpu_baseline,660375,237542,0,0,0,0,,,,,none
185,181,1607374595918207,1607374596152500,1607374596786291,1607374597251541,cpu_baseline,633791,234293,0,0,0,0,,,,,none
186,182,1607374597251541,1607374597516166,1607374598170541,1607374598584874,cpu_baseline,654375,264625,0,0,0,0,,,,,none
187,183,1607374598584874,1607374598807708,1607374599468875,1607374599918207,cpu_baseline,661167,222834,0,0,0,0,,,,,none
188,184,1607374599918207,1607374600158083,1607374600794541,1607374601251541,cpu_baseline,636458,239876,0,0,0,0,,,,,none
189,185,1607374601251541,1607374601499166,1607374602130708,1607374602584874,cpu_baseline,631542,247625,0,0,0,0,,,,,none
190,186,1607374602584874,1607374602822708,1607374603460666,1607374603918207,cpu_baseline,637958,237834,0,0,0,0,,,,,none
191,187,1607374603918207,1607374604159000,1607374604793458,1607374605251541,cpu_baseline,634458,240793,0,0,0,0,,,,,none
192,188,1607374605251541,1607374605491791,1607374606132458,1607374606584874,cpu_baseline,640667,240250,0,0,0,0,,,,,none
193,189,1607374606584874,1607374606824250,1607374607529208,1607374607918207,cpu_baseline,704958,239376,0,0,0,0,,,,,none
194,190,1607374607918207,1607374608125541,1607374608767250,1607374609251541,cpu_baseline,641709,207334,0,0,0,0,,,,,none
195,191,1607374609251541,1607374609504291,1607374610139125,1607374610584874,cpu_baseline,634834,252750,0,0,0,0,,,,,none
196,192,1607374610584874,1607374610826583,1607374611471541,1607374611918207,cpu_baseline,644958,241709,0,0,0,0,,,,,none
197,193,1607374611918207,1607374612156750,1607374612816625,1607374613251541,cpu_baseline,659875,238543,0,0,0,0,,,,,none
198,194,1607374613251541,1607374613488333,1607374614141333,1607374614584874,cpu_baseline,653000,236792,0,0,0,0,,,,,none
199,195,1607374614584874,1607374614817833,1607374615454916,1607374615918207,cpu_baseline,637083,232959,0,0,0,0,,,,,none
200,196,1607374615918207,1607374616161500,1607374616823958,1607374617251541,cpu_baseline,662458,243293,0,0,0,0,,,,,none
201,197,1607374617251541,1607374617478666,1607374618136041,1607374618584874,cpu_baseline,657375,227125,0,0,0,0,,,,,none
202,198,1607374618584874,1607374618828958,1607374619500750,1607374619918207,cpu_baseline,671792,244084,0,0,0,0,,,,,none
203,199,1607374619918207,1607374620149500,1607374620796458,1607374621251541,cpu_baseline,646958,231293,0,0,0,0,,,,,none
204,200,1607374621251541,1607374621494041,1607374622158625,1607374622584874,cpu_baseline,664584,242500,0,0,0,0,,,,,none
205,201,1607374622584874,1607374622813708,1607374623478041,1607374623918207,cpu_baseline,664333,228834,0,0,0,0,,,,,none
206,202,1607374623918207,1607374624168625,1607374624794291,1607374625251541,cpu_baseline,625666,250418,0,0,0,0,,,,,none
207,203,1607374625251541,1607374625489416,1607374626109125,1607374626584874,cpu_baseline,619709,237875,0,0,0,0,,,,,none
208,204,1607374626584874,1607374626861375,1607374627485666,1607374627918207,cpu_baseline,624291,276501,0,0,0,0,,,,,none
209,205,1607374627918207,1607374628226708,1607374629051750,1607374629251541,cpu_baseline,825042,308501,0,0,0,0,,,,,none
210,206,1607374629251541,1607374629373833,1607374630023416,1607374630584874,cpu_baseline,649583,122292,0,0,0,0,,,,,none
211,207,1607374630584874,1607374630877833,1607374631509291,1607374631918207,cpu_baseline,631458,292959,0,0,0,0,,,,,none
212,208,1607374631918207,1607374632142166,1607374632791541,1607374633251541,cpu_baseline,649375,223959,0,0,0,0,,,,,none
213,209,1607374633251541,1607374633494416,1607374634136708,1607374634584874,cpu_baseline,642292,242875,0,0,0,0,,,,,none
214,210,1607374634584874,1607374634818708,1607374635460916,1607374635918207,cpu_baseline,642208,233834,0,0,0,0,,,,,none
215,211,1607374635918207,1607374636163333,1607374636806916,1607374637251541,cpu_baseline,643583,245126,0,0,0,0,,,,,none
216,212,1607374637251541,1607374637498791,1607374638131625,1607374638584874,cpu_baseline,632834,247250,0,0,0,0,,,,,none
217,213,1607374638584874,1607374638825166,1607374639496125,1607374639918207,cpu_baseline,670959,240292,0,0,0,0,,,,,none
218,214,1607374639918207,1607374640142458,1607374640785708,1607374641251541,cpu_baseline,643250,224251,0,0,0,0,,,,,none
219,215,1607374641251541,1607374641493916,1607374642132958,1607374642584874,cpu_baseline,639042,242375,0,0,0,0,,,,,none
220,216,1607374642584874,1607374642820250,1607374643457250,1607374643918207,cpu_baseline,637000,235376,0,0,0,0,,,,,none
221,217,1607374643918207,1607374644171083,1607374644808416,1607374645251541,cpu_baseline,637333,252876,0,0,0,0,,,,,none
222,218,1607374645251541,1607374645483750,1607374646116333,1607374646584874,cpu_baseline,632583,232209,0,0,0,0,,,,,none
223,219,1607374646584874,1607374646827458,1607374647457500,1607374647918207,cpu_baseline,630042,242584,0,0,0,0,,,,,none
224,220,1607374647918207,1607374648162208,1607374648799458,1607374649251541,cpu_baseline,637250,244001,0,0,0,0,,,,,none
225,221,1607374649251541,1607374649494583,1607374650131625,1607374650584874,cpu_baseline,637042,243042,0,0,0,0,,,,,none
226,222,1607374650584874,1607374650823708,1607374651455750,1607374651918207,cpu_baseline,632042,238834,0,0,0,0,,,,,none
227,223,1607374651918207,1607374652173583,1607374652811000,1607374653251541,cpu_baseline,637417,255376,0,0,0,0,,,,,none
228,224,1607374653251541,1607374653484375,1607374654157291,1607374654584874,cpu_baseline,672916,232834,0,0,0,0,,,,,none
229,225,1607374654584874,1607374654815333,1607374655456458,1607374655918207,cpu_baseline,641125,230459,0,0,0,0,,,,,none
230,226,1607374655918207,1607374656166083,1607374656795916,1607374657251541,cpu_baseline,629833,247876,0,0,0,0,,,,,none
231,227,1607374657251541,1607374657491625,1607374658119625,1607374658584874,cpu_baseline,628000,240084,0,0,0,0,,,,,none
232,228,1607374658584874,1607374658833708,1607374659490166,1607374659918207,cpu_baseline,656458,248834,0,0,0,0,,,,,none
233,229,1607374659918207,1607374660144625,1607374660771666,1607374661251541,cpu_baseline,627041,226418,0,0,0,0,,,,,none
234,230,1607374661251541,1607374661504833,1607374662145916,1607374662584874,cpu_baseline,641083,253292,0,0,0,0,,,,,none
235,231,1607374662584874,1607374662817000,1607374663443666,1607374663918207,cpu_baseline,626666,232126,0,0,0,0,,,,,none
236,232,1607374663918207,1607374664163333,1607374664789458,1607374665251541,cpu_baseline,626125,245126,0,0,0,0,,,,,none
237,233,1607374665251541,1607374665496166,1607374666167458,1607374666584874,cpu_baseline,671292,244625,0,0,0,0,,,,,none
238,234,1607374666584874,1607374666806458,1607374667435625,1607374667918207,cpu_baseline,629167,221584,0,0,0,0,,,,,none
239,235,1607374667918207,1607374668171541,1607374668813666,1607374669251541,cpu_baseline,642125,253334,0,0,0,0,,,,,none
240,236,1607374669251541,1607374669482416,1607374670115625,1607374670584874,cpu_baseline,633209,230875,0,0,0,0,,,,,none
241,237,1607374670584874,1607374670833000,1607374671458541,1607374671918207,cpu_baseline,625541,248126,0,0,0,0,,,,,none
242,238,1607374671918207,1607374672162416,1607374672820125,1607374673251541,cpu_baseline,657709,244209,0,0,0,0,,,,,none
243,239,1607374673251541,1607374673476500,1607374674106458,1607374674584874,cpu_baseline,629958,224959,0,0,0,0,,,,,none
244,240,1607374674584874,1607374674838833,1607374675485000,1607374675918207,cpu_baseline,646167,253959,0,0,0,0,,,,,none
245,241,1607374675918207,1607374676141791,1607374676788000,1607374677251541,cpu_baseline,646209,223584,0,0,0,0,,,,,none
246,242,1607374677251541,1607374677490125,1607374678127500,1607374678584874,cpu_baseline,637375,238584,0,0,0,0,,,,,none
247,243,1607374678584874,1607374678823375,1607374679459041,1607374679918207,cpu_baseline,635666,238501,0,0,0,0,,,,,none
248,244,1607374679918207,1607374680157916,1607374680791916,1607374681251541,cpu_baseline,634000,239709,0,0,0,0,,,,,none
249,245,1607374681251541,1607374681497541,1607374682149250,1607374682584874,cpu_baseline,651709,246000,0,0,0,0,,,,,none
250,246,1607374682584874,1607374682817708,1607374683454375,1607374683918207,cpu_baseline,636667,232834,0,0,0,0,,,,,none
251,247,1607374683918207,1607374684158666,1607374684793250,1607374685251541,cpu_baseline,634584,240459,0,0,0,0,,,,,none
252,248,1607374685251541,1607374685486166,1607374686120208,1607374686584874,cpu_baseline,634042,234625,0,0,0,0,,,,,none
253,249,1607374686584874,1607374686829958,1607374687487791,1607374687918207,cpu_baseline,657833,245084,0,0,0,0,,,,,none
254,250,1607374687918207,1607374688148541,1607374688793708,1607374689251541,cpu_baseline,645167,230334,0,0,0,0,,,,,none
255,251,1607374689251541,1607374689499416,1607374690147708,1607374690584874,cpu_baseline,648292,247875,0,0,0,0,,,,,none
256,252,1607374690584874,1607374690827083,1607374691460416,1607374691918207,cpu_baseline,633333,242209,0,0,0,0,,,,,none
257,253,1607374691918207,1607374692158666,1607374692792916,1607374693251541,cpu_baseline,634250,240459,0,0,0,0,,,,,none
258,254,1607374693251541,1607374693489125,1607374694111750,1607374694584874,cpu_baseline,622625,237584,0,0,0,0,,,,,none
259,255,1607374694584874,1607374694828791,1607374695447791,1607374695918207,cpu_baseline,619000,243917,0,0,0,0,,,,,none
260,256,1607374695918207,1607374696160375,1607374696781666,1607374697251541,cpu_baseline,621291,242168,0,0,0,0,,,,,none
261,257,1607374697251541,1607374697503958,1607374698150500,1607374698584874,cpu_baseline,646542,252417,0,0,0,0,,,,,none
262,258,1607374698584874,1607374698813458,1607374699451250,1607374699918207,cpu_baseline,637792,228584,0,0,0,0,,,,,none
263,259,1607374699918207,1607374700162083,1607374700800166,1607374701251541,cpu_baseline,638083,243876,0,0,0,0,,,,,none
264,260,1607374701251541,1607374701490708,1607374702157750,1607374702584874,cpu_baseline,667042,239167,0,0,0,0,,,,,none
265,261,1607374702584874,1607374702814000,1607374703447208,1607374703918207,cpu_baseline,633208,229126,0,0,0,0,,,,,none
266,262,1607374703918207,1607374704174625,1607374704778000,1607374705251541,cpu_baseline,603375,256418,0,0,0,0,,,,,none
267,263,1607374705251541,1607374705513083,1607374706157083,1607374706584874,cpu_baseline,644000,261542,0,0,0,0,,,,,none
268,264,1607374706584874,1607374706811125,1607374707458250,1607374707918207,cpu_baseline,647125,226251,0,0,0,0,,,,,none
269,265,1607374707918207,1607374708161583,1607374708822458,1607374709251541,cpu_baseline,660875,243376,0,0,0,0,,,,,none
270,266,1607374709251541,1607374709487333,1607374710141208,1607374710584874,cpu_baseline,653875,235792,0,0,0,0,,,,,none
271,267,1607374710584874,1607374710823083,1607374711473166,1607374711918207,cpu_baseline,650083,238209,0,0,0,0,,,,,none
272,268,1607374711918207,1607374712153916,1607374712791041,1607374713251541,cpu_baseline,637125,235709,0,0,0,0,,,,,none
273,269,1607374713251541,1607374713490583,1607374714150041,1607374714584874,cpu_baseline,659458,239042,0,0,0,0,,,,,none
274,270,1607374714584874,1607374714812708,1607374715451458,1607374715918207,cpu_baseline,638750,227834,0,0,0,0,,,,,none
275,271,1607374715918207,1607374716163958,1607374716799833,1607374717251541,cpu_baseline,635875,245751,0,0,0,0,,,,,none
276,272,1607374717251541,1607374717494166,1607374718132500,1607374718584874,cpu_baseline,638334,242625,0,0,0,0,,,,,none
277,273,1607374718584874,1607374718823125,1607374719462791,1607374719918207,cpu_baseline,639666,238251,0,0,0,0,,,,,none
278,274,1607374719918207,1607374720158500,1607374720796208,1607374721251541,cpu_baseline,637708,240293,0,0,0,0,,,,,none
279,275,1607374721251541,1607374721513166,1607374722153208,1607374722584874,cpu_baseline,640042,261625,0,0,0,0,,,,,none
280,276,1607374722584874,1607374722811416,1607374723437791,1607374723918207,cpu_baseline,626375,226542,0,0,0,0,,,,,none
281,277,1607374723918207,1607374724165250,1607374724790708,1607374725251541,cpu_baseline,625458,247043,0,0,0,0,,,,,none
282,278,1607374725251541,1607374725494458,1607374726143000,1607374726584874,cpu_baseline,648542,242917,0,0,0,0,,,,,none
283,279,1607374726584874,1607374726814791,1607374727453375,1607374727918207,cpu_baseline,638584,229917,0,0,0,0,,,,,none
284,280,1607374727918207,1607374728164750,1607374728816750,1607374729251541,cpu_baseline,652000,246543,0,0,0,0,,,,,none
285,281,1607374729251541,1607374729490708,1607374730121750,1607374730584874,cpu_baseline,631042,239167,0,0,0,0,,,,,none
286,282,1607374730584874,1607374730834333,1607374731476166,1607374731918207,cpu_baseline,641833,249459,0,0,0,0,,,,,none
287,283,1607374731918207,1607374732152958,1607374732786833,1607374733251541,cpu_baseline,633875,234751,0,0,0,0,,,,,none
288,284,1607374733251541,1607374733494541,1607374734139791,1607374734584874,cpu_baseline,645250,243000,0,0,0,0,,,,,none
289,285,1607374734584874,1607374734815291,1607374735454250,1607374735918207,cpu_baseline,638959,230417,0,0,0,0,,,,,none
290,286,1607374735918207,1607374736157250,1607374736808333,1607374737251541,cpu_baseline,651083,239043,0,0,0,0,,,,,none
291,287,1607374737251541,1607374737480583,1607374738122750,1607374738584874,cpu_baseline,642167,229042,0,0,0,0,,,,,none
292,288,1607374738584874,1607374738824416,1607374739482791,1607374739918207,cpu_baseline,658375,239542,0,0,0,0,,,,,none
293,289,1607374739918207,1607374740152000,1607374740785000,1607374741251541,cpu_baseline,633000,233793,0,0,0,0,,,,,none
294,290,1607374741251541,1607374741501333,1607374742138958,1607374742584874,cpu_baseline,637625,249792,0,0,0,0,,,,,none
295,291,1607374742584874,1607374742819375,1607374743466708,1607374743918207,cpu_baseline,647333,234501,0,0,0,0,,,,,none
296,292,1607374743918207,1607374744157791,1607374744791708,1607374745251541,cpu_baseline,633917,239584,0,0,0,0,,,,,none
297,293,1607374745251541,1607374745499000,1607374746138583,1607374746584874,cpu_baseline,639583,247459,0,0,0,0,,,,,none
298,294,1607374746584874,1607374746823708,1607374747479000,1607374747918207,cpu_baseline,655292,238834,0,0,0,0,,,,,none
299,295,1607374747918207,1607374748151625,1607374748798041,1607374749251541,cpu_baseline,646416,233418,0,0,0,0,,,,,none
300,296,1607374749251541,1607374749491750,1607374750159166,1607374750584874,cpu_baseline,667416,240209,0,0,0,0,,,,,none
301,297,1607374750584874,1607374750811291,1607374751441041,1607374751918207,cpu_baseline,629750,226417,0,0,0,0,,,,,none
302,298,1607374751918207,1607374752167583,1607374752845583,1607374753251541,cpu_baseline,678000,249376,0,0,0,0,,,,,none
303,299,1607374753251541,1607374753469500,1607374754294083,1607374754584874,cpu_baseline,824583,217959,0,0,0,0,,,,,none
304,300,1607374754584874,1607374754743291,1607374755402458,1607374755918207,cpu_baseline,659167,158417,0,0,0,0,,,,,none
305,301,1607374755918207,1607374756188500,1607374756837125,1607374757251541,cpu_baseline,648625,270293,0,0,0,0,,,,,none
306,302,1607374757251541,1607374757478333,1607374758120125,1607374758584874,cpu_baseline,641792,226792,0,0,0,0,,,,,none
307,303,1607374758584874,1607374758835208,1607374759500083,1607374759918207,cpu_baseline,664875,250334,0,0,0,0,,,,,none
308,304,1607374759918207,1607374760145083,1607374760778541,1607374761251541,cpu_baseline,633458,226876,0,0,0,0,,,,,none
309,305,1607374761251541,1607374761506500,1607374762157750,1607374762584874,cpu_baseline,651250,254959,0,0,0,0,,,,,none
310,306,1607374762584874,1607374762816208,1607374763457125,1607374763918207,cpu_baseline,640917,231334,0,0,0,0,,,,,none
311,307,1607374763918207,1607374764160625,1607374764794625,1607374765251541,cpu_baseline,634000,242418,0,0,0,0,,,,,none
312,308,1607374765251541,1607374765490958,1607374766126583,1607374766584874,cpu_baseline,635625,239417,0,0,0,0,,,,,none
313,309,1607374766584874,1607374766829333,1607374767497666,1607374767918207,cpu_baseline,668333,244459,0,0,0,0,,,,,none
314,310,1607374767918207,1607374768147000,1607374768784125,1607374769251541,cpu_baseline,637125,228793,0,0,0,0,,,,,none
315,311,1607374769251541,1607374769492458,1607374770119500,1607374770584874,cpu_baseline,627042,240917,0,0,0,0,,,,,none
316,312,1607374770584874,1607374770876291,1607374771526875,1607374771918207,cpu_baseline,650584,291417,0,0,0,0,,,,,none
317,313,1607374771918207,1607374772145666,1607374772746166,1607374773251541,cpu_baseline,600500,227459,0,0,0,0,,,,,none
318,314,1607374773251541,1607374773525083,1607374774178333,1607374774584874,cpu_baseline,653250,273542,0,0,0,0,,,,,none
319,315,1607374774584874,1607374774798333,1607374775474458,1607374775918207,cpu_baseline,676125,213459,0,0,0,0,,,,,none
320,316,1607374775918207,1607374776153333,1607374776791625,1607374777251541,cpu_baseline,638292,235126,0,0,0,0,,,,,none
321,317,1607374777251541,1607374777491958,1607374778166000,1607374778584874,cpu_baseline,674042,240417,0,0,0,0,,,,,none
322,318,1607374778584874,1607374778801875,1607374779465250,1607374779918207,cpu_baseline,663375,217001,0,0,0,0,,,,,none
323,319,1607374779918207,1607374780160083,1607374780796166,1607374781251541,cpu_baseline,636083,241876,0,0,0,0,,,,,none
324,320,1607374781251541,1607374781501166,1607374782136291,1607374782584874,cpu_baseline,635125,249625,0,0,0,0,,,,,none
325,321,1607374782584874,1607374782822916,1607374783464625,1607374783918207,cpu_baseline,641709,238042,0,0,0,0,,,,,none
326,322,1607374783918207,1607374784161500,1607374784800833,1607374785251541,cpu_baseline,639333,243293,0,0,0,0,,,,,none
327,323,1607374785251541,1607374785494875,1607374786129750,1607374786584874,cpu_baseline,634875,243334,0,0,0,0,,,,,none
328,324,1607374786584874,1607374786826166,1607374787461625,1607374787918207,cpu_baseline,635459,241292,0,0,0,0,,,,,none
329,325,1607374787918207,1607374788159416,1607374788794500,1607374789251541,cpu_baseline,635084,241209,0,0,0,0,,,,,none
330,326,1607374789251541,1607374789491666,1607374790129125,1607374790584874,cpu_baseline,637459,240125,0,0,0,0,,,,,none
331,327,1607374790584874,1607374790824541,1607374791471583,1607374791918207,cpu_baseline,647042,239667,0,0,0,0,,,,,none
332,328,1607374791918207,1607374792152750,1607374792784250,1607374793251541,cpu_baseline,631500,234543,0,0,0,0,,,,,none
333,329,1607374793251541,1607374793495250,1607374794140208,1607374794584874,cpu_baseline,644958,243709,0,0,0,0,,,,,none
334,330,1607374794584874,1607374794716125,1607374795359791,1607374795918207,cpu_baseline,643666,131251,0,0,0,0,,,,,none
335,331,1607374795918207,1607374796211000,1607374796838500,1607374797251541,cpu_baseline,627500,292793,0,0,0,0,,,,,none
336,332,1607374797251541,1607374797471166,1607374798121041,1607374798584874,cpu_baseline,649875,219625,0,0,0,0,,,,,none
337,333,1607374798584874,1607374798835041,1607374799467583,1607374799918207,cpu_baseline,632542,250167,0,0,0,0,,,,,none
338,334,1607374799918207,1607374800159416,1607374800815708,1607374801251541,cpu_baseline,656292,241209,0,0,0,0,,,,,none
339,335,1607374801251541,1607374801486375,1607374802119500,1607374802584874,cpu_baseline,633125,234834,0,0,0,0,,,,,none
340,336,1607374802584874,1607374802842083,1607374803480750,1607374803918207,cpu_baseline,638667,257209,0,0,0,0,,,,,none
341,337,1607374803918207,1607374804148250,1607374804785250,1607374805251541,cpu_baseline,637000,230043,0,0,0,0,,,,,none
342,338,1607374805251541,1607374805498333,1607374806136416,1607374806584874,cpu_baseline,638083,246792,0,0,0,0,,,,,none
343,339,1607374806584874,1607374806821000,1607374807443958,1607374807918207,cpu_baseline,622958,236126,0,0,0,0,,,,,none
344,340,1607374807918207,1607374808161333,1607374808787583,1607374809251541,cpu_baseline,626250,243126,0,0,0,0,,,,,none
345,341,1607374809251541,1607374809493833,1607374810120791,1607374810584874,cpu_baseline,626958,242292,0,0,0,0,,,,,none
346,342,1607374810584874,1607374810830041,1607374811480083,1607374811918207,cpu_baseline,650042,245167,0,0,0,0,,,,,none
347,343,1607374811918207,1607374812152666,1607374812780416,1607374813251541,cpu_baseline,627750,234459,0,0,0,0,,,,,none
348,344,1607374813251541,1607374813496041,1607374814128916,1607374814584874,cpu_baseline,632875,244500,0,0,0,0,,,,,none
349,345,1607374814584874,1607374814820791,1607374815459833,1607374815918207,cpu_baseline,639042,235917,0,0,0,0,,,,,none
350,346,1607374815918207,1607374816154666,1607374816824500,1607374817251541,cpu_baseline,669834,236459,0,0,0,0,,,,,none
351,347,1607374817251541,1607374817484625,1607374818108208,1607374818584874,cpu_baseline,623583,233084,0,0,0,0,,,,,none
352,348,1607374818584874,1607374818835833,1607374819465958,1607374819918207,cpu_baseline,630125,250959,0,0,0,0,,,,,none
353,349,1607374819918207,1607374820151666,1607374820789125,1607374821251541,cpu_baseline,637459,233459,0,0,0,0,,,,,none
354,350,1607374821251541,1607374821499125,1607374822134958,1607374822584874,cpu_baseline,635833,247584,0,0,0,0,,,,,none
355,351,1607374822584874,1607374822822833,1607374823476333,1607374823918207,cpu_baseline,653500,237959,0,0,0,0,,,,,none
356,352,1607374823918207,1607374824210250,1607374824819041,1607374825251541,cpu_baseline,608791,292043,0,0,0,0,,,,,none
357,353,1607374825251541,1607374825489291,1607374826115875,1607374826584874,cpu_baseline,626584,237750,0,0,0,0,,,,,none
358,354,1607374826584874,1607374826827458,1607374827454166,1607374827918207,cpu_baseline,626708,242584,0,0,0,0,,,,,none
359,355,1607374827918207,1607374828158416,1607374828789208,1607374829251541,cpu_baseline,630792,240209,0,0,0,0,,,,,none
360,356,1607374829251541,1607374829489791,1607374830142125,1607374830584874,cpu_baseline,652334,238250,0,0,0,0,,,,,none
361,357,1607374830584874,1607374830817083,1607374831464375,1607374831918207,cpu_baseline,647292,232209,0,0,0,0,,,,,none
362,358,1607374831918207,1607374832159166,1607374832782333,1607374833251541,cpu_baseline,623167,240959,0,0,0,0,,,,,none
363,359,1607374833251541,1607374833494583,1607374834116750,1607374834584874,cpu_baseline,622167,243042,0,0,0,0,,,,,none
364,360,1607374834584874,1607374834827000,1607374835471458,1607374835918207,cpu_baseline,644458,242126,0,0,0,0,,,,,none
365,361,1607374835918207,1607374836149375,1607374836787125,1607374837251541,cpu_baseline,637750,231168,0,0,0,0,,,,,none
366,362,1607374837251541,1607374837492208,1607374838116458,1607374838584874,cpu_baseline,624250,240667,0,0,0,0,,,,,none
367,363,1607374838584874,1607374838831708,1607374839496666,1607374839918207,cpu_baseline,664958,246834,0,0,0,0,,,,,none
368,364,1607374839918207,1607374840145916,1607374840782333,1607374841251541,cpu_baseline,636417,227709,0,0,0,0,,,,,none
369,365,1607374841251541,1607374841503500,1607374842131416,1607374842584874,cpu_baseline,627916,251959,0,0,0,0,,,,,none
370,366,1607374842584874,1607374842820250,1607374843447458,1607374843918207,cpu_baseline,627208,235376,0,0,0,0,,,,,none
371,367,1607374843918207,1607374844165958,1607374844821375,1607374845251541,cpu_baseline,655417,247751,0,0,0,0,,,,,none
372,368,1607374845251541,1607374845485708,1607374846157250,1607374846584874,cpu_baseline,671542,234167,0,0,0,0,,,,,none
373,369,1607374846584874,1607374846819166,1607374847443291,1607374847918207,cpu_baseline,624125,234292,0,0,0,0,,,,,none
374,370,1607374847918207,1607374848181291,1607374848997833,1607374849251541,cpu_baseline,816542,263084,0,0,0,0,,,,,none
375,371,1607374849251541,1607374849384541,1607374850007125,1607374850584874,cpu_baseline,622584,133000,0,0,0,0,,,,,none
376,372,1607374850584874,1607374850888875,1607374851526916,1607374851918207,cpu_baseline,638041,304001,0,0,0,0,,,,,none
377,373,1607374851918207,1607374852128416,1607374852766250,1607374853251541,cpu_baseline,637834,210209,0,0,0,0,,,,,none
378,374,1607374853251541,1607374853504416,1607374854143458,1607374854584874,cpu_baseline,639042,252875,0,0,0,0,,,,,none
379,375,1607374854584874,1607374854814041,1607374855463458,1607374855918207,cpu_baseline,649417,229167,0,0,0,0,,,,,none
380,376,1607374855918207,1607374856153791,1607374856784041,1607374857251541,cpu_baseline,630250,235584,0,0,0,0,,,,,none
381,377,1607374857251541,1607374857494208,1607374858124583,1607374858584874,cpu_baseline,630375,242667,0,0,0,0,,,,,none
382,378,1607374858584874,1607374858822000,1607374859471583,1607374859918207,cpu_baseline,649583,237126,0,0,0,0,,,,,none
383,379,1607374859918207,1607374860156458,1607374860805833,1607374861251541,cpu_baseline,649375,238251,0,0,0,0,,,,,none
384,380,1607374861251541,1607374861493333,1607374862135750,1607374862584874,cpu_baseline,642417,241792,0,0,0,0,,,,,none
385,381,1607374862584874,1607374862823833,1607374863454416,1607374863918207,cpu_baseline,630583,238959,0,0,0,0,,,,,none
386,382,1607374863918207,1607374864160250,1607374864805166,1607374865251541,cpu_baseline,644916,242043,0,0,0,0,,,,,none
387,383,1607374865251541,1607374865454958,1607374866107791,1607374866584874,cpu_baseline,652833,203417,0,0,0,0,,,,,none
388,384,1607374866584874,1607374866839916,1607374867498416,1607374867918207,cpu_baseline,658500,255042,0,0,0,0,,,,,none
389,385,1607374867918207,1607374868001458,1607374868636333,1607374869251541,cpu_baseline,634875,83251,0,0,0,0,,,,,none
390,386,1607374869251541,1607374869570708,1607374870199083,1607374870584874,cpu_baseline,628375,319167,0,0,0,0,,,,,none
391,387,1607374870584874,1607374870794500,1607374871434125,1607374871918207,cpu_baseline,639625,209626,0,0,0,0,,,,,none
392,388,1607374871918207,1607374872173416,1607374872814416,1607374873251541,cpu_baseline,641000,255209,0,0,0,0,,,,,none
393,389,1607374873251541,1607374873487458,1607374874116791,1607374874584874,cpu_baseline,629333,235917,0,0,0,0,,,,,none
394,390,1607374874584874,1607374874833958,1607374875460125,1607374875918207,cpu_baseline,626167,249084,0,0,0,0,,,,,none
395,391,1607374875918207,1607374876164000,1607374876802041,1607374877251541,cpu_baseline,638041,245793,0,0,0,0,,,,,none
396,392,1607374877251541,1607374877500666,1607374878140541,1607374878584874,cpu_baseline,639875,249125,0,0,0,0,,,,,none
397,393,1607374878584874,1607374878818916,1607374879475000,1607374879918207,cpu_baseline,656084,234042,0,0,0,0,,,,,none
398,394,1607374879918207,1607374880151333,1607374880789416,1607374881251541,cpu_baseline,638083,233126,0,0,0,0,,,,,none
399,395,1607374881251541,1607374881423375,1607374882087041,1607374882584874,cpu_baseline,663666,171834,0,0,0,0,,,,,none
400,396,1607374882584874,1607374882855083,1607374883541708,1607374883918207,cpu_baseline,686625,270209,0,0,0,0,,,,,none
401,397,1607374883918207,1607374884120625,1607374884761958,1607374885251541,cpu_baseline,641333,202418,0,0,0,0,,,,,none
402,398,1607374885251541,1607374885511625,1607374886134541,1607374886584874,cpu_baseline,622916,260084,0,0,0,0,,,,,none
403,399,1607374886584874,1607374886819916,1607374887487000,1607374887918207,cpu_baseline,667084,235042,0,0,0,0,,,,,none
404,400,1607374887918207,1607374888150166,1607374888774958,1607374889251541,cpu_baseline,624792,231959,0,0,0,0,,,,,none
405,401,1607374889251541,1607374889503750,1607374890133958,1607374890584874,cpu_baseline,630208,252209,0,0,0,0,,,,,none
406,402,1607374890584874,1607374890824125,1607374891496416,1607374891918207,cpu_baseline,672291,239251,0,0,0,0,,,,,none
407,403,1607374891918207,1607374892145083,1607374892784833,1607374893251541,cpu_baseline,639750,226876,0,0,0,0,,,,,none
408,404,1607374893251541,1607374893498166,1607374894151375,1607374894584874,cpu_baseline,653209,246625,0,0,0,0,,,,,none
409,405,1607374894584874,1607374894818083,1607374895480083,1607374895918207,cpu_baseline,662000,233209,0,0,0,0,,,,,none
410,406,1607374895918207,1607374896152833,1607374896764625,1607374897251541,cpu_baseline,611792,234626,0,0,0,0,,,,,none
411,407,1607374897251541,1607374897443583,1607374898062458,1607374898584874,cpu_baseline,618875,192042,0,0,0,0,,,,,none
412,408,1607374898584874,1607374898853416,1607374899470791,1607374899918207,cpu_baseline,617375,268542,0,0,0,0,,,,,none
413,409,1607374899918207,1607374900146833,1607374900762750,1607374901251541,cpu_baseline,615917,228626,0,0,0,0,,,,,none
414,410,1607374901251541,1607374901510916,1607374902139458,1607374902584874,cpu_baseline,628542,259375,0,0,0,0,,,,,none
415,411,1607374902584874,1607374902826750,1607374903460625,1607374903918207,cpu_baseline,633875,241876,0,0,0,0,,,,,none
416,412,1607374903918207,1607374904159333,1607374904815750,1607374905251541,cpu_baseline,656417,241126,0,0,0,0,,,,,none
417,413,1607374905251541,1607374905485625,1607374906111416,1607374906584874,cpu_baseline,625791,234084,0,0,0,0,,,,,none
418,414,1607374906584874,1607374906828708,1607374907451875,1607374907918207,cpu_baseline,623167,243834,0,0,0,0,,,,,none
419,415,1607374907918207,1607374908156125,1607374908776250,1607374909251541,cpu_baseline,620125,237918,0,0,0,0,,,,,none
420,416,1607374909251541,1607374909499750,1607374910140291,1607374910584874,cpu_baseline,640541,248209,0,0,0,0,,,,,none
421,417,1607374910584874,1607374910820833,1607374911452958,1607374911918207,cpu_baseline,632125,235959,0,0,0,0,,,,,none
422,418,1607374911918207,1607374912161333,1607374912789666,1607374913251541,cpu_baseline,628333,243126,0,0,0,0,,,,,none
423,419,1607374913251541,1607374913500083,1607374914142541,1607374914584874,cpu_baseline,642458,248542,0,0,0,0,,,,,none
424,420,1607374914584874,1607374914817500,1607374915477333,1607374915918207,cpu_baseline,659833,232626,0,0,0,0,,,,,none
425,421,1607374915918207,1607374916158125,1607374916822375,1607374917251541,cpu_baseline,664250,239918,0,0,0,0,,,,,none
426,422,1607374917251541,1607374917482750,1607374918124541,1607374918584874,cpu_baseline,641791,231209,0,0,0,0,,,,,none
427,423,1607374918584874,1607374918826916,1607374919508041,1607374919918207,cpu_baseline,681125,242042,0,0,0,0,,,,,none
428,424,1607374919918207,1607374920064166,1607374920725541,1607374921251541,cpu_baseline,661375,145959,0,0,0,0,,,,,none
429,425,1607374921251541,1607374921529833,1607374922195125,1607374922584874,cpu_baseline,665292,278292,0,0,0,0,,,,,none
430,426,1607374922584874,1607374922798208,1607374923470250,1607374923918207,cpu_baseline,672042,213334,0,0,0,0,,,,,none
431,427,1607374923918207,1607374924156458,1607374924788541,1607374925251541,cpu_baseline,632083,238251,0,0,0,0,,,,,none
432,428,1607374925251541,1607374925501958,1607374926157625,1607374926584874,cpu_baseline,655667,250417,0,0,0,0,,,,,none
433,429,1607374926584874,1607374926785833,1607374927416708,1607374927918207,cpu_baseline,630875,200959,0,0,0,0,,,,,none
434,430,1607374927918207,1607374928183625,1607374928798625,1607374929251541,cpu_baseline,615000,265418,0,0,0,0,,,,,none
435,431,1607374929251541,1607374929493416,1607374930199291,1607374930584874,cpu_baseline,705875,241875,0,0,0,0,,,,,none
436,432,1607374930584874,1607374930792416,1607374931448750,1607374931918207,cpu_baseline,656334,207542,0,0,0,0,,,,,none
437,433,1607374931918207,1607374932160208,1607374932801166,1607374933251541,cpu_baseline,640958,242001,0,0,0,0,,,,,none
438,434,1607374933251541,1607374933492833,1607374934113958,1607374934584874,cpu_baseline,621125,241292,0,0,0,0,,,,,none
439,435,1607374934584874,1607374934829791,1607374935472583,1607374935918207,cpu_baseline,642792,244917,0,0,0,0,,,,,none
440,436,1607374935918207,1607374936155541,1607374936791166,1607374937251541,cpu_baseline,635625,237334,0,0,0,0,,,,,none
441,437,1607374937251541,1607374937549125,1607374938174083,1607374938584874,cpu_baseline,624958,297584,0,0,0,0,,,,,none
442,438,1607374938584874,1607374938808208,1607374939428500,1607374939918207,cpu_baseline,620292,223334,0,0,0,0,,,,,none
443,439,1607374939918207,1607374940174916,1607374940832541,1607374941251541,cpu_baseline,657625,256709,0,0,0,0,,,,,none
444,440,1607374941251541,1607374941470708,1607374942116458,1607374942584874,cpu_baseline,645750,219167,0,0,0,0,,,,,none
445,441,1607374942584874,1607374942827458,1607374943463375,1607374943918207,cpu_baseline,635917,242584,0,0,0,0,,,,,none
446,442,1607374943918207,1607374944151291,1607374944785625,1607374945251541,cpu_baseline,634334,233084,0,0,0,0,,,,,none
447,443,1607374945251541,1607374945489458,1607374946121208,1607374946584874,cpu_baseline,631750,237917,0,0,0,0,,,,,none
448,444,1607374946584874,1607374946823291,1607374947466708,1607374947918207,cpu_baseline,643417,238417,0,0,0,0,,,,,none
449,445,1607374947918207,1607374948152458,1607374948786708,1607374949251541,cpu_baseline,634250,234251,0,0,0,0,,,,,none
450,446,1607374949251541,1607374949491000,1607374950118708,1607374950584874,cpu_baseline,627708,239459,0,0,0,0,,,,,none
451,447,1607374950584874,1607374950824416,1607374951446916,1607374951918207,cpu_baseline,622500,239542,0,0,0,0,,,,,none
452,448,1607374951918207,1607374952164166,1607374952971291,1607374953251541,cpu_baseline,807125,245959,0,0,0,0,,,,,none
453,449,1607374953251541,1607374953394750,1607374954027666,1607374954584874,cpu_baseline,632916,143209,0,0,0,0,,,,,none
454,450,1607374954584874,1607374954871083,1607374955504958,1607374955918207,cpu_baseline,633875,286209,0,0,0,0,,,,,none
455,451,1607374955918207,1607374956133083,1607374956762541,1607374957251541,cpu_baseline,629458,214876,0,0,0,0,,,,,none
456,452,1607374957251541,1607374957508041,1607374958170083,1607374958584874,cpu_baseline,662042,256500,0,0,0,0,,,,,none
457,453,1607374958584874,1607374958802666,1607374959445333,1607374959918207,cpu_baseline,642667,217792,0,0,0,0,,,,,none
458,454,1607374959918207,1607374959941041,1607374960604208,1607374961251541,cpu_baseline,663167,22834,0,0,0,0,,,,,none
459,455,1607374961251541,1607374961602416,1607374962233166,1607374962584874,cpu_baseline,630750,350875,0,0,0,0,,,,,none
460,456,1607374962584874,1607374962782375,1607374963435958,1607374963918207,cpu_baseline,653583,197501,0,0,0,0,,,,,none
461,457,1607374963918207,1607374964169333,1607374964818625,1607374965251541,cpu_baseline,649292,251126,0,0,0,0,,,,,none
462,458,1607374965251541,1607374965479458,1607374966127583,1607374966584874,cpu_baseline,648125,227917,0,0,0,0,,,,,none
463,459,1607374966584874,1607374966834833,1607374967458291,1607374967918207,cpu_baseline,623458,249959,0,0,0,0,,,,,none
464,460,1607374967918207,1607374968168750,1607374968997416,1607374969251541,cpu_baseline,828666,250543,0,0,0,0,,,,,none
465,461,1607374969251541,1607374969388666,1607374970014416,1607374970584874,cpu_baseline,625750,137125,0,0,0,0,,,,,none
466,462,1607374970584874,1607374970878250,1607374971539416,1607374971918207,cpu_baseline,661166,293376,0,0,0,0,,,,,none
467,463,1607374971918207,1607374972122291,1607374972788208,1607374973251541,cpu_baseline,665917,204084,0,0,0,0,,,,,none
468,464,1607374973251541,1607374973493875,1607374974123541,1607374974584874,cpu_baseline,629666,242334,0,0,0,0,,,,,none
469,465,1607374974584874,1607374974825875,1607374975456791,1607374975918207,cpu_baseline,630916,241001,0,0,0,0,,,,,none
470,466,1607374975918207,1607374976159708,1607374976781166,1607374977251541,cpu_baseline,621458,241501,0,0,0,0,,,,,none
471,467,1607374977251541,1607374977501625,1607374978126833,1607374978584874,cpu_baseline,625208,250084,0,0,0,0,,,,,none
472,468,1607374978584874,1607374978824166,1607374979492291,1607374979918207,cpu_baseline,668125,239292,0,0,0,0,,,,,none
473,469,1607374979918207,1607374980144250,1607374980774458,1607374981251541,cpu_baseline,630208,226043,0,0,0,0,,,,,none
474,470,1607374981251541,1607374981300833,1607374981925041,1607374982584874,cpu_baseline,624208,49292,0,0,0,0,,,,,none
475,471,1607374982584874,1607374982923083,1607374983546583,1607374983918207,cpu_baseline,623500,338209,0,0,0,0,,,,,none
476,472,1607374983918207,1607374984091583,1607374984824791,1607374985251541,cpu_baseline,733208,173376,0,0,0,0,,,,,none
477,473,1607374985251541,1607374985478291,1607374986104208,1607374986584874,cpu_baseline,625917,226750,0,0,0,0,,,,,none
478,474,1607374986584874,1607374986836375,1607374987478458,1607374987918207,cpu_baseline,642083,251501,0,0,0,0,,,,,none
479,475,1607374987918207,1607374988151083,1607374988789958,1607374989251541,cpu_baseline,638875,232876,0,0,0,0,,,,,none
480,476,1607374989251541,1607374989491041,1607374990118583,1607374990584874,cpu_baseline,627542,239500,0,0,0,0,,,,,none
481,477,1607374990584874,1607374990835291,1607374991503041,1607374991918207,cpu_baseline,667750,250417,0,0,0,0,,,,,none
482,478,1607374991918207,1607374992133708,1607374992776500,1607374993251541,cpu_baseline,642792,215501,0,0,0,0,,,,,none
483,479,1607374993251541,1607374993494625,1607374994124833,1607374994584874,cpu_baseline,630208,243084,0,0,0,0,,,,,none
484,480,1607374994584874,1607374994820291,1607374995453625,1607374995918207,cpu_baseline,633334,235417,0,0,0,0,,,,,none
485,481,1607374995918207,1607374996156791,1607374996785708,1607374997251541,cpu_baseline,628917,238584,0,0,0,0,,,,,none
486,482,1607374997251541,1607374997493083,1607374998110791,1607374998584874,cpu_baseline,617708,241542,0,0,0,0,,,,,none
487,483,1607374998584874,1607374998830541,1607374999450625,1607374999918207,cpu_baseline,620084,245667,0,0,0,0,,,,,none
488,484,1607374999918207,1607375000160208,1607375000791458,1607375001251541,cpu_baseline,631250,242001,0,0,0,0,,,,,none
489,485,1607375001251541,1607375001494875,1607375002131125,1607375002584874,cpu_baseline,636250,243334,0,0,0,0,,,,,none
490,486,1607375002584874,1607375002819208,1607375003443041,1607375003918207,cpu_baseline,623833,234334,0,0,0,0,,,,,none
491,487,1607375003918207,1607375004164083,1607375004792750,1607375005251541,cpu_baseline,628667,245876,0,0,0,0,,,,,none
492,488,1607375005251541,1607375005496583,1607375006152250,1607375006584874,cpu_baseline,655667,245042,0,0,0,0,,,,,none
493,489,1607375006584874,1607375006816500,1607375007463958,1607375007918207,cpu_baseline,647458,231626,0,0,0,0,,,,,none
494,490,1607375007918207,1607375008042875,1607375008687250,1607375009251541,cpu_baseline,644375,124668,0,0,0,0,,,,,none
495,491,1607375009251541,1607375009546583,1607375010171083,1607375010584874,cpu_baseline,624500,295042,0,0,0,0,,,,,none
496,492,1607375010584874,1607375010800416,1607375011426041,1607375011918207,cpu_baseline,625625,215542,0,0,0,0,,,,,none
497,493,1607375011918207,1607375012179791,1607375012829708,1607375013251541,cpu_baseline,649917,261584,0,0,0,0,,,,,none
498,494,1607375013251541,1607375013473416,1607375014116708,1607375014584874,cpu_baseline,643292,221875,0,0,0,0,,,,,none
499,495,1607375014584874,1607375014833791,1607375015472000,1607375015918207,cpu_baseline,638209,248917,0,0,0,0,,,,,none
500,496,1607375015918207,1607375016160166,1607375016810291,1607375017251541,cpu_baseline,650125,241959,0,0,0,0,,,,,none
501,497,1607375017251541,1607375017495750,1607375018139375,1607375018584874,cpu_baseline,643625,244209,0,0,0,0,,,,,none
502,498,1607375018584874,1607375018819625,1607375019464083,1607375019918207,cpu_baseline,644458,234751,0,0,0,0,,,,,none
503,499,1607375019918207,1607375020157541,1607375020824166,1607375021251541,cpu_baseline,666625,239334,0,0,0,0,,,,,none
504,500,1607375021251541,1607375021478958,1607375022131041,1607375022584874,cpu_baseline,652083,227417,0,0,0,0,,,,,none
505,501,1607375022584874,1607375022819541,1607375023460333,1607375023918207,cpu_baseline,640792,234667,0,0,0,0,,,,,none
506,502,1607375023918207,1607375023980333,1607375024616750,1607375025251541,cpu_baseline,636417,62126,0,0,0,0,,,,,none
507,503,1607375025251541,1607375025583166,1607375026241500,1607375026584874,cpu_baseline,658334,331625,0,0,0,0,,,,,none
508,504,1607375026584874,1607375026768666,1607375027423041,1607375027918207,cpu_baseline,654375,183792,0,0,0,0,,,,,none
509,505,1607375027918207,1607375028178166,1607375028810166,1607375029251541,cpu_baseline,632000,259959,0,0,0,0,,,,,none
510,506,1607375029251541,1607375029478375,1607375030109791,1607375030584874,cpu_baseline,631416,226834,0,0,0,0,,,,,none
511,507,1607375030584874,1607375030831250,1607375031474500,1607375031918207,cpu_baseline,643250,246376,0,0,0,0,,,,,none
512,508,1607375031918207,1607375031981208,1607375032632000,1607375033251541,cpu_baseline,650792,63001,0,0,0,0,,,,,none
513,509,1607375033251541,1607375033569333,1607375034191708,1607375034584874,cpu_baseline,622375,317792,0,0,0,0,,,,,none
514,510,1607375034584874,1607375034791791,1607375035431708,1607375035918207,cpu_baseline,639917,206917,0,0,0,0,,,,,none
515,511,1607375035918207,1607375036173041,1607375036800333,1607375037251541,cpu_baseline,627292,254834,0,0,0,0,,,,,none
516,512,1607375037251541,1607375037489750,1607375038115125,1607375038584874,cpu_baseline,625375,238209,0,0,0,0,,,,,none
517,513,1607375038584874,1607375038828541,1607375039453875,1607375039918207,cpu_baseline,625334,243667,0,0,0,0,,,,,none
518,514,1607375039918207,1607375039981041,1607375040622791,1607375041251541,cpu_baseline,641750,62834,0,0,0,0,,,,,none
519,515,1607375041251541,1607375041579291,1607375042216625,1607375042584874,cpu_baseline,637334,327750,0,0,0,0,,,,,none
520,516,1607375042584874,1607375042840791,1607375043505333,1607375043918207,cpu_baseline,664542,255917,0,0,0,0,,,,,none
521,517,1607375043918207,1607375044142916,1607375044784333,1607375045251541,cpu_baseline,641417,224709,0,0,0,0,,,,,none
522,518,1607375045251541,1607375045500791,1607375046134625,1607375046584874,cpu_baseline,633834,249250,0,0,0,0,,,,,none
523,519,1607375046584874,1607375046825375,1607375047661875,1607375047918207,cpu_baseline,836500,240501,0,0,0,0,,,,,none
524,520,1607375047918207,1607375048061583,1607375048703583,1607375049251541,cpu_baseline,642000,143376,0,0,0,0,,,,,none
525,521,1607375049251541,1607375049536000,1607375050175541,1607375050584874,cpu_baseline,639541,284459,0,0,0,0,,,,,none
526,522,1607375050584874,1607375050799041,1607375051442458,1607375051918207,cpu_baseline,643417,214167,0,0,0,0,,,,,none
527,523,1607375051918207,1607375052172041,1607375052814625,1607375053251541,cpu_baseline,642584,253834,0,0,0,0,,,,,none
528,524,1607375053251541,1607375053487166,1607375054125375,1607375054584874,cpu_baseline,638209,235625,0,0,0,0,,,,,none
529,525,1607375054584874,1607375054825333,1607375055459875,1607375055918207,cpu_baseline,634542,240459,0,0,0,0,,,,,none
530,526,1607375055918207,1607375056156958,1607375056818958,1607375057251541,cpu_baseline,662000,238751,0,0,0,0,,,,,none
531,527,1607375057251541,1607375057481458,1607375058114541,1607375058584874,cpu_baseline,633083,229917,0,0,0,0,,,,,none
532,528,1607375058584874,1607375058832291,1607375059483291,1607375059918207,cpu_baseline,651000,247417,0,0,0,0,,,,,none
533,529,1607375059918207,1607375060146833,1607375060780833,1607375061251541,cpu_baseline,634000,228626,0,0,0,0,,,,,none
534,530,1607375061251541,1607375061500916,1607375062150333,1607375062584874,cpu_baseline,649417,249375,0,0,0,0,,,,,none
535,531,1607375062584874,1607375062814958,1607375063474500,1607375063918207,cpu_baseline,659542,230084,0,0,0,0,,,,,none
536,532,1607375063918207,1607375064152458,1607375064775916,1607375065251541,cpu_baseline,623458,234251,0,0,0,0,,,,,none
537,533,1607375065251541,1607375065503958,1607375066164166,1607375066584874,cpu_baseline,660208,252417,0,0,0,0,,,,,none
538,534,1607375066584874,1607375066803708,1607375067446083,1607375067918207,cpu_baseline,642375,218834,0,0,0,0,,,,,none
539,535,1607375067918207,1607375068161625,1607375068788291,1607375069251541,cpu_baseline,626666,243418,0,0,0,0,,,,,none
540,536,1607375069251541,1607375069491833,1607375070127375,1607375070584874,cpu_baseline,635542,240292,0,0,0,0,,,,,none
541,537,1607375070584874,1607375070818708,1607375071452000,1607375071918207,cpu_baseline,633292,233834,0,0,0,0,,,,,none
542,538,1607375071918207,1607375072158916,1607375072791916,1607375073251541,cpu_baseline,633000,240709,0,0,0,0,,,,,none
543,539,1607375073251541,1607375073490208,1607375074118416,1607375074584874,cpu_baseline,628208,238667,0,0,0,0,,,,,none
544,540,1607375074584874,1607375074827708,1607375075464375,1607375075918207,cpu_baseline,636667,242834,0,0,0,0,,,,,none
545,541,1607375075918207,1607375076164500,1607375076804708,1607375077251541,cpu_baseline,640208,246293,0,0,0,0,,,,,none
546,542,1607375077251541,1607375077500250,1607375078151166,1607375078584874,cpu_baseline,650916,248709,0,0,0,0,,,,,none
547,543,1607375078584874,1607375078822166,1607375079459458,1607375079918207,cpu_baseline,637292,237292,0,0,0,0,,,,,none
548,544,1607375079918207,1607375080154583,1607375080787208,1607375081251541,cpu_baseline,632625,236376,0,0,0,0,,,,,none
549,545,1607375081251541,1607375081489208,1607375082135291,1607375082584874,cpu_baseline,646083,237667,0,0,0,0,,,,,none
550,546,1607375082584874,1607375082814500,1607375083450916,1607375083918207,cpu_baseline,636416,229626,0,0,0,0,,,,,none
551,547,1607375083918207,1607375084157458,1607375084785291,1607375085251541,cpu_baseline,627833,239251,0,0,0,0,,,,,none
552,548,1607375085251541,1607375085492458,1607375086132250,1607375086584874,cpu_baseline,639792,240917,0,0,0,0,,,,,none
553,549,1607375086584874,1607375086819875,1607375087457291,1607375087918207,cpu_baseline,637416,235001,0,0,0,0,,,,,none
554,550,1607375087918207,1607375088159875,1607375088794458,1607375089251541,cpu_baseline,634583,241668,0,0,0,0,,,,,none
555,551,1607375089251541,1607375089489166,1607375090134375,1607375090584874,cpu_baseline,645209,237625,0,0,0,0,,,,,none
556,552,1607375090584874,1607375090817208,1607375091462416,1607375091918207,cpu_baseline,645208,232334,0,0,0,0,,,,,none
557,553,1607375091918207,1607375092152541,1607375092792291,1607375093251541,cpu_baseline,639750,234334,0,0,0,0,,,,,none
558,554,1607375093251541,1607375093487708,1607375094117291,1607375094584874,cpu_baseline,629583,236167,0,0,0,0,,,,,none
559,555,1607375094584874,1607375094824041,1607375095454125,1607375095918207,cpu_baseline,630084,239167,0,0,0,0,,,,,none
560,556,1607375095918207,1607375096162000,1607375096813458,1607375097251541,cpu_baseline,651458,243793,0,0,0,0,,,,,none
561,557,1607375097251541,1607375097480083,1607375098103916,1607375098584874,cpu_baseline,623833,228542,0,0,0,0,,,,,none
562,558,1607375098584874,1607375098836125,1607375099475250,1607375099918207,cpu_baseline,639125,251251,0,0,0,0,,,,,none
563,559,1607375099918207,1607375100153708,1607375100799208,1607375101251541,cpu_baseline,645500,235501,0,0,0,0,,,,,none
564,560,1607375101251541,1607375101492666,1607375102132500,1607375102584874,cpu_baseline,639834,241125,0,0,0,0,,,,,none
565,561,1607375102584874,1607375102746458,1607375103421125,1607375103918207,cpu_baseline,674667,161584,0,0,0,0,,,,,none
566,562,1607375103918207,1607375104184500,1607375104823041,1607375105251541,cpu_baseline,638541,266293,0,0,0,0,,,,,none
567,563,1607375105251541,1607375105474791,1607375106109666,1607375106584874,cpu_baseline,634875,223250,0,0,0,0,,,,,none
568,564,1607375106584874,1607375106831541,1607375107476208,1607375107918207,cpu_baseline,644667,246667,0,0,0,0,,,,,none
569,565,1607375107918207,1607375108151541,1607375108788000,1607375109251541,cpu_baseline,636459,233334,0,0,0,0,,,,,none
570,566,1607375109251541,1607375109497833,1607375110154666,1607375110584874,cpu_baseline,656833,246292,0,0,0,0,,,,,none
571,567,1607375110584874,1607375110815791,1607375111449166,1607375111918207,cpu_baseline,633375,230917,0,0,0,0,,,,,none
572,568,1607375111918207,1607375112163041,1607375112796375,1607375113251541,cpu_baseline,633334,244834,0,0,0,0,,,,,none
573,569,1607375113251541,1607375113485583,1607375114135291,1607375114584874,cpu_baseline,649708,234042,0,0,0,0,,,,,none
574,570,1607375114584874,1607375114823958,1607375115447958,1607375115918207,cpu_baseline,624000,239084,0,0,0,0,,,,,none
575,571,1607375115918207,1607375116168208,1607375116843166,1607375117251541,cpu_baseline,674958,250001,0,0,0,0,,,,,none
576,572,1607375117251541,1607375117471666,1607375118103791,1607375118584874,cpu_baseline,632125,220125,0,0,0,0,,,,,none
577,573,1607375118584874,1607375118839500,1607375119487666,1607375119918207,cpu_baseline,648166,254626,0,0,0,0,,,,,none
578,574,1607375119918207,1607375120143416,1607375120797125,1607375121251541,cpu_baseline,653709,225209,0,0,0,0,,,,,none
579,575,1607375121251541,1607375121494791,1607375122133791,1607375122584874,cpu_baseline,639000,243250,0,0,0,0,,,,,none
580,576,1607375122584874,1607375122828416,1607375123476791,1607375123918207,cpu_baseline,648375,243542,0,0,0,0,,,,,none
581,577,1607375123918207,1607375124156000,1607375124811125,1607375125251541,cpu_baseline,655125,237793,0,0,0,0,,,,,none
582,578,1607375125251541,1607375125508958,1607375126155166,1607375126584874,cpu_baseline,646208,257417,0,0,0,0,,,,,none
583,579,1607375126584874,1607375126816291,1607375127466041,1607375127918207,cpu_baseline,649750,231417,0,0,0,0,,,,,none
584,580,1607375127918207,1607375128152208,1607375128786458,1607375129251541,cpu_baseline,634250,234001,0,0,0,0,,,,,none
585,581,1607375129251541,1607375129495375,1607375130133500,1607375130584874,cpu_baseline,638125,243834,0,0,0,0,,,,,none
586,582,1607375130584874,1607375130818458,1607375131442416,1607375131918207,cpu_baseline,623958,233584,0,0,0,0,,,,,none
587,583,1607375131918207,1607375132165916,1607375132804291,1607375133251541,cpu_baseline,638375,247709,0,0,0,0,,,,,none
588,584,1607375133251541,1607375133486791,1607375134117500,1607375134584874,cpu_baseline,630709,235250,0,0,0,0,,,,,none
589,585,1607375134584874,1607375134840250,1607375135655208,1607375135918207,cpu_baseline,814958,255376,0,0,0,0,,,,,none
590,586,1607375135918207,1607375136067583,1607375136712208,1607375137251541,cpu_baseline,644625,149376,0,0,0,0,,,,,none
591,587,1607375137251541,1607375137532291,1607375138166125,1607375138584874,cpu_baseline,633834,280750,0,0,0,0,,,,,none
592,588,1607375138584874,1607375138809625,1607375139463458,1607375139918207,cpu_baseline,653833,224751,0,0,0,0,,,,,none
593,589,1607375139918207,1607375140168625,1607375140795916,1607375141251541,cpu_baseline,627291,250418,0,0,0,0,,,,,none
594,590,1607375141251541,1607375141493583,1607375142121708,1607375142584874,cpu_baseline,628125,242042,0,0,0,0,,,,,none
595,591,1607375142584874,1607375142828208,1607375143453791,1607375143918207,cpu_baseline,625583,243334,0,0,0,0,,,,,none
596,592,1607375143918207,1607375144161833,1607375144800791,1607375145251541,cpu_baseline,638958,243626,0,0,0,0,,,,,none
597,593,1607375145251541,1607375145492416,1607375146130833,1607375146584874,cpu_baseline,638417,240875,0,0,0,0,,,,,none
598,594,1607375146584874,1607375146819583,1607375147447833,1607375147918207,cpu_baseline,628250,234709,0,0,0,0,,,,,none
599,595,1607375147918207,1607375148168708,1607375148780750,1607375149251541,cpu_baseline,612042,250501,0,0,0,0,,,,,none
600,596,1607375149251541,1607375149503583,1607375150122291,1607375150584874,cpu_baseline,618708,252042,0,0,0,0,,,,,none
601,597,1607375150584874,1607375150834500,1607375151462916,1607375151918207,cpu_baseline,628416,249626,0,0,0,0,,,,,none
602,598,1607375151918207,1607375152156291,1607375152798958,1607375153251541,cpu_baseline,642667,238084,0,0,0,0,,,,,none
603,599,1607375153251541,1607375153493125,1607375154112166,1607375154584874,cpu_baseline,619041,241584,0,0,0,0,,,,,none
604,600,1607375154584874,1607375154836458,1607375155457875,1607375155918207,cpu_baseline,621417,251584,0,0,0,0,,,,,none
605,601,1607375155918207,1607375156159791,1607375156792833,1607375157251541,cpu_baseline,633042,241584,0,0,0,0,,,,,none
606,602,1607375157251541,1607375157488416,1607375158117666,1607375158584874,cpu_baseline,629250,236875,0,0,0,0,,,,,none
607,603,1607375158584874,1607375158840416,1607375159494041,1607375159918207,cpu_baseline,653625,255542,0,0,0,0,,,,,none
608,604,1607375159918207,1607375160145916,1607375160767375,1607375161251541,cpu_baseline,621459,227709,0,0,0,0,,,,,none
609,605,1607375161251541,1607375161506166,1607375162134250,1607375162584874,cpu_baseline,628084,254625,0,0,0,0,,,,,none
610,606,1607375162584874,1607375162819166,1607375163455000,1607375163918207,cpu_baseline,635834,234292,0,0,0,0,,,,,none
611,607,1607375163918207,1607375164156708,1607375164786041,1607375165251541,cpu_baseline,629333,238501,0,0,0,0,,,,,none
612,608,1607375165251541,1607375165489541,1607375166125333,1607375166584874,cpu_baseline,635792,238000,0,0,0,0,,,,,none
613,609,1607375166584874,1607375166824458,1607375167457666,1607375167918207,cpu_baseline,633208,239584,0,0,0,0,,,,,none
614,610,1607375167918207,1607375168152791,1607375168788458,1607375169251541,cpu_baseline,635667,234584,0,0,0,0,,,,,none
615,611,1607375169251541,1607375169487916,1607375170114000,1607375170584874,cpu_baseline,626084,236375,0,0,0,0,,,,,none
616,612,1607375170584874,1607375170630666,1607375171274625,1607375171918207,cpu_baseline,643959,45792,0,0,0,0,,,,,none
617,613,1607375171918207,1607375172252125,1607375172885625,1607375173251541,cpu_baseline,633500,333918,0,0,0,0,,,,,none
618,614,1607375173251541,1607375173442500,1607375174075541,1607375174584874,cpu_baseline,633041,190959,0,0,0,0,,,,,none
619,615,1607375174584874,1607375174851541,1607375175478750,1607375175918207,cpu_baseline,627209,266667,0,0,0,0,,,,,none
620,616,1607375175918207,1607375176148666,1607375176775083,1607375177251541,cpu_baseline,626417,230459,0,0,0,0,,,,,none
621,617,1607375177251541,1607375177494916,1607375178119666,1607375178584874,cpu_baseline,624750,243375,0,0,0,0,,,,,none
622,618,1607375178584874,1607375178825083,1607375179454208,1607375179918207,cpu_baseline,629125,240209,0,0,0,0,,,,,none
623,619,1607375179918207,1607375180160041,1607375180786708,1607375181251541,cpu_baseline,626667,241834,0,0,0,0,,,,,none
624,620,1607375181251541,1607375181496791,1607375182121333,1607375182584874,cpu_baseline,624542,245250,0,0,0,0,,,,,none
625,621,1607375182584874,1607375182829250,1607375183463166,1607375183918207,cpu_baseline,633916,244376,0,0,0,0,,,,,none
626,622,1607375183918207,1607375184156458,1607375184791500,1607375185251541,cpu_baseline,635042,238251,0,0,0,0,,,,,none
627,623,1607375185251541,1607375185490666,1607375186120750,1607375186584874,cpu_baseline,630084,239125,0,0,0,0,,,,,none
628,624,1607375186584874,1607375186826916,1607375187469833,1607375187918207,cpu_baseline,642917,242042,0,0,0,0,,,,,none
629,625,1607375187918207,1607375188026875,1607375188669416,1607375189251541,cpu_baseline,642541,108668,0,0,0,0,,,,,none
630,626,1607375189251541,1607375189555208,1607375190191875,1607375190584874,cpu_baseline,636667,303667,0,0,0,0,,,,,none
631,627,1607375190584874,1607375190792500,1607375191455958,1607375191918207,cpu_baseline,663458,207626,0,0,0,0,,,,,none
632,628,1607375191918207,1607375192163916,1607375192837625,1607375193251541,cpu_baseline,673709,245709,0,0,0,0,,,,,none
633,629,1607375193251541,1607375193468833,1607375194136000,1607375194584874,cpu_baseline,667167,217292,0,0,0,0,,,,,none
634,630,1607375194584874,1607375194824875,1607375195469458,1607375195918207,cpu_baseline,644583,240001,0,0,0,0,,,,,none
635,631,1607375195918207,1607375195936041,1607375196575083,1607375197251541,cpu_baseline,639042,17834,0,0,0,0,,,,,none
636,632,1607375197251541,1607375197609791,1607375198243083,1607375198584874,cpu_baseline,633292,358250,0,0,0,0,,,,,none
637,633,1607375198584874,1607375198769333,1607375199446291,1607375199918207,cpu_baseline,676958,184459,0,0,0,0,,,,,none
638,634,1607375199918207,1607375200182125,1607375200932875,1607375201251541,cpu_baseline,750750,263918,0,0,0,0,,,,,none
639,635,1607375201251541,1607375201427000,1607375202065166,1607375202584874,cpu_baseline,638166,175459,0,0,0,0,,,,,none
640,636,1607375202584874,1607375202865375,1607375203534083,1607375203918207,cpu_baseline,668708,280501,0,0,0,0,,,,,none
641,637,1607375203918207,1607375204121666,1607375204783208,1607375205251541,cpu_baseline,661542,203459,0,0,0,0,,,,,none
642,638,1607375205251541,1607375205504708,1607375206147833,1607375206584874,cpu_baseline,643125,253167,0,0,0,0,,,,,none
643,639,1607375206584874,1607375206830166,1607375207521458,1607375207918207,cpu_baseline,691292,245292,0,0,0,0,,,,,none
644,640,1607375207918207,1607375208126916,1607375208772291,1607375209251541,cpu_baseline,645375,208709,0,0,0,0,,,,,none
645,641,1607375209251541,1607375209508166,1607375210134000,1607375210584874,cpu_baseline,625834,256625,0,0,0,0,,,,,none
646,642,1607375210584874,1607375210686416,1607375211348958,1607375211918207,cpu_baseline,662542,101542,0,0,0,0,,,,,none
647,643,1607375211918207,1607375212221875,1607375212859708,1607375213251541,cpu_baseline,637833,303668,0,0,0,0,,,,,none
648,644,1607375213251541,1607375213270125,1607375213914375,1607375214584874,cpu_baseline,644250,18584,0,0,0,0,,,,,none
649,645,1607375214584874,1607375214928875,1607375215577125,1607375215918207,cpu_baseline,648250,344001,0,0,0,0,,,,,none
650,646,1607375215918207,1607375216102875,1607375216731666,1607375217251541,cpu_baseline,628791,184668,0,0,0,0,,,,,none
651,647,1607375217251541,1607375217518708,1607375218147291,1607375218584874,cpu_baseline,628583,267167,0,0,0,0,,,,,none
652,648,1607375218584874,1607375218811208,1607375219438708,1607375219918207,cpu_baseline,627500,226334,0,0,0,0,,,,,none
653,649,1607375219918207,1607375220172250,1607375220799791,1607375221251541,cpu_baseline,627541,254043,0,0,0,0,,,,,none
654,650,1607375221251541,1607375221497375,1607375222120625,1607375222584874,cpu_baseline,623250,245834,0,0,0,0,,,,,none
655,651,1607375222584874,1607375222829041,1607375223540791,1607375223918207,cpu_baseline,711750,244167,0,0,0,0,,,,,none
656,652,1607375223918207,1607375224115250,1607375224739791,1607375225251541,cpu_baseline,624541,197043,0,0,0,0,,,,,none
657,653,1607375225251541,1607375225522958,1607375226200708,1607375226584874,cpu_baseline,677750,271417,0,0,0,0,,,,,none
658,654,1607375226584874,1607375226791750,1607375227435208,1607375227918207,cpu_baseline,643458,206876,0,0,0,0,,,,,none
659,655,1607375227918207,1607375228174916,1607375228835458,1607375229251541,cpu_baseline,660542,256709,0,0,0,0,,,,,none
660,656,1607375229251541,1607375229474583,1607375230098875,1607375230584874,cpu_baseline,624292,223042,0,0,0,0,,,,,none
661,657,1607375230584874,1607375230842875,1607375231482833,1607375231918207,cpu_baseline,639958,258001,0,0,0,0,,,,,none
662,658,1607375231918207,1607375232153708,1607375232781208,1607375233251541,cpu_baseline,627500,235501,0,0,0,0,,,,,none
663,659,1607375233251541,1607375233496625,1607375234125750,1607375234584874,cpu_baseline,629125,245084,0,0,0,0,,,,,none
664,660,1607375234584874,1607375234822458,1607375235469833,1607375235918207,cpu_baseline,647375,237584,0,0,0,0,,,,,none
665,661,1607375235918207,1607375236159666,1607375236786250,1607375237251541,cpu_baseline,626584,241459,0,0,0,0,,,,,none
666,662,1607375237251541,1607375237497625,1607375238153250,1607375238584874,cpu_baseline,655625,246084,0,0,0,0,,,,,none
667,663,1607375238584874,1607375238645916,1607375239268708,1607375239918207,cpu_baseline,622792,61042,0,0,0,0,,,,,none
668,664,1607375239918207,1607375240258416,1607375240923791,1607375241251541,cpu_baseline,665375,340209,0,0,0,0,,,,,none
669,665,1607375241251541,1607375241423541,1607375242048291,1607375242584874,cpu_baseline,624750,172000,0,0,0,0,,,,,none
670,666,1607375242584874,1607375242613500,1607375243255166,1607375243918207,cpu_baseline,641666,28626,0,0,0,0,,,,,none
671,667,1607375243918207,1607375244261875,1607375244905916,1607375245251541,cpu_baseline,644041,343668,0,0,0,0,,,,,none
672,668,1607375245251541,1607375245448958,1607375246216375,1607375246584874,cpu_baseline,767417,197417,0,0,0,0,,,,,none
673,669,1607375246584874,1607375246787000,1607375247423750,1607375247918207,cpu_baseline,636750,202126,0,0,0,0,,,,,none
674,670,1607375247918207,1607375248179041,1607375248825625,1607375249251541,cpu_baseline,646584,260834,0,0,0,0,,,,,none
675,671,1607375249251541,1607375249476125,1607375250091958,1607375250584874,cpu_baseline,615833,224584,0,0,0,0,,,,,none
676,672,1607375250584874,1607375250840500,1607375251430125,1607375251918207,cpu_baseline,589625,255626,0,0,0,0,,,,,none
677,673,1607375251918207,1607375252170250,1607375252773333,1607375253251541,cpu_baseline,603083,252043,0,0,0,0,,,,,none
678,674,1607375253251541,1607375253502416,1607375254134208,1607375254584874,cpu_baseline,631792,250875,0,0,0,0,,,,,none
679,675,1607375254584874,1607375254819041,1607375255426541,1607375255918207,cpu_baseline,607500,234167,0,0,0,0,,,,,none
680,676,1607375255918207,1607375256173875,1607375256781625,1607375257251541,cpu_baseline,607750,255668,0,0,0,0,,,,,none
681,677,1607375257251541,1607375257494208,1607375258093541,1607375258584874,cpu_baseline,599333,242667,0,0,0,0,,,,,none
682,678,1607375258584874,1607375258839708,1607375259465125,1607375259918207,cpu_baseline,625417,254834,0,0,0,0,,,,,none
683,679,1607375259918207,1607375260160750,1607375260767583,1607375261251541,cpu_baseline,606833,242543,0,0,0,0,,,,,none
684,680,1607375261251541,1607375261506500,1607375262137791,1607375262584874,cpu_baseline,631291,254959,0,0,0,0,,,,,none
685,681,1607375262584874,1607375262816166,1607375263421458,1607375263918207,cpu_baseline,605292,231292,0,0,0,0,,,,,none
686,682,1607375263918207,1607375264179208,1607375264801666,1607375265251541,cpu_baseline,622458,261001,0,0,0,0,,,,,none
687,683,1607375265251541,1607375265489291,1607375266126125,1607375266584874,cpu_baseline,636834,237750,0,0,0,0,,,,,none
688,684,1607375266584874,1607375266822916,1607375267433041,1607375267918207,cpu_baseline,610125,238042,0,0,0,0,,,,,none
689,685,1607375267918207,1607375268176166,1607375268782875,1607375269251541,cpu_baseline,606709,257959,0,0,0,0,,,,,none
690,686,1607375269251541,1607375269500125,1607375270174333,1607375270584874,cpu_baseline,674208,248584,0,0,0,0,,,,,none
691,687,1607375270584874,1607375270816291,1607375271427875,1607375271918207,cpu_baseline,611584,231417,0,0,0,0,,,,,none
692,688,1607375271918207,1607375272182291,1607375272791750,1607375273251541,cpu_baseline,609459,264084,0,0,0,0,,,,,none
693,689,1607375273251541,1607375273503000,1607375274127000,1607375274584874,cpu_baseline,624000,251459,0,0,0,0,,,,,none
694,690,1607375274584874,1607375274823250,1607375275418041,1607375275918207,cpu_baseline,594791,238376,0,0,0,0,,,,,none
695,691,1607375275918207,1607375276180083,1607375276823750,1607375277251541,cpu_baseline,643667,261876,0,0,0,0,,,,,none
696,692,1607375277251541,1607375277473750,1607375278105583,1607375278584874,cpu_baseline,631833,222209,0,0,0,0,,,,,none
697,693,1607375278584874,1607375278838125,1607375279499208,1607375279918207,cpu_baseline,661083,253251,0,0,0,0,,,,,none
698,694,1607375279918207,1607375280145458,1607375280779083,1607375281251541,cpu_baseline,633625,227251,0,0,0,0,,,,,none
699,695,1607375281251541,1607375281502375,1607375282165541,1607375282584874,cpu_baseline,663166,250834,0,0,0,0,,,,,none
700,696,1607375282584874,1607375282804625,1607375283580583,1607375283918207,cpu_baseline,775958,219751,0,0,0,0,,,,,none
701,697,1607375283918207,1607375284098666,1607375284730958,1607375285251541,cpu_baseline,632292,180459,0,0,0,0,,,,,none
702,698,1607375285251541,1607375285524500,1607375286158583,1607375286584874,cpu_baseline,634083,272959,0,0,0,0,,,,,none
703,699,1607375286584874,1607375286816875,1607375287477833,1607375287918207,cpu_baseline,660958,232001,0,0,0,0,,,,,none
704,700,1607375287918207,1607375288158875,1607375289415208,1607375289251541,cpu_baseline,1256333,240668,1,0,0,0,,,,,none
705,701,1607375289251541,1607375289415291,1607375290054833,1607375290584874,cpu_baseline,639542,163750,0,0,0,0,,,,,none
706,702,1607375290584874,1607375290912458,1607375291524333,1607375291918207,cpu_baseline,611875,327584,0,0,0,0,,,,,none
707,703,1607375291918207,1607375292137625,1607375292832625,1607375293251541,cpu_baseline,695000,219418,0,0,0,0,,,,,none
708,704,1607375293251541,1607375293469291,1607375294108000,1607375294584874,cpu_baseline,638709,217750,0,0,0,0,,,,,none
709,705,1607375294584874,1607375294834916,1607375295447250,1607375295918207,cpu_baseline,612334,250042,0,0,0,0,,,,,none
710,706,1607375295918207,1607375296170625,1607375296796083,1607375297251541,cpu_baseline,625458,252418,0,0,0,0,,,,,none
711,707,1607375297251541,1607375297489041,1607375298125250,1607375298584874,cpu_baseline,636209,237500,0,0,0,0,,,,,none
712,708,1607375298584874,1607375298822916,1607375299456583,1607375299918207,cpu_baseline,633667,238042,0,0,0,0,,,,,none
713,709,1607375299918207,1607375300159250,1607375300798041,1607375301251541,cpu_baseline,638791,241043,0,0,0,0,,,,,none
714,710,1607375301251541,1607375301490041,1607375302144875,1607375302584874,cpu_baseline,654834,238500,0,0,0,0,,,,,none
715,711,1607375302584874,1607375302824416,1607375303473416,1607375303918207,cpu_baseline,649000,239542,0,0,0,0,,,,,none
716,712,1607375303918207,1607375304150125,1607375304807708,1607375305251541,cpu_baseline,657583,231918,0,0,0,0,,,,,none
717,713,1607375305251541,1607375305486500,1607375306145291,1607375306584874,cpu_baseline,658791,234959,0,0,0,0,,,,,none
718,714,1607375306584874,1607375306818583,1607375307463625,1607375307918207,cpu_baseline,645042,233709,0,0,0,0,,,,,none
719,715,1607375307918207,1607375308153333,1607375308833833,1607375309251541,cpu_baseline,680500,235126,0,0,0,0,,,,,none
720,716,1607375309251541,1607375309476791,1607375310114833,1607375310584874,cpu_baseline,638042,225250,0,0,0,0,,,,,none
721,717,1607375310584874,1607375310837125,1607375311478375,1607375311918207,cpu_baseline,641250,252251,0,0,0,0,,,,,none
722,718,1607375311918207,1607375312194916,1607375312838541,1607375313251541,cpu_baseline,643625,276709,0,0,0,0,,,,,none
723,719,1607375313251541,1607375313467083,1607375314120000,1607375314584874,cpu_baseline,652917,215542,0,0,0,0,,,,,none
724,720,1607375314584874,1607375314837166,1607375315440250,1607375315918207,cpu_baseline,603084,252292,0,0,0,0,,,,,none
725,721,1607375315918207,1607375316168958,1607375316764666,1607375317251541,cpu_baseline,595708,250751,0,0,0,0,,,,,none
726,722,1607375317251541,1607375317515458,1607375318155208,1607375318584874,cpu_baseline,639750,263917,0,0,0,0,,,,,none
727,723,1607375318584874,1607375318814458,1607375319432625,1607375319918207,cpu_baseline,618167,229584,0,0,0,0,,,,,none
728,724,1607375319918207,1607375320176708,1607375320787458,1607375321251541,cpu_baseline,610750,258501,0,0,0,0,,,,,none
729,725,1607375321251541,1607375321498625,1607375322116708,1607375322584874,cpu_baseline,618083,247084,0,0,0,0,,,,,none
730,726,1607375322584874,1607375322835708,1607375323432875,1607375323918207,cpu_baseline,597167,250834,0,0,0,0,,,,,none
731,727,1607375323918207,1607375324171833,1607375324770958,1607375325251541,cpu_baseline,599125,253626,0,0,0,0,,,,,none
732,728,1607375325251541,1607375325503791,1607375326113041,1607375326584874,cpu_baseline,609250,252250,0,0,0,0,,,,,none
733,729,1607375326584874,1607375326838666,1607375327542833,1607375327918207,cpu_baseline,704167,253792,0,0,0,0,,,,,none
734,730,1607375327918207,1607375328121000,1607375328742583,1607375329251541,cpu_baseline,621583,202793,0,0,0,0,,,,,none
735,731,1607375329251541,1607375329521833,1607375330125000,1607375330584874,cpu_baseline,603167,270292,0,0,0,0,,,,,none
736,732,1607375330584874,1607375330828458,1607375331458666,1607375331918207,cpu_baseline,630208,243584,0,0,0,0,,,,,none
737,733,1607375331918207,1607375332161583,1607375332779958,1607375333251541,cpu_baseline,618375,243376,0,0,0,0,,,,,none
738,734,1607375333251541,1607375333501708,1607375334120875,1607375334584874,cpu_baseline,619167,250167,0,0,0,0,,,,,none
739,735,1607375334584874,1607375334825333,1607375335442333,1607375335918207,cpu_baseline,617000,240459,0,0,0,0,,,,,none
740,736,1607375335918207,1607375336166625,1607375336776125,1607375337251541,cpu_baseline,609500,248418,0,0,0,0,,,,,none
741,737,1607375337251541,1607375337507208,1607375338115500,1607375338584874,cpu_baseline,608292,255667,0,0,0,0,,,,,none
742,738,1607375338584874,1607375338835333,1607375339428958,1607375339918207,cpu_baseline,593625,250459,0,0,0,0,,,,,none
743,739,1607375339918207,1607375340177541,1607375340790791,1607375341251541,cpu_baseline,613250,259334,0,0,0,0,,,,,none
744,740,1607375341251541,1607375341496833,1607375342108583,1607375342584874,cpu_baseline,611750,245292,0,0,0,0,,,,,none
745,741,1607375342584874,1607375342835833,1607375343444750,1607375343918207,cpu_baseline,608917,250959,0,0,0,0,,,,,none
746,742,1607375343918207,1607375343975208,1607375344731625,1607375345251541,cpu_baseline,756417,57001,0,0,0,0,,,,,none
747,743,1607375345251541,1607375345528666,1607375346116625,1607375346584874,cpu_baseline,587959,277125,0,0,0,0,,,,,none
748,744,1607375346584874,1607375346849291,1607375347476333,1607375347918207,cpu_baseline,627042,264417,0,0,0,0,,,,,none
749,745,1607375347918207,1607375348148791,1607375349011958,1607375349251541,cpu_baseline,863167,230584,0,0,0,0,,,,,none
750,746,1607375349251541,1607375349387791,1607375349982000,1607375350584874,cpu_baseline,594209,136250,0,0,0,0,,,,,none
751,747,1607375350584874,1607375350899875,1607375351496916,1607375351918207,cpu_baseline,597041,315001,0,0,0,0,,,,,none
752,748,1607375351918207,1607375352138583,1607375352766041,1607375353251541,cpu_baseline,627458,220376,0,0,0,0,,,,,none
753,749,1607375353251541,1607375353505458,1607375354122208,1607375354584874,cpu_baseline,616750,253917,0,0,0,0,,,,,none
754,750,1607375354584874,1607375354826375,1607375355433583,1607375355918207,cpu_baseline,607208,241501,0,0,0,0,,,,,none
755,751,1607375355918207,1607375356175333,1607375356799458,1607375357251541,cpu_baseline,624125,257126,0,0,0,0,,,,,none
756,752,1607375357251541,1607375357494625,1607375358096000,1607375358584874,cpu_baseline,601375,243084,0,0,0,0,,,,,none
757,753,1607375358584874,1607375358844625,1607375359681375,1607375359918207,cpu_baseline,836750,259751,0,0,0,0,,,,,none
758,754,1607375359918207,1607375360052791,1607375360690166,1607375361251541,cpu_baseline,637375,134584,0,0,0,0,,,,,none
759,755,1607375361251541,1607375361545958,1607375362150541,1607375362584874,cpu_baseline,604583,294417,0,0,0,0,,,,,none
760,756,1607375362584874,1607375362818708,1607375363419250,1607375363918207,cpu_baseline,600542,233834,0,0,0,0,,,,,none
761,757,1607375363918207,1607375364093500,1607375364694625,1607375365251541,cpu_baseline,601125,175293,0,0,0,0,,,,,none
762,758,1607375365251541,1607375365543375,1607375366179833,1607375366584874,cpu_baseline,636458,291834,0,0,0,0,,,,,none
763,759,1607375366584874,1607375366803000,1607375367421541,1607375367918207,cpu_baseline,618541,218126,0,0,0,0,,,,,none
764,760,1607375367918207,1607375368178500,1607375368822166,1607375369251541,cpu_baseline,643666,260293,0,0,0,0,,,,,none
765,761,1607375369251541,1607375369485083,1607375370083958,1607375370584874,cpu_baseline,598875,233542,0,0,0,0,,,,,none
766,762,1607375370584874,1607375370844875,1607375371451375,1607375371918207,cpu_baseline,606500,260001,0,0,0,0,,,,,none
767,763,1607375371918207,1607375372164416,1607375372793458,1607375373251541,cpu_baseline,629042,246209,0,0,0,0,,,,,none
768,764,1607375373251541,1607375373496750,1607375374140458,1607375374584874,cpu_baseline,643708,245209,0,0,0,0,,,,,none
769,765,1607375374584874,1607375374824291,1607375375439416,1607375375918207,cpu_baseline,615125,239417,0,0,0,0,,,,,none
770,766,1607375375918207,1607375376171500,1607375376762875,1607375377251541,cpu_baseline,591375,253293,0,0,0,0,,,,,none
771,767,1607375377251541,1607375377503583,1607375378096958,1607375378584874,cpu_baseline,593375,252042,0,0,0,0,,,,,none
772,768,1607375378584874,1607375378839166,1607375379472250,1607375379918207,cpu_baseline,633084,254292,0,0,0,0,,,,,none
773,769,1607375379918207,1607375380149583,1607375380755916,1607375381251541,cpu_baseline,606333,231376,0,0,0,0,,,,,none
774,770,1607375381251541,1607375381505750,1607375382108333,1607375382584874,cpu_baseline,602583,254209,0,0,0,0,,,,,none
775,771,1607375382584874,1607375382836875,1607375383464458,1607375383918207,cpu_baseline,627583,252001,0,0,0,0,,,,,none
776,772,1607375383918207,1607375384166208,1607375384761416,1607375385251541,cpu_baseline,595208,248001,0,0,0,0,,,,,none
777,773,1607375385251541,1607375385511166,1607375386150250,1607375386584874,cpu_baseline,639084,259625,0,0,0,0,,,,,none
778,774,1607375386584874,1607375386824875,1607375387420916,1607375387918207,cpu_baseline,596041,240001,0,0,0,0,,,,,none
779,775,1607375387918207,1607375388184333,1607375388781208,1607375389251541,cpu_baseline,596875,266126,0,0,0,0,,,,,none
780,776,1607375389251541,1607375389497333,1607375390084916,1607375390584874,cpu_baseline,587583,245792,0,0,0,0,,,,,none
781,777,1607375390584874,1607375390842666,1607375391441208,1607375391918207,cpu_baseline,598542,257792,0,0,0,0,,,,,none
782,778,1607375391918207,1607375392169625,1607375392789875,1607375393251541,cpu_baseline,620250,251418,0,0,0,0,,,,,none
783,779,1607375393251541,1607375393492666,1607375394104916,1607375394584874,cpu_baseline,612250,241125,0,0,0,0,,,,,none
784,780,1607375394584874,1607375394837791,1607375395444750,1607375395918207,cpu_baseline,606959,252917,0,0,0,0,,,,,none
785,781,1607375395918207,1607375396174041,1607375396772166,1607375397251541,cpu_baseline,598125,255834,0,0,0,0,,,,,none
786,782,1607375397251541,1607375397500083,1607375398099208,1607375398584874,cpu_baseline,599125,248542,0,0,0,0,,,,,none
787,783,1607375398584874,1607375398840666,1607375399445000,1607375399918207,cpu_baseline,604334,255792,0,0,0,0,,,,,none
788,784,1607375399918207,1607375400172916,1607375400786666,1607375401251541,cpu_baseline,613750,254709,0,0,0,0,,,,,none
789,785,1607375401251541,1607375401493041,1607375402104750,1607375402584874,cpu_baseline,611709,241500,0,0,0,0,,,,,none
790,786,1607375402584874,1607375402837083,1607375403462500,1607375403918207,cpu_baseline,625417,252209,0,0,0,0,,,,,none
791,787,1607375403918207,1607375404161750,1607375404779750,1607375405251541,cpu_baseline,618000,243543,0,0,0,0,,,,,none
792,788,1607375405251541,1607375405503583,1607375406110291,1607375406584874,cpu_baseline,606708,252042,0,0,0,0,,,,,none
793,789,1607375406584874,1607375406830916,1607375407441208,1607375407918207,cpu_baseline,610292,246042,0,0,0,0,,,,,none
794,790,1607375407918207,1607375408173750,1607375408797500,1607375409251541,cpu_baseline,623750,255543,0,0,0,0,,,,,none
795,791,1607375409251541,1607375409494750,1607375410129166,1607375410584874,cpu_baseline,634416,243209,0,0,0,0,,,,,none
796,792,1607375410584874,1607375410829041,1607375411421666,1607375411918207,cpu_baseline,592625,244167,0,0,0,0,,,,,none
797,793,1607375411918207,1607375412200833,1607375412818041,1607375413251541,cpu_baseline,617208,282626,0,0,0,0,,,,,none
798,794,1607375413251541,1607375413308916,1607375413934333,1607375414584874,cpu_baseline,625417,57375,0,0,0,0,,,,,none
799,795,1607375414584874,1607375414925791,1607375415541708,1607375415918207,cpu_baseline,615917,340917,0,0,0,0,,,,,none
800,796,1607375415918207,1607375416135750,1607375416761041,1607375417251541,cpu_baseline,625291,217543,0,0,0,0,,,,,none
801,797,1607375417251541,1607375417299666,1607375417932625,1607375418584874,cpu_baseline,632959,48125,0,0,0,0,,,,,none
802,798,1607375418584874,1607375418927416,1607375419524083,1607375419918207,cpu_baseline,596667,342542,0,0,0,0,,,,,none
803,799,1607375419918207,1607375420132333,1607375420750541,1607375421251541,cpu_baseline,618208,214126,0,0,0,0,,,,,none
804,800,1607375421251541,1607375421521750,1607375422135458,1607375422584874,cpu_baseline,613708,270209,0,0,0,0,,,,,none
805,801,1607375422584874,1607375422825875,1607375423487916,1607375423918207,cpu_baseline,662041,241001,0,0,0,0,,,,,none
806,802,1607375423918207,1607375424150333,1607375424759250,1607375425251541,cpu_baseline,608917,232126,0,0,0,0,,,,,none
807,803,1607375425251541,1607375425511000,1607375426160916,1607375426584874,cpu_baseline,649916,259459,0,0,0,0,,,,,none
808,804,1607375426584874,1607375426811791,1607375427414750,1607375427918207,cpu_baseline,602959,226917,0,0,0,0,,,,,none
809,805,1607375427918207,1607375428028291,1607375428639500,1607375429251541,cpu_baseline,611209,110084,0,0,0,0,,,,,none
810,806,1607375429251541,1607375429572083,1607375430165750,1607375430584874,cpu_baseline,593667,320542,0,0,0,0,,,,,none
811,807,1607375430584874,1607375430805041,1607375431414666,1607375431918207,cpu_baseline,609625,220167,0,0,0,0,,,,,none
812,808,1607375431918207,1607375432182041,1607375432823375,1607375433251541,cpu_baseline,641334,263834,0,0,0,0,,,,,none
813,809,1607375433251541,1607375433481875,1607375434081083,1607375434584874,cpu_baseline,599208,230334,0,0,0,0,,,,,none
814,810,1607375434584874,1607375434851958,1607375435493250,1607375435918207,cpu_baseline,641292,267084,0,0,0,0,,,,,none
815,811,1607375435918207,1607375436145916,1607375436777416,1607375437251541,cpu_baseline,631500,227709,0,0,0,0,,,,,none
816,812,1607375437251541,1607375437502791,1607375438132666,1607375438584874,cpu_baseline,629875,251250,0,0,0,0,,,,,none
817,813,1607375438584874,1607375438825458,1607375439485833,1607375439918207,cpu_baseline,660375,240584,0,0,0,0,,,,,none
818,814,1607375439918207,1607375440149833,1607375440750708,1607375441251541,cpu_baseline,600875,231626,0,0,0,0,,,,,none
819,815,1607375441251541,1607375441517125,1607375442107583,1607375442584874,cpu_baseline,590458,265584,0,0,0,0,,,,,none
820,816,1607375442584874,1607375442835333,1607375443435416,1607375443918207,cpu_baseline,600083,250459,0,0,0,0,,,,,none
821,817,1607375443918207,1607375444170625,1607375444786083,1607375445251541,cpu_baseline,615458,252418,0,0,0,0,,,,,none
822,818,1607375445251541,1607375445502041,1607375446119041,1607375446584874,cpu_baseline,617000,250500,0,0,0,0,,,,,none
823,819,1607375446584874,1607375446826375,1607375447429083,1607375447918207,cpu_baseline,602708,241501,0,0,0,0,,,,,none
824,820,1607375447918207,1607375448169416,1607375448811291,1607375449251541,cpu_baseline,641875,251209,0,0,0,0,,,,,none
825,821,1607375449251541,1607375449493541,1607375450110708,1607375450584874,cpu_baseline,617167,242000,0,0,0,0,,,,,none
826,822,1607375450584874,1607375450774208,1607375451381125,1607375451918207,cpu_baseline,606917,189334,0,0,0,0,,,,,none
827,823,1607375451918207,1607375452198083,1607375452803375,1607375453251541,cpu_baseline,605292,279876,0,0,0,0,,,,,none
828,824,1607375453251541,1607375453485041,1607375454104875,1607375454584874,cpu_baseline,619834,233500,0,0,0,0,,,,,none
829,825,1607375454584874,1607375454830541,1607375455465916,1607375455918207,cpu_baseline,635375,245667,0,0,0,0,,,,,none
830,826,1607375455918207,1607375456151625,1607375456755291,1607375457251541,cpu_baseline,603666,233418,0,0,0,0,,,,,none
831,827,1607375457251541,1607375457516166,1607375458181791,1607375458584874,cpu_baseline,665625,264625,0,0,0,0,,,,,none
832,828,1607375458584874,1607375458800083,1607375459436708,1607375459918207,cpu_baseline,636625,215209,0,0,0,0,,,,,none
833,829,1607375459918207,1607375460181291,1607375460776125,1607375461251541,cpu_baseline,594834,263084,0,0,0,0,,,,,none
834,830,1607375461251541,1607375461505791,1607375462124708,1607375462584874,cpu_baseline,618917,254250,0,0,0,0,,,,,none
835,831,1607375462584874,1607375462834500,1607375463442833,1607375463918207,cpu_baseline,608333,249626,0,0,0,0,,,,,none
836,832,1607375463918207,1607375464172625,1607375464757791,1607375465251541,cpu_baseline,585166,254418,0,0,0,0,,,,,none
837,833,1607375465251541,1607375465514916,1607375466142000,1607375466584874,cpu_baseline,627084,263375,0,0,0,0,,,,,none
838,834,1607375466584874,1607375466816916,1607375467414875,1607375467918207,cpu_baseline,597959,232042,0,0,0,0,,,,,none
839,835,1607375467918207,1607375468180583,1607375468817708,1607375469251541,cpu_baseline,637125,262376,0,0,0,0,,,,,none
840,836,1607375469251541,1607375469486500,1607375470105000,1607375470584874,cpu_baseline,618500,234959,0,0,0,0,,,,,none
841,837,1607375470584874,1607375470858916,1607375471488458,1607375471918207,cpu_baseline,629542,274042,0,0,0,0,,,,,none
842,838,1607375471918207,1607375472150333,1607375472787500,1607375473251541,cpu_baseline,637167,232126,0,0,0,0,,,,,none
843,839,1607375473251541,1607375473503041,1607375474155916,1607375474584874,cpu_baseline,652875,251500,0,0,0,0,,,,,none
844,840,1607375474584874,1607375474812208,1607375475411583,1607375475918207,cpu_baseline,599375,227334,0,0,0,0,,,,,none
845,841,1607375475918207,1607375476206375,1607375476824625,1607375477251541,cpu_baseline,618250,288168,0,0,0,0,,,,,none
846,842,1607375477251541,1607375477497583,1607375478122333,1607375478584874,cpu_baseline,624750,246042,0,0,0,0,,,,,none
847,843,1607375478584874,1607375478829000,1607375479450458,1607375479918207,cpu_baseline,621458,244126,0,0,0,0,,,,,none
848,844,1607375479918207,1607375480163125,1607375480799208,1607375481251541,cpu_baseline,636083,244918,0,0,0,0,,,,,none
849,845,1607375481251541,1607375481494833,1607375482091708,1607375482584874,cpu_baseline,596875,243292,0,0,0,0,,,,,none
850,846,1607375482584874,1607375482847750,1607375483499333,1607375483918207,cpu_baseline,651583,262876,0,0,0,0,,,,,none
851,847,1607375483918207,1607375484143625,1607375484796125,1607375485251541,cpu_baseline,652500,225418,0,0,0,0,,,,,none
852,848,1607375485251541,1607375485495625,1607375486349875,1607375486584874,cpu_baseline,854250,244084,0,0,0,0,,,,,none
853,849,1607375486584874,1607375486715708,1607375487346708,1607375487918207,cpu_baseline,631000,130834,0,0,0,0,,,,,none
854,850,1607375487918207,1607375488218541,1607375488820000,1607375489251541,cpu_baseline,601459,300334,0,0,0,0,,,,,none
855,851,1607375489251541,1607375489277125,1607375489896875,1607375490584874,cpu_baseline,619750,25584,0,0,0,0,,,,,none
856,852,1607375490584874,1607375490941666,1607375491541416,1607375491918207,cpu_baseline,599750,356792,0,0,0,0,,,,,none
857,853,1607375491918207,1607375491969416,1607375492629000,1607375493251541,cpu_baseline,659584,51209,0,0,0,0,,,,,none
858,854,1607375493251541,1607375493577125,1607375494248875,1607375494584874,cpu_baseline,671750,325584,0,0,0,0,,,,,none
859,855,1607375494584874,1607375494764666,1607375495404791,1607375495918207,cpu_baseline,640125,179792,0,0,0,0,,,,,none
860,856,1607375495918207,1607375496189583,1607375496813666,1607375497251541,cpu_baseline,624083,271376,0,0,0,0,,,,,none
861,857,1607375497251541,1607375497479791,1607375498117083,1607375498584874,cpu_baseline,637292,228250,0,0,0,0,,,,,none
862,858,1607375498584874,1607375498840333,1607375499496583,1607375499918207,cpu_baseline,656250,255459,0,0,0,0,,,,,none
863,859,1607375499918207,1607375500137708,1607375500774541,1607375501251541,cpu_baseline,636833,219501,0,0,0,0,,,,,none
864,860,1607375501251541,1607375501506208,1607375502112958,1607375502584874,cpu_baseline,606750,254667,0,0,0,0,,,,,none
865,861,1607375502584874,1607375502830208,1607375503508666,1607375503918207,cpu_baseline,678458,245334,0,0,0,0,,,,,none
866,862,1607375503918207,1607375504140791,1607375504820041,1607375505251541,cpu_baseline,679250,222584,0,0,0,0,,,,,none
867,863,1607375505251541,1607375505484125,1607375506113958,1607375506584874,cpu_baseline,629833,232584,0,0,0,0,,,,,none
868,864,1607375506584874,1607375506834333,1607375507535583,1607375507918207,cpu_baseline,701250,249459,0,0,0,0,,,,,none
869,865,1607375507918207,1607375508123375,1607375508738750,1607375509251541,cpu_baseline,615375,205168,0,0,0,0,,,,,none
870,866,1607375509251541,1607375509523875,1607375510143750,1607375510584874,cpu_baseline,619875,272334,0,0,0,0,,,,,none
871,867,1607375510584874,1607375510819291,1607375511450458,1607375511918207,cpu_baseline,631167,234417,0,0,0,0,,,,,none
872,868,1607375511918207,1607375512164500,1607375512775125,1607375513251541,cpu_baseline,610625,246293,0,0,0,0,,,,,none
873,869,1607375513251541,1607375513500291,1607375514120916,1607375514584874,cpu_baseline,620625,248750,0,0,0,0,,,,,none
874,870,1607375514584874,1607375514836666,1607375515436500,1607375515918207,cpu_baseline,599834,251792,0,0,0,0,,,,,none
875,871,1607375515918207,1607375516169041,1607375516795416,1607375517251541,cpu_baseline,626375,250834,0,0,0,0,,,,,none
876,872,1607375517251541,1607375517495333,1607375518119250,1607375518584874,cpu_baseline,623917,243792,0,0,0,0,,,,,none
877,873,1607375518584874,1607375518829000,1607375519453708,1607375519918207,cpu_baseline,624708,244126,0,0,0,0,,,,,none
878,874,1607375519918207,1607375520156666,1607375520751625,1607375521251541,cpu_baseline,594959,238459,0,0,0,0,,,,,none
879,875,1607375521251541,1607375521511250,1607375522169541,1607375522584874,cpu_baseline,658291,259709,0,0,0,0,,,,,none
880,876,1607375522584874,1607375522809541,1607375523417166,1607375523918207,cpu_baseline,607625,224667,0,0,0,0,,,,,none
881,877,1607375523918207,1607375524178833,1607375524784666,1607375525251541,cpu_baseline,605833,260626,0,0,0,0,,,,,none
882,878,1607375525251541,1607375525495041,1607375526100833,1607375526584874,cpu_baseline,605792,243500,0,0,0,0,,,,,none
883,879,1607375526584874,1607375526835833,1607375527459458,1607375527918207,cpu_baseline,623625,250959,0,0,0,0,,,,,none
884,880,1607375527918207,1607375528168041,1607375528768083,1607375529251541,cpu_baseline,600042,249834,0,0,0,0,,,,,none
885,881,1607375529251541,1607375529501541,1607375530105875,1607375530584874,cpu_baseline,604334,250000,0,0,0,0,,,,,none
886,882,1607375530584874,1607375530832958,1607375531435791,1607375531918207,cpu_baseline,602833,248084,0,0,0,0,,,,,none
887,883,1607375531918207,1607375532168458,1607375532769083,1607375533251541,cpu_baseline,600625,250251,0,0,0,0,,,,,none
888,884,1607375533251541,1607375533500833,1607375534099833,1607375534584874,cpu_baseline,599000,249292,0,0,0,0,,,,,none
889,885,1607375534584874,1607375534838833,1607375535453416,1607375535918207,cpu_baseline,614583,253959,0,0,0,0,,,,,none
890,886,1607375535918207,1607375536163833,1607375536755583,1607375537251541,cpu_baseline,591750,245626,0,0,0,0,,,,,none
891,887,1607375537251541,1607375537511666,1607375538128708,1607375538584874,cpu_baseline,617042,260125,0,0,0,0,,,,,none
892,888,1607375538584874,1607375538842416,1607375539547750,1607375539918207,cpu_baseline,705334,257542,0,0,0,0,,,,,none
893,889,1607375539918207,1607375540125583,1607375540739875,1607375541251541,cpu_baseline,614292,207376,0,0,0,0,,,,,none
894,890,1607375541251541,1607375541529375,1607375542208541,1607375542584874,cpu_baseline,679166,277834,0,0,0,0,,,,,none
895,891,1607375542584874,1607375542788166,1607375543385041,1607375543918207,cpu_baseline,596875,203292,0,0,0,0,,,,,none
896,892,1607375543918207,1607375544202916,1607375544808458,1607375545251541,cpu_baseline,605542,284709,0,0,0,0,,,,,none
897,893,1607375545251541,1607375545486083,1607375546087625,1607375546584874,cpu_baseline,601542,234542,0,0,0,0,,,,,none
898,894,1607375546584874,1607375546842875,1607375547656500,1607375547918207,cpu_baseline,813625,258001,0,0,0,0,,,,,none
899,895,1607375547918207,1607375548064458,1607375548676875,1607375549251541,cpu_baseline,612417,146251,0,0,0,0,,,,,none
900,896,1607375549251541,1607375549553291,1607375550158458,1607375550584874,cpu_baseline,605167,301750,0,0,0,0,,,,,none
901,897,1607375550584874,1607375550807750,1607375551396166,1607375551918207,cpu_baseline,588416,222876,0,0,0,0,,,,,none
902,898,1607375551918207,1607375552194166,1607375552797500,1607375553251541,cpu_baseline,603334,275959,0,0,0,0,,,,,none
903,899,1607375553251541,1607375553493333,1607375554089541,1607375554584874,cpu_baseline,596208,241792,0,0,0,0,,,,,none
904,900,1607375554584874,1607375554844666,1607375555445833,1607375555918207,cpu_baseline,601167,259792,0,0,0,0,,,,,none
905,901,1607375555918207,1607375556173833,1607375556772833,1607375557251541,cpu_baseline,599000,255626,0,0,0,0,,,,,none
906,902,1607375557251541,1607375557303291,1607375557921375,1607375558584874,cpu_baseline,618084,51750,0,0,0,0,,,,,none
907,903,1607375558584874,1607375558935666,1607375559554791,1607375559918207,cpu_baseline,619125,350792,0,0,0,0,,,,,none
908,904,1607375559918207,1607375560109291,1607375560713458,1607375561251541,cpu_baseline,604167,191084,0,0,0,0,,,,,none
909,905,1607375561251541,1607375561528833,1607375562124958,1607375562584874,cpu_baseline,596125,277292,0,0,0,0,,,,,none
910,906,1607375562584874,1607375562831750,1607375563424375,1607375563918207,cpu_baseline,592625,246876,0,0,0,0,,,,,none
911,907,1607375563918207,1607375564181500,1607375564807375,1607375565251541,cpu_baseline,625875,263293,0,0,0,0,,,,,none
912,908,1607375565251541,1607375565487416,1607375566100750,1607375566584874,cpu_baseline,613334,235875,0,0,0,0,,,,,none
913,909,1607375566584874,1607375566838916,1607375567441375,1607375567918207,cpu_baseline,602459,254042,0,0,0,0,,,,,none
914,910,1607375567918207,1607375568166833,1607375568762333,1607375569251541,cpu_baseline,595500,248626,0,0,0,0,,,,,none
915,911,1607375569251541,1607375569519333,1607375570222250,1607375570584874,cpu_baseline,702917,267792,0,0,0,0,,,,,none
916,912,1607375570584874,1607375570786875,1607375571400375,1607375571918207,cpu_baseline,613500,202001,0,0,0,0,,,,,none
917,913,1607375571918207,1607375572191500,1607375572828041,1607375573251541,cpu_baseline,636541,273293,0,0,0,0,,,,,none
918,914,1607375573251541,1607375573486958,1607375574077458,1607375574584874,cpu_baseline,590500,235417,0,0,0,0,,,,,none
919,915,1607375574584874,1607375574853625,1607375575484291,1607375575918207,cpu_baseline,630666,268751,0,0,0,0,,,,,none
920,916,1607375575918207,1607375576155791,1607375576784083,1607375577251541,cpu_baseline,628292,237584,0,0,0,0,,,,,none
921,917,1607375577251541,1607375577493583,1607375578106500,1607375578584874,cpu_baseline,612917,242042,0,0,0,0,,,,,none
922,918,1607375578584874,1607375578908083,1607375579515541,1607375579918207,cpu_baseline,607458,323209,0,0,0,0,,,,,none
923,919,1607375579918207,1607375580129541,1607375580739750,1607375581251541,cpu_baseline,610209,211334,0,0,0,0,,,,,none
924,920,1607375581251541,1607375581514916,1607375582119000,1607375582584874,cpu_baseline,604084,263375,0,0,0,0,,,,,none
925,921,1607375582584874,1607375582833958,1607375583581916,1607375583918207,cpu_baseline,747958,249084,0,0,0,0,,,,,none
926,922,1607375583918207,1607375584106416,1607375584723375,1607375585251541,cpu_baseline,616959,188209,0,0,0,0,,,,,none
927,923,1607375585251541,1607375585527291,1607375586134666,1607375586584874,cpu_baseline,607375,275750,0,0,0,0,,,,,none
928,924,1607375586584874,1607375586718416,1607375587400916,1607375587918207,cpu_baseline,682500,133542,0,0,0,0,,,,,none
929,925,1607375587918207,1607375588190875,1607375588798583,1607375589251541,cpu_baseline,607708,272668,0,0,0,0,,,,,none
930,926,1607375589251541,1607375589498041,1607375590138541,1607375590584874,cpu_baseline,640500,246500,0,0,0,0,,,,,none
931,927,1607375590584874,1607375590826291,1607375591433833,1607375591918207,cpu_baseline,607542,241417,0,0,0,0,,,,,none
932,928,1607375591918207,1607375592170708,1607375592820833,1607375593251541,cpu_baseline,650125,252501,0,0,0,0,,,,,none
933,929,1607375593251541,1607375593308958,1607375593911083,1607375594584874,cpu_baseline,602125,57417,0,0,0,0,,,,,none
934,930,1607375594584874,1607375594942250,1607375595553291,1607375595918207,cpu_baseline,611041,357376,0,0,0,0,,,,,none
935,931,1607375595918207,1607375596107166,1607375596741541,1607375597251541,cpu_baseline,634375,188959,0,0,0,0,,,,,none
936,932,1607375597251541,1607375597526666,1607375598134166,1607375598584874,cpu_baseline,607500,275125,0,0,0,0,,,,,none
937,933,1607375598584874,1607375598855541,1607375599486833,1607375599918207,cpu_baseline,631292,270667,0,0,0,0,,,,,none
938,934,1607375599918207,1607375600143208,1607375600755875,1607375601251541,cpu_baseline,612667,225001,0,0,0,0,,,,,none
939,935,1607375601251541,1607375601506541,1607375602126333,1607375602584874,cpu_baseline,619792,255000,0,0,0,0,,,,,none
940,936,1607375602584874,1607375602618125,1607375603280083,1607375603918207,cpu_baseline,661958,33251,0,0,0,0,,,,,none
941,937,1607375603918207,1607375604261791,1607375605059083,1607375605251541,cpu_baseline,797292,343584,0,0,0,0,,,,,none
942,938,1607375605251541,1607375605361000,1607375605974750,1607375606584874,cpu_baseline,613750,109459,0,0,0,0,,,,,none
943,939,1607375606584874,1607375606910625,1607375607639583,1607375607918207,cpu_baseline,728958,325751,0,0,0,0,,,,,none
944,940,1607375607918207,1607375608073791,1607375608679458,1607375609251541,cpu_baseline,605667,155584,0,0,0,0,,,,,none
945,941,1607375609251541,1607375609885166,1607375610504208,1607375610584874,cpu_baseline,619042,633625,0,0,0,0,,,,,none
946,942,1607375610584874,1607375610639833,1607375611247083,1607375611918207,cpu_baseline,607250,54959,0,0,0,0,,,,,none
947,943,1607375611918207,1607375612266583,1607375612899458,1607375613251541,cpu_baseline,632875,348376,0,0,0,0,,,,,none
948,944,1607375613251541,1607375613442333,1607375614057750,1607375614584874,cpu_baseline,615417,190792,0,0,0,0,,,,,none
949,945,1607375614584874,1607375614858708,1607375615456416,1607375615918207,cpu_baseline,597708,273834,0,0,0,0,,,,,none
950,946,1607375615918207,1607375616157166,1607375616758250,1607375617251541,cpu_baseline,601084,238959,0,0,0,0,,,,,none
951,947,1607375617251541,1607375617509916,1607375618326875,1607375618584874,cpu_baseline,816959,258375,0,0,0,0,,,,,none
952,948,1607375618584874,1607375618726208,1607375619332666,1607375619918207,cpu_baseline,606458,141334,0,0,0,0,,,,,none
953,949,1607375619918207,1607375620229041,1607375620853458,1607375621251541,cpu_baseline,624417,310834,0,0,0,0,,,,,none
954,950,1607375621251541,1607375621465333,1607375622062291,1607375622584874,cpu_baseline,596958,213792,0,0,0,0,,,,,none
955,951,1607375622584874,1607375622862791,1607375623474041,1607375623918207,cpu_baseline,611250,277917,0,0,0,0,,,,,none
956,952,1607375623918207,1607375624148291,1607375624974291,1607375625251541,cpu_baseline,826000,230084,0,0,0,0,,,,,none
957,953,1607375625251541,1607375625401916,1607375625998375,1607375626584874,cpu_baseline,596459,150375,0,0,0,0,,,,,none
958,954,1607375626584874,1607375626890416,1607375627510041,1607375627918207,cpu_baseline,619625,305542,0,0,0,0,,,,,none
959,955,1607375627918207,1607375628135083,1607375628748458,1607375629251541,cpu_baseline,613375,216876,0,0,0,0,,,,,none
960,956,1607375629251541,1607375629517666,1607375630163333,1607375630584874,cpu_baseline,645667,266125,0,0,0,0,,,,,none
961,957,1607375630584874,1607375630809583,1607375631425500,1607375631918207,cpu_baseline,615917,224709,0,0,0,0,,,,,none
962,958,1607375631918207,1607375632194500,1607375632816375,1607375633251541,cpu_baseline,621875,276293,0,0,0,0,,,,,none
963,959,1607375633251541,1607375633488666,1607375634097291,1607375634584874,cpu_baseline,608625,237125,0,0,0,0,,,,,none
964,960,1607375634584874,1607375634841916,1607375635461375,1607375635918207,cpu_baseline,619459,257042,0,0,0,0,,,,,none
965,961,1607375635918207,1607375636164500,1607375636769333,1607375637251541,cpu_baseline,604833,246293,0,0,0,0,,,,,none
966,962,1607375637251541,1607375637506041,1607375638131416,1607375638584874,cpu_baseline,625375,254500,0,0,0,0,,,,,none
967,963,1607375638584874,1607375638824166,1607375639432041,1607375639918207,cpu_baseline,607875,239292,0,0,0,0,,,,,none
968,964,1607375639918207,1607375640169458,1607375640787208,1607375641251541,cpu_baseline,617750,251251,0,0,0,0,,,,,none
969,965,1607375641251541,1607375641501875,1607375642109458,1607375642584874,cpu_baseline,607583,250334,0,0,0,0,,,,,none
970,966,1607375642584874,1607375642840916,1607375643443708,1607375643918207,cpu_baseline,602792,256042,0,0,0,0,,,,,none
971,967,1607375643918207,1607375644163791,1607375644800250,1607375645251541,cpu_baseline,636459,245584,0,0,0,0,,,,,none
972,968,1607375645251541,1607375645496291,1607375646107875,1607375646584874,cpu_baseline,611584,244750,0,0,0,0,,,,,none
973,969,1607375646584874,1607375646832000,1607375647453083,1607375647918207,cpu_baseline,621083,247126,0,0,0,0,,,,,none
974,970,1607375647918207,1607375648164166,1607375648807208,1607375649251541,cpu_baseline,643042,245959,0,0,0,0,,,,,none
975,971,1607375649251541,1607375649483250,1607375650117083,1607375650584874,cpu_baseline,633833,231709,0,0,0,0,,,,,none
976,972,1607375650584874,1607375650825791,1607375651449708,1607375651918207,cpu_baseline,623917,240917,0,0,0,0,,,,,none
977,973,1607375651918207,1607375652165375,1607375652831000,1607375653251541,cpu_baseline,665625,247168,0,0,0,0,,,,,none
978,974,1607375653251541,1607375653478625,1607375654105458,1607375654584874,cpu_baseline,626833,227084,0,0,0,0,,,,,none
979,975,1607375654584874,1607375654838833,1607375655437750,1607375655918207,cpu_baseline,598917,253959,0,0,0,0,,,,,none
980,976,1607375655918207,1607375656186166,1607375656792666,1607375657251541,cpu_baseline,606500,267959,0,0,0,0,,,,,none
981,977,1607375657251541,1607375657490541,1607375658091833,1607375658584874,cpu_baseline,601292,239000,0,0,0,0,,,,,none
982,978,1607375658584874,1607375658838291,1607375659446041,1607375659918207,cpu_baseline,607750,253417,0,0,0,0,,,,,none
983,979,1607375659918207,1607375660168916,1607375660774833,1607375661251541,cpu_baseline,605917,250709,0,0,0,0,,,,,none
984,980,1607375661251541,1607375661509708,1607375662101708,1607375662584874,cpu_baseline,592000,258167,0,0,0,0,,,,,none
985,981,1607375662584874,1607375662750916,1607375663384916,1607375663918207,cpu_baseline,634000,166042,0,0,0,0,,,,,none
986,982,1607375663918207,1607375664200625,1607375664806458,1607375665251541,cpu_baseline,605833,282418,0,0,0,0,,,,,none
987,983,1607375665251541,1607375665483375,1607375666108583,1607375666584874,cpu_baseline,625208,231834,0,0,0,0,,,,,none
988,984,1607375666584874,1607375666840625,1607375667463791,1607375667918207,cpu_baseline,623166,255751,0,0,0,0,,,,,none
989,985,1607375667918207,1607375668159708,1607375668776375,1607375669251541,cpu_baseline,616667,241501,0,0,0,0,,,,,none
990,986,1607375669251541,1607375669501708,1607375670141333,1607375670584874,cpu_baseline,639625,250167,0,0,0,0,,,,,none
991,987,1607375670584874,1607375670824208,1607375671420916,1607375671918207,cpu_baseline,596708,239334,0,0,0,0,,,,,none
992,988,1607375671918207,1607375672183625,1607375672787416,1607375673251541,cpu_baseline,603791,265418,0,0,0,0,,,,,none
993,989,1607375673251541,1607375673498833,1607375674127500,1607375674584874,cpu_baseline,628667,247292,0,0,0,0,,,,,none
994,990,1607375674584874,1607375674831833,1607375675452833,1607375675918207,cpu_baseline,621000,246959,0,0,0,0,,,,,none
995,991,1607375675918207,1607375676209583,1607375677034041,1607375677251541,cpu_baseline,824458,291376,0,0,0,0,,,,,none
996,992,1607375677251541,1607375677372416,1607375677975875,1607375678584874,cpu_baseline,603459,120875,0,0,0,0,,,,,none
997,993,1607375678584874,1607375678900083,1607375679502916,1607375679918207,cpu_baseline,602833,315209,0,0,0,0,,,,,none
998,994,1607375679918207,1607375680149625,1607375680846083,1607375681251541,cpu_baseline,696458,231418,0,0,0,0,,,,,none
999,995,1607375681251541,1607375681461875,1607375682051375,1607375682584874,cpu_baseline,589500,210334,0,0,0,0,,,,,none
1000,996,1607375682584874,1607375682862875,1607375683455166,1607375683918207,cpu_baseline,592291,278001,0,0,0,0,,,,,none
1001,997,1607375683918207,1607375684159458,1607375684768958,1607375685251541,cpu_baseline,609500,241251,0,0,0,0,,,,,none
1002,998,1607375685251541,1607375685503250,1607375686107625,1607375686584874,cpu_baseline,604375,251709,0,0,0,0,,,,,none
1003,999,1607375686584874,1607375686830458,1607375687458000,1607375687918207,cpu_baseline,627542,245584,0,0,0,0,,,,,none
1004,1000,1607375687918207,1607375688164666,1607375688757041,1607375689251541,cpu_baseline,592375,246459,0,0,0,0,,,,,none
1005,1001,1607375689251541,1607375689508125,1607375690105000,1607375690584874,cpu_baseline,596875,256584,0,0,0,0,,,,,none
1006,1002,1607375690584874,1607375690832666,1607375691468291,1607375691918207,cpu_baseline,635625,247792,0,0,0,0,,,,,none
1007,1003,1607375691918207,1607375692160458,1607375692765916,1607375693251541,cpu_baseline,605458,242251,0,0,0,0,,,,,none
1008,1004,1607375693251541,1607375693507375,1607375694098583,1607375694584874,cpu_baseline,591208,255834,0,0,0,0,,,,,none
1009,1005,1607375694584874,1607375694842333,1607375695447791,1607375695918207,cpu_baseline,605458,257459,0,0,0,0,,,,,none
1010,1006,1607375695918207,1607375696163708,1607375696759041,1607375697251541,cpu_baseline,595333,245501,0,0,0,0,,,,,none
1011,1007,1607375697251541,1607375697505166,1607375698103875,1607375698584874,cpu_baseline,598709,253625,0,0,0,0,,,,,none
1012,1008,1607375698584874,1607375698831958,1607375699423750,1607375699918207,cpu_baseline,591792,247084,0,0,0,0,,,,,none
1013,1009,1607375699918207,1607375700177541,1607375700795125,1607375701251541,cpu_baseline,617584,259334,0,0,0,0,,,,,none
1014,1010,1607375701251541,1607375701495083,1607375702084916,1607375702584874,cpu_baseline,589833,243542,0,0,0,0,,,,,none
1015,1011,1607375702584874,1607375702846166,1607375703461416,1607375703918207,cpu_baseline,615250,261292,0,0,0,0,,,,,none
1016,1012,1607375703918207,1607375704162791,1607375704776583,1607375705251541,cpu_baseline,613792,244584,0,0,0,0,,,,,none
1017,1013,1607375705251541,1607375705496125,1607375706099083,1607375706584874,cpu_baseline,602958,244584,0,0,0,0,,,,,none
1018,1014,1607375706584874,1607375706836250,1607375707427750,1607375707918207,cpu_baseline,591500,251376,0,0,0,0,,,,,none
1019,1015,1607375707918207,1607375708174750,1607375708767083,1607375709251541,cpu_baseline,592333,256543,0,0,0,0,,,,,none
1020,1016,1607375709251541,1607375709455250,1607375710085166,1607375710584874,cpu_baseline,629916,203709,0,0,0,0,,,,,none
1021,1017,1607375710584874,1607375710851458,1607375711699458,1607375711918207,cpu_baseline,848000,266584,0,0,0,0,,,,,none
1022,1018,1607375711918207,1607375712043583,1607375712672166,1607375713251541,cpu_baseline,628583,125376,0,0,0,0,,,,,none
1023,1019,1607375713251541,1607375713556750,1607375714181083,1607375714584874,cpu_baseline,624333,305209,0,0,0,0,,,,,none
1024,1020,1607375714584874,1607375714800666,1607375715414583,1607375715918207,cpu_baseline,613917,215792,0,0,0,0,,,,,none
1025,1021,1607375715918207,1607375716183500,1607375716790458,1607375717251541,cpu_baseline,606958,265293,0,0,0,0,,,,,none
1026,1022,1607375717251541,1607375717496250,1607375718106083,1607375718584874,cpu_baseline,609833,244709,0,0,0,0,,,,,none
1027,1023,1607375718584874,1607375718656333,1607375719499916,1607375719918207,cpu_baseline,843583,71459,0,0,0,0,,,,,none
1028,1024,1607375719918207,1607375720146166,1607375720769083,1607375721251541,cpu_baseline,622917,227959,0,0,0,0,,,,,none
1029,1025,1607375721251541,1607375721508916,1607375722120791,1607375722584874,cpu_baseline,611875,257375,0,0,0,0,,,,,none
1030,1026,1607375722584874,1607375722833125,1607375723459291,1607375723918207,cpu_baseline,626166,248251,0,0,0,0,,,,,none
1031,1027,1607375723918207,1607375724162083,1607375724775291,1607375725251541,cpu_baseline,613208,243876,0,0,0,0,,,,,none
1032,1028,1607375725251541,1607375725504041,1607375726153250,1607375726584874,cpu_baseline,649209,252500,0,0,0,0,,,,,none
1033,1029,1607375726584874,1607375726812291,1607375727411458,1607375727918207,cpu_baseline,599167,227417,0,0,0,0,,,,,none
1034,1030,1607375727918207,1607375728180875,1607375728771000,1607375729251541,cpu_baseline,590125,262668,0,0,0,0,,,,,none
1035,1031,1607375729251541,1607375729506125,1607375730126458,1607375730584874,cpu_baseline,620333,254584,0,0,0,0,,,,,none
1036,1032,1607375730584874,1607375730835250,1607375731545500,1607375731918207,cpu_baseline,710250,250376,0,0,0,0,,,,,none
1037,1033,1607375731918207,1607375732121208,1607375732712833,1607375733251541,cpu_baseline,591625,203001,0,0,0,0,,,,,none
1038,1034,1607375733251541,1607375733537125,1607375734164250,1607375734584874,cpu_baseline,627125,285584,0,0,0,0,,,,,none
1039,1035,1607375734584874,1607375734805583,1607375735446958,1607375735918207,cpu_baseline,641375,220709,0,0,0,0,,,,,none
1040,1036,1607375735918207,1607375736169583,1607375736775166,1607375737251541,cpu_baseline,605583,251376,0,0,0,0,,,,,none
1041,1037,1607375737251541,1607375737498916,1607375738111291,1607375738584874,cpu_baseline,612375,247375,0,0,0,0,,,,,none
1042,1038,1607375738584874,1607375738848166,1607375739474083,1607375739918207,cpu_baseline,625917,263292,0,0,0,0,,,,,none
1043,1039,1607375739918207,1607375740161125,1607375740768791,1607375741251541,cpu_baseline,607666,242918,0,0,0,0,,,,,none
1044,1040,1607375741251541,1607375741510458,1607375742192291,1607375742584874,cpu_baseline,681833,258917,0,0,0,0,,,,,none
1045,1041,1607375742584874,1607375742797333,1607375743392458,1607375743918207,cpu_baseline,595125,212459,0,0,0,0,,,,,none
1046,1042,1607375743918207,1607375744194958,1607375744802833,1607375745251541,cpu_baseline,607875,276751,0,0,0,0,,,,,none
1047,1043,1607375745251541,1607375745484833,1607375746086833,1607375746584874,cpu_baseline,602000,233292,0,0,0,0,,,,,none
1048,1044,1607375746584874,1607375746841458,1607375747449166,1607375747918207,cpu_baseline,607708,256584,0,0,0,0,,,,,none
1049,1045,1607375747918207,1607375748167333,1607375748788333,1607375749251541,cpu_baseline,621000,249126,0,0,0,0,,,,,none
1050,1046,1607375749251541,1607375749498125,1607375750151208,1607375750584874,cpu_baseline,653083,246584,0,0,0,0,,,,,none
1051,1047,1607375750584874,1607375750816291,1607375751419875,1607375751918207,cpu_baseline,603584,231417,0,0,0,0,,,,,none
1052,1048,1607375751918207,1607375752188375,1607375752793583,1607375753251541,cpu_baseline,605208,270168,0,0,0,0,,,,,none
1053,1049,1607375753251541,1607375753495250,1607375754085625,1607375754584874,cpu_baseline,590375,243709,0,0,0,0,,,,,none
1054,1050,1607375754584874,1607375754848041,1607375755482583,1607375755918207,cpu_baseline,634542,263167,0,0,0,0,,,,,none
1055,1051,1607375755918207,1607375756155916,1607375756761916,1607375757251541,cpu_baseline,606000,237709,0,0,0,0,,,,,none
1056,1052,1607375757251541,1607375757514833,1607375758126416,1607375758584874,cpu_baseline,611583,263292,0,0,0,0,,,,,none
1057,1053,1607375758584874,1607375758837541,1607375759441750,1607375759918207,cpu_baseline,604209,252667,0,0,0,0,,,,,none
1058,1054,1607375759918207,1607375760171875,1607375760816375,1607375761251541,cpu_baseline,644500,253668,0,0,0,0,,,,,none
1059,1055,1607375761251541,1607375761478000,1607375762121208,1607375762584874,cpu_baseline,643208,226459,0,0,0,0,,,,,none
1060,1056,1607375762584874,1607375762831041,1607375763435208,1607375763918207,cpu_baseline,604167,246167,0,0,0,0,,,,,none
1061,1057,1607375763918207,1607375764174750,1607375764790375,1607375765251541,cpu_baseline,615625,256543,0,0,0,0,,,,,none
1062,1058,1607375765251541,1607375765495333,1607375766090666,1607375766584874,cpu_baseline,595333,243792,0,0,0,0,,,,,none
1063,1059,1607375766584874,1607375766844000,1607375767455500,1607375767918207,cpu_baseline,611500,259126,0,0,0,0,,,,,none
1064,1060,1607375767918207,1607375768157708,1607375768762916,1607375769251541,cpu_baseline,605208,239501,0,0,0,0,,,,,none
1065,1061,1607375769251541,1607375769506166,1607375770102291,1607375770584874,cpu_baseline,596125,254625,0,0,0,0,,,,,none
1066,1062,1607375770584874,1607375770833833,1607375771448666,1607375771918207,cpu_baseline,614833,248959,0,0,0,0,,,,,none
1067,1063,1607375771918207,1607375772161583,1607375772976625,1607375773251541,cpu_baseline,815042,243376,0,0,0,0,,,,,none
1068,1064,1607375773251541,1607375773403791,1607375774027458,1607375774584874,cpu_baseline,623667,152250,0,0,0,0,,,,,none
1069,1065,1607375774584874,1607375774875583,1607375775473416,1607375775918207,cpu_baseline,597833,290709,0,0,0,0,,,,,none
1070,1066,1607375775918207,1607375776147375,1607375776758708,1607375777251541,cpu_baseline,611333,229168,0,0,0,0,,,,,none
1071,1067,1607375777251541,1607375777506583,1607375778114166,1607375778584874,cpu_baseline,607583,255042,0,0,0,0,,,,,none
1072,1068,1607375778584874,1607375778833583,1607375779432125,1607375779918207,cpu_baseline,598542,248709,0,0,0,0,,,,,none
1073,1069,1607375779918207,1607375780169750,1607375780774375,1607375781251541,cpu_baseline,604625,251543,0,0,0,0,,,,,none
1074,1070,1607375781251541,1607375781497291,1607375782098166,1607375782584874,cpu_baseline,600875,245750,0,0,0,0,,,,,none
1075,1071,1607375782584874,1607375782834041,1607375783446083,1607375783918207,cpu_baseline,612042,249167,0,0,0,0,,,,,none
1076,1072,1607375783918207,1607375784171541,1607375784770125,1607375785251541,cpu_baseline,598584,253334,0,0,0,0,,,,,none
1077,1073,1607375785251541,1607375785505208,1607375786096458,1607375786584874,cpu_baseline,591250,253667,0,0,0,0,,,,,none
1078,1074,1607375786584874,1607375786840875,1607375787433583,1607375787918207,cpu_baseline,592708,256001,0,0,0,0,,,,,none
1079,1075,1607375787918207,1607375788168833,1607375788749833,1607375789251541,cpu_baseline,581000,250626,0,0,0,0,,,,,none
1080,1076,1607375789251541,1607375789508583,1607375790100000,1607375790584874,cpu_baseline,591417,257042,0,0,0,0,,,,,none
1081,1077,1607375790584874,1607375790837750,1607375791430041,1607375791918207,cpu_baseline,592291,252876,0,0,0,0,,,,,none
1082,1078,1607375791918207,1607375792171625,1607375792763000,1607375793251541,cpu_baseline,591375,253418,0,0,0,0,,,,,none
1083,1079,1607375793251541,1607375793502625,1607375794069541,1607375794584874,cpu_baseline,566916,251084,0,0,0,0,,,,,none
1084,1080,1607375794584874,1607375794849500,1607375795419458,1607375795918207,cpu_baseline,569958,264626,0,0,0,0,,,,,none
1085,1081,1607375795918207,1607375796173416,1607375796731416,1607375797251541,cpu_baseline,558000,255209,0,0,0,0,,,,,none
1086,1082,1607375797251541,1607375797522500,1607375798099125,1607375798584874,cpu_baseline,576625,270959,0,0,0,0,,,,,none
1087,1083,1607375798584874,1607375798835708,1607375799394875,1607375799918207,cpu_baseline,559167,250834,0,0,0,0,,,,,none
1088,1084,1607375799918207,1607375800184291,1607375800743541,1607375801251541,cpu_baseline,559250,266084,0,0,0,0,,,,,none
1089,1085,1607375801251541,1607375801512500,1607375802073333,1607375802584874,cpu_baseline,560833,260959,0,0,0,0,,,,,none
1090,1086,1607375802584874,1607375802853458,1607375803415791,1607375803918207,cpu_baseline,562333,268584,0,0,0,0,,,,,none
1091,1087,1607375803918207,1607375804178333,1607375804743125,1607375805251541,cpu_baseline,564792,260126,0,0,0,0,,,,,none
1092,1088,1607375805251541,1607375805514083,1607375806076458,1607375806584874,cpu_baseline,562375,262542,0,0,0,0,,,,,none
1093,1089,1607375806584874,1607375806850708,1607375807426041,1607375807918207,cpu_baseline,575333,265834,0,0,0,0,,,,,none
1094,1090,1607375807918207,1607375808179583,1607375808743708,1607375809251541,cpu_baseline,564125,261376,0,0,0,0,,,,,none
1095,1091,1607375809251541,1607375809518208,1607375810128708,1607375810584874,cpu_baseline,610500,266667,0,0,0,0,,,,,none
1096,1092,1607375810584874,1607375810830000,1607375811417541,1607375811918207,cpu_baseline,587541,245126,0,0,0,0,,,,,none
1097,1093,1607375811918207,1607375812138625,1607375812801750,1607375813251541,cpu_baseline,663125,220418,0,0,0,0,,,,,none
1098,1094,1607375813251541,1607375813484666,1607375814062666,1607375814584874,cpu_baseline,578000,233125,0,0,0,0,,,,,none
1099,1095,1607375814584874,1607375814854000,1607375815428708,1607375815918207,cpu_baseline,574708,269126,0,0,0,0,,,,,none
1100,1096,1607375815918207,1607375816168583,1607375816773916,1607375817251541,cpu_baseline,605333,250376,0,0,0,0,,,,,none
1101,1097,1607375817251541,1607375817507041,1607375818095416,1607375818584874,cpu_baseline,588375,255500,0,0,0,0,,,,,none
1102,1098,1607375818584874,1607375818842000,1607375819429083,1607375819918207,cpu_baseline,587083,257126,0,0,0,0,,,,,none
1103,1099,1607375819918207,1607375820176583,1607375820770000,1607375821251541,cpu_baseline,593417,258376,0,0,0,0,,,,,none
1104,1100,1607375821251541,1607375821501500,1607375822091458,1607375822584874,cpu_baseline,589958,249959,0,0,0,0,,,,,none
1105,1101,1607375822584874,1607375822852541,1607375823499625,1607375823918207,cpu_baseline,647084,267667,0,0,0,0,,,,,none
1106,1102,1607375823918207,1607375823941958,1607375824548541,1607375825251541,cpu_baseline,606583,23751,0,0,0,0,,,,,none
1107,1103,1607375825251541,1607375825622000,1607375826251250,1607375826584874,cpu_baseline,629250,370459,0,0,0,0,,,,,none
1108,1104,1607375826584874,1607375826765083,1607375827358541,1607375827918207,cpu_baseline,593458,180209,0,0,0,0,,,,,none
1109,1105,1607375827918207,1607375828217500,1607375828832666,1607375829251541,cpu_baseline,615166,299293,0,0,0,0,,,,,none
1110,1106,1607375829251541,1607375829474791,1607375830106250,1607375830584874,cpu_baseline,631459,223250,0,0,0,0,,,,,none
1111,1107,1607375830584874,1607375830839333,1607375831509708,1607375831918207,cpu_baseline,670375,254459,0,0,0,0,,,,,none
1112,1108,1607375831918207,1607375832140125,1607375832767291,1607375833251541,cpu_baseline,627166,221918,0,0,0,0,,,,,none
1113,1109,1607375833251541,1607375833308458,1607375833886250,1607375834584874,cpu_baseline,577792,56917,0,0,0,0,,,,,none
1114,1110,1607375834584874,1607375834950166,1607375835533125,1607375835918207,cpu_baseline,582959,365292,0,0,0,0,,,,,none
1115,1111,1607375835918207,1607375836127208,1607375836713041,1607375837251541,cpu_baseline,585833,209001,0,0,0,0,,,,,none
1116,1112,1607375837251541,1607375837531750,1607375838158833,1607375838584874,cpu_baseline,627083,280209,0,0,0,0,,,,,none
1117,1113,1607375838584874,1607375838814708,1607375839431333,1607375839918207,cpu_baseline,616625,229834,0,0,0,0,,,,,none
1118,1114,1607375839918207,1607375840180083,1607375840770083,1607375841251541,cpu_baseline,590000,261876,0,0,0,0,,,,,none
1119,1115,1607375841251541,1607375841508166,1607375842146541,1607375842584874,cpu_baseline,638375,256625,0,0,0,0,,,,,none
1120,1116,1607375842584874,1607375842822250,1607375843443916,1607375843918207,cpu_baseline,621666,237376,0,0,0,0,,,,,none
1121,1117,1607375843918207,1607375844171083,1607375844789083,1607375845251541,cpu_baseline,618000,252876,0,0,0,0,,,,,none
1122,1118,1607375845251541,1607375845497708,1607375846163750,1607375846584874,cpu_baseline,666042,246167,0,0,0,0,,,,,none
1123,1119,1607375846584874,1607375846812625,1607375847459166,1607375847918207,cpu_baseline,646541,227751,0,0,0,0,,,,,none
1124,1120,1607375847918207,1607375848164166,1607375848762791,1607375849251541,cpu_baseline,598625,245959,0,0,0,0,,,,,none
1125,1121,1607375849251541,1607375849511416,1607375850098375,1607375850584874,cpu_baseline,586959,259875,0,0,0,0,,,,,none
1126,1122,1607375850584874,1607375850841333,1607375851425416,1607375851918207,cpu_baseline,584083,256459,0,0,0,0,,,,,none
1127,1123,1607375851918207,1607375852184583,1607375852819750,1607375853251541,cpu_baseline,635167,266376,0,0,0,0,,,,,none
1128,1124,1607375853251541,1607375853482083,1607375854079916,1607375854584874,cpu_baseline,597833,230542,0,0,0,0,,,,,none
1129,1125,1607375854584874,1607375854857291,1607375855672958,1607375855918207,cpu_baseline,815667,272417,0,0,0,0,,,,,none
1130,1126,1607375855918207,1607375856053083,1607375856662666,1607375857251541,cpu_baseline,609583,134876,0,0,0,0,,,,,none
1131,1127,1607375857251541,1607375857558875,1607375858159500,1607375858584874,cpu_baseline,600625,307334,0,0,0,0,,,,,none
1132,1128,1607375858584874,1607375858811125,1607375859405791,1607375859918207,cpu_baseline,594666,226251,0,0,0,0,,,,,none
1133,1129,1607375859918207,1607375860183500,1607375860796416,1607375861251541,cpu_baseline,612916,265293,0,0,0,0,,,,,none
1134,1130,1607375861251541,1607375861492125,1607375862111416,1607375862584874,cpu_baseline,619291,240584,0,0,0,0,,,,,none
1135,1131,1607375862584874,1607375862838791,1607375863416875,1607375863918207,cpu_baseline,578084,253917,0,0,0,0,,,,,none
1136,1132,1607375863918207,1607375864188500,1607375864807041,1607375865251541,cpu_baseline,618541,270293,0,0,0,0,,,,,none
1137,1133,1607375865251541,1607375865490375,1607375866140916,1607375866584874,cpu_baseline,650541,238834,0,0,0,0,,,,,none
1138,1134,1607375866584874,1607375866818875,1607375867436833,1607375867918207,cpu_baseline,617958,234001,0,0,0,0,,,,,none
1139,1135,1607375867918207,1607375868175750,1607375868754583,1607375869251541,cpu_baseline,578833,257543,0,0,0,0,,,,,none
1140,1136,1607375869251541,1607375869516458,1607375870170250,1607375870584874,cpu_baseline,653792,264917,0,0,0,0,,,,,none
1141,1137,1607375870584874,1607375870803583,1607375871427875,1607375871918207,cpu_baseline,624292,218709,0,0,0,0,,,,,none
1142,1138,1607375871918207,1607375872174458,1607375872969416,1607375873251541,cpu_baseline,794958,256251,0,0,0,0,,,,,none
1143,1139,1607375873251541,1607375873410791,1607375874073666,1607375874584874,cpu_baseline,662875,159250,0,0,0,0,,,,,none
1144,1140,1607375874584874,1607375874853333,1607375875486958,1607375875918207,cpu_baseline,633625,268459,0,0,0,0,,,,,none
1145,1141,1607375875918207,1607375876151125,1607375876717958,1607375877251541,cpu_baseline,566833,232918,0,0,0,0,,,,,none
1146,1142,1607375877251541,1607375877542583,1607375878269416,1607375878584874,cpu_baseline,726833,291042,0,0,0,0,,,,,none
1147,1143,1607375878584874,1607375878756708,1607375879322333,1607375879918207,cpu_baseline,565625,171834,0,0,0,0,,,,,none
1148,1144,1607375879918207,1607375880222958,1607375880793375,1607375881251541,cpu_baseline,570417,304751,0,0,0,0,,,,,none
1149,1145,1607375881251541,1607375881487625,1607375882061458,1607375882584874,cpu_baseline,573833,236084,0,0,0,0,,,,,none
1150,1146,1607375882584874,1607375882849541,1607375883429125,1607375883918207,cpu_baseline,579584,264667,0,0,0,0,,,,,none
1151,1147,1607375883918207,1607375884168541,1607375884901291,1607375885251541,cpu_baseline,732750,250334,0,0,0,0,,,,,none
1152,1148,1607375885251541,1607375885461416,1607375886099916,1607375886584874,cpu_baseline,638500,209875,0,0,0,0,,,,,none
1153,1149,1607375886584874,1607375886843791,1607375887532958,1607375887918207,cpu_baseline,689167,258917,0,0,0,0,,,,,none
1154,1150,1607375887918207,1607375888128083,1607375888691000,1607375889251541,cpu_baseline,562917,209876,0,0,0,0,,,,,none
1155,1151,1607375889251541,1607375889536750,1607375890094583,1607375890584874,cpu_baseline,557833,285209,0,0,0,0,,,,,none
1156,1152,1607375890584874,1607375890643000,1607375891434541,1607375891918207,cpu_baseline,791541,58126,0,0,0,0,,,,,none
1157,1153,1607375891918207,1607375892181708,1607375892754625,1607375893251541,cpu_baseline,572917,263501,0,0,0,0,,,,,none
1158,1154,1607375893251541,1607375893505666,1607375894066791,1607375894584874,cpu_baseline,561125,254125,0,0,0,0,,,,,none
1159,1155,1607375894584874,1607375894852833,1607375895441583,1607375895918207,cpu_baseline,588750,267959,0,0,0,0,,,,,none
1160,1156,1607375895918207,1607375896163375,1607375896751208,1607375897251541,cpu_baseline,587833,245168,0,0,0,0,,,,,none
1161,1157,1607375897251541,1607375897509083,1607375898081125,1607375898584874,cpu_baseline,572042,257542,0,0,0,0,,,,,none
1162,1158,1607375898584874,1607375898959541,1607375899572625,1607375899918207,cpu_baseline,613084,374667,0,0,0,0,,,,,none
1163,1159,1607375899918207,1607375900111125,1607375900892541,1607375901251541,cpu_baseline,781416,192918,0,0,0,0,,,,,none
1164,1160,1607375901251541,1607375901441833,1607375902019791,1607375902584874,cpu_baseline,577958,190292,0,0,0,0,,,,,none
1165,1161,1607375902584874,1607375902878041,1607375903453000,1607375903918207,cpu_baseline,574959,293167,0,0,0,0,,,,,none
1166,1162,1607375903918207,1607375904159208,1607375904726458,1607375905251541,cpu_baseline,567250,241001,0,0,0,0,,,,,none
1167,1163,1607375905251541,1607375905519000,1607375906585000,1607375906584874,cpu_baseline,1066000,267459,1,0,0,0,,,,,none
1168,1164,1607375906584874,1607375906585041,1607375907154166,1607375907918207,cpu_baseline,569125,167,0,0,0,0,,,,,none
1169,1165,1607375907918207,1607375908318250,1607375908947166,1607375909251541,cpu_baseline,628916,400043,0,0,0,0,,,,,none
1170,1166,1607375909251541,1607375909417541,1607375910008083,1607375910584874,cpu_baseline,590542,166000,0,0,0,0,,,,,none
1171,1167,1607375910584874,1607375910883958,1607375911478333,1607375911918207,cpu_baseline,594375,299084,0,0,0,0,,,,,none
1172,1168,1607375911918207,1607375912152916,1607375912744666,1607375913251541,cpu_baseline,591750,234709,0,0,0,0,,,,,none
1173,1169,1607375913251541,1607375913517583,1607375914088791,1607375914584874,cpu_baseline,571208,266042,0,0,0,0,,,,,none
1174,1170,1607375914584874,1607375914839208,1607375915640041,1607375915918207,cpu_baseline,800833,254334,0,0,0,0,,,,,none
1175,1171,1607375915918207,1607375916069875,1607375916653666,1607375917251541,cpu_baseline,583791,151668,0,0,0,0,,,,,none
1176,1172,1607375917251541,1607375917563833,1607375918145416,1607375918584874,cpu_baseline,581583,312292,0,0,0,0,,,,,none
1177,1173,1607375918584874,1607375918821500,1607375919413791,1607375919918207,cpu_baseline,592291,236626,0,0,0,0,,,,,none
1178,1174,1607375919918207,1607375920176791,1607375920755166,1607375921251541,cpu_baseline,578375,258584,0,0,0,0,,,,,none
1179,1175,1607375921251541,1607375921506166,1607375922128666,1607375922584874,cpu_baseline,622500,254625,0,0,0,0,,,,,none
1180,1176,1607375922584874,1607375922822250,1607375923464291,1607375923918207,cpu_baseline,642041,237376,0,0,0,0,,,,,none
1181,1177,1607375923918207,1607375924155166,1607375924781166,1607375925251541,cpu_baseline,626000,236959,0,0,0,0,,,,,none
1182,1178,1607375925251541,1607375925494000,1607375926118708,1607375926584874,cpu_baseline,624708,242459,0,0,0,0,,,,,none
1183,1179,1607375926584874,1607375926828041,1607375927406000,1607375927918207,cpu_baseline,577959,243167,0,0,0,0,,,,,none
1184,1180,1607375927918207,1607375928045000,1607375928788541,1607375929251541,cpu_baseline,743541,126793,0,0,0,0,,,,,none
1185,1181,1607375929251541,1607375929500833,1607375930093916,1607375930584874,cpu_baseline,593083,249292,0,0,0,0,,,,,none
1186,1182,1607375930584874,1607375930840166,1607375931425333,1607375931918207,cpu_baseline,585167,255292,0,0,0,0,,,,,none
1187,1183,1607375931918207,1607375932174500,1607375932751500,1607375933251541,cpu_baseline,577000,256293,0,0,0,0,,,,,none
1188,1184,1607375933251541,1607375933343625,1607375933923916,1607375934584874,cpu_baseline,580291,92084,0,0,0,0,,,,,none
1189,1185,1607375934584874,1607375934617666,1607375935196458,1607375935918207,cpu_baseline,578792,32792,0,0,0,0,,,,,none
1190,1186,1607375935918207,1607375936291916,1607375936868416,1607375937251541,cpu_baseline,576500,373709,0,0,0,0,,,,,none
1191,1187,1607375937251541,1607375937448083,1607375938018375,1607375938584874,cpu_baseline,570292,196542,0,0,0,0,,,,,none
1192,1188,1607375938584874,1607375938877625,1607375939468083,1607375939918207,cpu_baseline,590458,292751,0,0,0,0,,,,,none
1193,1189,1607375939918207,1607375940156208,1607375940722750,1607375941251541,cpu_baseline,566542,238001,0,0,0,0,,,,,none
1194,1190,1607375941251541,1607375941530250,1607375942169416,1607375942584874,cpu_baseline,639166,278709,0,0,0,0,,,,,none
1195,1191,1607375942584874,1607375942809458,1607375943380625,1607375943918207,cpu_baseline,571167,224584,0,0,0,0,,,,,none
1196,1192,1607375943918207,1607375944198083,1607375944765375,1607375945251541,cpu_baseline,567292,279876,0,0,0,0,,,,,none
1197,1193,1607375945251541,1607375945508250,1607375946078791,1607375946584874,cpu_baseline,570541,256709,0,0,0,0,,,,,none
1198,1194,1607375946584874,1607375946844250,1607375947400333,1607375947918207,cpu_baseline,556083,259376,0,0,0,0,,,,,none
1199,1195,1607375947918207,1607375948182666,1607375948745708,1607375949251541,cpu_baseline,563042,264459,0,0,0,0,,,,,none
1200,1196,1607375949251541,1607375949513333,1607375950075500,1607375950584874,cpu_baseline,562167,261792,0,0,0,0,,,,,none
1201,1197,1607375950584874,1607375950858958,1607375951627000,1607375951918207,cpu_baseline,768042,274084,0,0,0,0,,,,,none
1202,1198,1607375951918207,1607375952069291,1607375952643125,1607375953251541,cpu_baseline,573834,151084,0,0,0,0,,,,,none
1203,1199,1607375953251541,1607375953560666,1607375954125416,1607375954584874,cpu_baseline,564750,309125,0,0,0,0,,,,,none
1204,1200,1607375954584874,1607375954820333,1607375955412916,1607375955918207,cpu_baseline,592583,235459,0,0,0,0,,,,,none
1205,1201,1607375955918207,1607375956179791,1607375956777916,1607375957251541,cpu_baseline,598125,261584,0,0,0,0,,,,,none
1206,1202,1607375957251541,1607375957494666,1607375958058583,1607375958584874,cpu_baseline,563917,243125,0,0,0,0,,,,,none
1207,1203,1607375958584874,1607375958853750,1607375959418875,1607375959918207,cpu_baseline,565125,268876,0,0,0,0,,,,,none
1208,1204,1607375959918207,1607375960184916,1607375960745625,1607375961251541,cpu_baseline,560709,266709,0,0,0,0,,,,,none
1209,1205,1607375961251541,1607375961509000,1607375962078125,1607375962584874,cpu_baseline,569125,257459,0,0,0,0,,,,,none
1210,1206,1607375962584874,1607375962848750,1607375963409958,1607375963918207,cpu_baseline,561208,263876,0,0,0,0,,,,,none
1211,1207,1607375963918207,1607375964179625,1607375964749541,1607375965251541,cpu_baseline,569916,261418,0,0,0,0,,,,,none
1212,1208,1607375965251541,1607375965506583,1607375966061916,1607375966584874,cpu_baseline,555333,255042,0,0,0,0,,,,,none
1213,1209,1607375966584874,1607375966850666,1607375967409458,1607375967918207,cpu_baseline,558792,265792,0,0,0,0,,,,,none
1214,1210,1607375967918207,1607375968177416,1607375968737750,1607375969251541,cpu_baseline,560334,259209,0,0,0,0,,,,,none
1215,1211,1607375969251541,1607375969516333,1607375970075916,1607375970584874,cpu_baseline,559583,264792,0,0,0,0,,,,,none
1216,1212,1607375970584874,1607375970851458,1607375971415583,1607375971918207,cpu_baseline,564125,266584,0,0,0,0,,,,,none
1217,1213,1607375971918207,1607375972175458,1607375972737458,1607375973251541,cpu_baseline,562000,257251,0,0,0,0,,,,,none
1218,1214,1607375973251541,1607375973513083,1607375974071083,1607375974584874,cpu_baseline,558000,261542,0,0,0,0,,,,,none
1219,1215,1607375974584874,1607375974849583,1607375975426875,1607375975918207,cpu_baseline,577292,264709,0,0,0,0,,,,,none
1220,1216,1607375975918207,1607375976168500,1607375976733791,1607375977251541,cpu_baseline,565291,250293,0,0,0,0,,,,,none
1221,1217,1607375977251541,1607375977515791,1607375978089541,1607375978584874,cpu_baseline,573750,264250,0,0,0,0,,,,,none
1222,1218,1607375978584874,1607375978838416,1607375979400583,1607375979918207,cpu_baseline,562167,253542,0,0,0,0,,,,,none
1223,1219,1607375979918207,1607375980182458,1607375980741875,1607375981251541,cpu_baseline,559417,264251,0,0,0,0,,,,,none
1224,1220,1607375981251541,1607375981510291,1607375982068166,1607375982584874,cpu_baseline,557875,258750,0,0,0,0,,,,,none
1225,1221,1607375982584874,1607375982852958,1607375983433916,1607375983918207,cpu_baseline,580958,268084,0,0,0,0,,,,,none
1226,1222,1607375983918207,1607375984167333,1607375984742416,1607375985251541,cpu_baseline,575083,249126,0,0,0,0,,,,,none
1227,1223,1607375985251541,1607375985518291,1607375986093250,1607375986584874,cpu_baseline,574959,266750,0,0,0,0,,,,,none
1228,1224,1607375986584874,1607375986843250,1607375987425916,1607375987918207,cpu_baseline,582666,258376,0,0,0,0,,,,,none
1229,1225,1607375987918207,1607375988171791,1607375988759250,1607375989251541,cpu_baseline,587459,253584,0,0,0,0,,,,,none
1230,1226,1607375989251541,1607375989503541,1607375990092250,1607375990584874,cpu_baseline,588709,252000,0,0,0,0,,,,,none
1231,1227,1607375990584874,1607375990843958,1607375991427000,1607375991918207,cpu_baseline,583042,259084,0,0,0,0,,,,,none
1232,1228,1607375991918207,1607375992180375,1607375992764750,1607375993251541,cpu_baseline,584375,262168,0,0,0,0,,,,,none
1233,1229,1607375993251541,1607375993505375,1607375994295041,1607375994584874,cpu_baseline,789666,253834,0,0,0,0,,,,,none
1234,1230,1607375994584874,1607375994741875,1607375995320875,1607375995918207,cpu_baseline,579000,157001,0,0,0,0,,,,,none
1235,1231,1607375995918207,1607375996227541,1607375996887791,1607375997251541,cpu_baseline,660250,309334,0,0,0,0,,,,,none
1236,1232,1607375997251541,1607375997446000,1607375998042458,1607375998584874,cpu_baseline,596458,194459,0,0,0,0,,,,,none
1237,1233,1607375998584874,1607375998869041,1607375999453583,1607375999918207,cpu_baseline,584542,284167,0,0,0,0,,,,,none
1238,1234,1607375999918207,1607376000162166,1607376000734958,1607376001251541,cpu_baseline,572792,243959,0,0,0,0,,,,,none
1239,1235,1607376001251541,1607376001522250,1607376002110041,1607376002584874,cpu_baseline,587791,270709,0,0,0,0,,,,,none
1240,1236,1607376002584874,1607376002839250,1607376003427166,1607376003918207,cpu_baseline,587916,254376,0,0,0,0,,,,,none
1241,1237,1607376003918207,1607376004169666,1607376004750375,1607376005251541,cpu_baseline,580709,251459,0,0,0,0,,,,,none
1242,1238,1607376005251541,1607376005508208,1607376006080916,1607376006584874,cpu_baseline,572708,256667,0,0,0,0,,,,,none
1243,1239,1607376006584874,1607376006843500,1607376007414750,1607376007918207,cpu_baseline,571250,258626,0,0,0,0,,,,,none
1244,1240,1607376007918207,1607376008178333,1607376008975541,1607376009251541,cpu_baseline,797208,260126,0,0,0,0,,,,,none
1245,1241,1607376009251541,1607376009401500,1607376009982583,1607376010584874,cpu_baseline,581083,149959,0,0,0,0,,,,,none
1246,1242,1607376010584874,1607376010897208,1607376011468333,1607376011918207,cpu_baseline,571125,312334,0,0,0,0,,,,,none
1247,1243,1607376011918207,1607376012153583,1607376012740916,1607376013251541,cpu_baseline,587333,235376,0,0,0,0,,,,,none
1248,1244,1607376013251541,1607376013516333,1607376014160375,1607376014584874,cpu_baseline,644042,264792,0,0,0,0,,,,,none
1249,1245,1607376014584874,1607376014812833,1607376015392375,1607376015918207,cpu_baseline,579542,227959,0,0,0,0,,,,,none
1250,1246,1607376015918207,1607376016189083,1607376016758041,1607376017251541,cpu_baseline,568958,270876,0,0,0,0,,,,,none
1251,1247,1607376017251541,1607376017508458,1607376018078750,1607376018584874,cpu_baseline,570292,256917,0,0,0,0,,,,,none
1252,1248,1607376018584874,1607376018848791,1607376019487541,1607376019918207,cpu_baseline,638750,263917,0,0,0,0,,,,,none
1253,1249,1607376019918207,1607376020149958,1607376020720500,1607376021251541,cpu_baseline,570542,231751,0,0,0,0,,,,,none
1254,1250,1607376021251541,1607376021529125,1607376022112958,1607376022584874,cpu_baseline,583833,277584,0,0,0,0,,,,,none
1255,1251,1607376022584874,1607376022829625,1607376023415000,1607376023918207,cpu_baseline,585375,244751,0,0,0,0,,,,,none
1256,1252,1607376023918207,1607376024177250,1607376024763125,1607376025251541,cpu_baseline,585875,259043,0,0,0,0,,,,,none
1257,1253,1607376025251541,1607376025512166,1607376026122666,1607376026584874,cpu_baseline,610500,260625,0,0,0,0,,,,,none
1258,1254,1607376026584874,1607376026833416,1607376027447291,1607376027918207,cpu_baseline,613875,248542,0,0,0,0,,,,,none
1259,1255,1607376027918207,1607376028163750,1607376028792250,1607376029251541,cpu_baseline,628500,245543,0,0,0,0,,,,,none
1260,1256,1607376029251541,1607376029492541,1607376030079458,1607376030584874,cpu_baseline,586917,241000,0,0,0,0,,,,,none
1261,1257,1607376030584874,1607376030848166,1607376031483166,1607376031918207,cpu_baseline,635000,263292,0,0,0,0,,,,,none
1262,1258,1607376031918207,1607376032147916,1607376032888750,1607376033251541,cpu_baseline,740834,229709,0,0,0,0,,,,,none
1263,1259,1607376033251541,1607376033451416,1607376034032500,1607376034584874,cpu_baseline,581084,199875,0,0,0,0,,,,,none
1264,1260,1607376034584874,1607376034877208,1607376035474375,1607376035918207,cpu_baseline,597167,292334,0,0,0,0,,,,,none
1265,1261,1607376035918207,1607376036157375,1607376036831208,1607376037251541,cpu_baseline,673833,239168,0,0,0,0,,,,,none
1266,1262,1607376037251541,1607376037475250,1607376038104000,1607376038584874,cpu_baseline,628750,223709,0,0,0,0,,,,,none
1267,1263,1607376038584874,1607376038754500,1607376039380750,1607376039918207,cpu_baseline,626250,169626,0,0,0,0,,,,,none
1268,1264,1607376039918207,1607376040198583,1607376040823666,1607376041251541,cpu_baseline,625083,280376,0,0,0,0,,,,,none
1269,1265,1607376041251541,1607376041479083,1607376042121208,1607376042584874,cpu_baseline,642125,227542,0,0,0,0,,,,,none
1270,1266,1607376042584874,1607376042833708,1607376043452833,1607376043918207,cpu_baseline,619125,248834,0,0,0,0,,,,,none
1271,1267,1607376043918207,1607376044165708,1607376045117500,1607376045251541,cpu_baseline,951792,247501,0,0,0,0,,,,,none
1272,1268,1607376045251541,1607376045332291,1607376045971833,1607376046584874,cpu_baseline,639542,80750,0,0,0,0,,,,,none
1273,1269,1607376046584874,1607376046900666,1607376047524333,1607376047918207,cpu_baseline,623667,315792,0,0,0,0,,,,,none
1274,1270,1607376047918207,1607376048129750,1607376048749666,1607376049251541,cpu_baseline,619916,211543,0,0,0,0,,,,,none
1275,1271,1607376049251541,1607376049519250,1607376050148416,1607376050584874,cpu_baseline,629166,267709,0,0,0,0,,,,,none
1276,1272,1607376050584874,1607376050813208,1607376051431291,1607376051918207,cpu_baseline,618083,228334,0,0,0,0,,,,,none
1277,1273,1607376051918207,1607376052172291,1607376052814958,1607376053251541,cpu_baseline,642667,254084,0,0,0,0,,,,,none
1278,1274,1607376053251541,1607376053479750,1607376054051541,1607376054584874,cpu_baseline,571791,228209,0,0,0,0,,,,,none
1279,1275,1607376054584874,1607376054860666,1607376055749875,1607376055918207,cpu_baseline,889209,275792,0,0,0,0,,,,,none
1280,1276,1607376055918207,1607376056017083,1607376056660250,1607376057251541,cpu_baseline,643167,98876,0,0,0,0,,,,,none
1281,1277,1607376057251541,1607376057561958,1607376058198375,1607376058584874,cpu_baseline,636417,310417,0,0,0,0,,,,,none
1282,1278,1607376058584874,1607376058792291,1607376059517916,1607376059918207,cpu_baseline,725625,207417,0,0,0,0,,,,,none
1283,1279,1607376059918207,1607376060128708,1607376060741958,1607376061251541,cpu_baseline,613250,210501,0,0,0,0,,,,,none
1284,1280,1607376061251541,1607376061526083,1607376062395333,1607376062584874,cpu_baseline,869250,274542,0,0,0,0,,,,,none
1285,1281,1607376062584874,1607376062691166,1607376063309875,1607376063918207,cpu_baseline,618709,106292,0,0,0,0,,,,,none
1286,1282,1607376063918207,1607376064236583,1607376064807791,1607376065251541,cpu_baseline,571208,318376,0,0,0,0,,,,,none
1287,1283,1607376065251541,1607376065479875,1607376066090833,1607376066584874,cpu_baseline,610958,228334,0,0,0,0,,,,,none
1288,1284,1607376066584874,1607376066842583,1607376067469000,1607376067918207,cpu_baseline,626417,257709,0,0,0,0,,,,,none
1289,1285,1607376067918207,1607376068157458,1607376068791208,1607376069251541,cpu_baseline,633750,239251,0,0,0,0,,,,,none
1290,1286,1607376069251541,1607376069500708,1607376070089166,1607376070584874,cpu_baseline,588458,249167,0,0,0,0,,,,,none
1291,1287,1607376070584874,1607376070840916,1607376071482958,1607376071918207,cpu_baseline,642042,256042,0,0,0,0,,,,,none
1292,1288,1607376071918207,1607376072148375,1607376072764875,1607376073251541,cpu_baseline,616500,230168,0,0,0,0,,,,,none
1293,1289,1607376073251541,1607376073507541,1607376074099666,1607376074584874,cpu_baseline,592125,256000,0,0,0,0,,,,,none
1294,1290,1607376074584874,1607376074834125,1607376075458833,1607376075918207,cpu_baseline,624708,249251,0,0,0,0,,,,,none
1295,1291,1607376075918207,1607376076152958,1607376076764625,1607376077251541,cpu_baseline,611667,234751,0,0,0,0,,,,,none
1296,1292,1607376077251541,1607376077502250,1607376078137000,1607376078584874,cpu_baseline,634750,250709,0,0,0,0,,,,,none
1297,1293,1607376078584874,1607376078736166,1607376079372625,1607376079918207,cpu_baseline,636459,151292,0,0,0,0,,,,,none
1298,1294,1607376079918207,1607376080204125,1607376080783625,1607376081251541,cpu_baseline,579500,285918,0,0,0,0,,,,,none
1299,1295,1607376081251541,1607376081498125,1607376082060791,1607376082584874,cpu_baseline,562666,246584,0,0,0,0,,,,,none
1300,1296,1607376082584874,1607376082859291,1607376083425750,1607376083918207,cpu_baseline,566459,274417,0,0,0,0,,,,,none
1301,1297,1607376083918207,1607376084173958,1607376084727583,1607376085251541,cpu_baseline,553625,255751,0,0,0,0,,,,,none
1302,1298,1607376085251541,1607376085523250,1607376086075375,1607376086584874,cpu_baseline,552125,271709,0,0,0,0,,,,,none
1303,1299,1607376086584874,1607376086850916,1607376087433333,1607376087918207,cpu_baseline,582417,266042,0,0,0,0,,,,,none
1304,1300,1607376087918207,1607376088173958,1607376088938666,1607376089251541,cpu_baseline,764708,255751,0,0,0,0,,,,,none
1305,1301,1607376089251541,1607376089418333,1607376089994958,1607376090584874,cpu_baseline,576625,166792,0,0,0,0,,,,,none
1306,1302,1607376090584874,1607376090894583,1607376091446958,1607376091918207,cpu_baseline,552375,309709,0,0,0,0,,,,,none
1307,1303,1607376091918207,1607376092163541,1607376092721708,1607376093251541,cpu_baseline,558167,245334,0,0,0,0,,,,,none
1308,1304,1607376093251541,1607376093537333,1607376094319666,1607376094584874,cpu_baseline,782333,285792,0,0,0,0,,,,,none
1309,1305,1607376094584874,1607376094729208,1607376095322708,1607376095918207,cpu_baseline,593500,144334,0,0,0,0,,,,,none
1310,1306,1607376095918207,1607376096227458,1607376096804083,1607376097251541,cpu_baseline,576625,309251,0,0,0,0,,,,,none
1311,1307,1607376097251541,1607376097491708,1607376098054416,1607376098584874,cpu_baseline,562708,240167,0,0,0,0,,,,,none
1312,1308,1607376098584874,1607376098861166,1607376099411208,1607376099918207,cpu_baseline,550042,276292,0,0,0,0,,,,,none
1313,1309,1607376099918207,1607376100181458,1607376100736333,1607376101251541,cpu_baseline,554875,263251,0,0,0,0,,,,,none
1314,1310,1607376101251541,1607376101518583,1607376102071541,1607376102584874,cpu_baseline,552958,267042,0,0,0,0,,,,,none
1315,1311,1607376102584874,1607376102856583,1607376103415250,1607376103918207,cpu_baseline,558667,271709,0,0,0,0,,,,,none
1316,1312,1607376103918207,1607376104182333,1607376104737916,1607376105251541,cpu_baseline,555583,264126,0,0,0,0,,,,,none
1317,1313,1607376105251541,1607376105517041,1607376106084083,1607376106584874,cpu_baseline,567042,265500,0,0,0,0,,,,,none
1318,1314,1607376106584874,1607376106853000,1607376107619041,1607376107918207,cpu_baseline,766041,268126,0,0,0,0,,,,,none
1319,1315,1607376107918207,1607376108078791,1607376108639791,1607376109251541,cpu_baseline,561000,160584,0,0,0,0,,,,,none
1320,1316,1607376109251541,1607376109566375,1607376110330708,1607376110584874,cpu_baseline,764333,314834,0,0,0,0,,,,,none
1321,1317,1607376110584874,1607376110719875,1607376111302291,1607376111918207,cpu_baseline,582416,135001,0,0,0,0,,,,,none
1322,1318,1607376111918207,1607376112239916,1607376112795375,1607376113251541,cpu_baseline,555459,321709,0,0,0,0,,,,,none
1323,1319,1607376113251541,1607376113495208,1607376114043333,1607376114584874,cpu_baseline,548125,243667,0,0,0,0,,,,,none
1324,1320,1607376114584874,1607376114862791,1607376115411000,1607376115918207,cpu_baseline,548209,277917,0,0,0,0,,,,,none
1325,1321,1607376115918207,1607376116181458,1607376116733375,1607376117251541,cpu_baseline,551917,263251,0,0,0,0,,,,,none
1326,1322,1607376117251541,1607376117521583,1607376118076583,1607376118584874,cpu_baseline,555000,270042,0,0,0,0,,,,,none
1327,1323,1607376118584874,1607376118851000,1607376119415000,1607376119918207,cpu_baseline,564000,266126,0,0,0,0,,,,,none
1328,1324,1607376119918207,1607376120185458,1607376120736291,1607376121251541,cpu_baseline,550833,267251,0,0,0,0,,,,,none
1329,1325,1607376121251541,1607376121521333,1607376122101000,1607376122584874,cpu_baseline,579667,269792,0,0,0,0,,,,,none
1330,1326,1607376122584874,1607376122838958,1607376123445833,1607376123918207,cpu_baseline,606875,254084,0,0,0,0,,,,,none
1331,1327,1607376123918207,1607376123997708,1607376124580250,1607376125251541,cpu_baseline,582542,79501,0,0,0,0,,,,,none
1332,1328,1607376125251541,1607376125595541,1607376126145958,1607376126584874,cpu_baseline,550417,344000,0,0,0,0,,,,,none
1333,1329,1607376126584874,1607376126816833,1607376127421666,1607376127918207,cpu_baseline,604833,231959,0,0,0,0,,,,,none
1334,1330,1607376127918207,1607376128178291,1607376128779833,1607376129251541,cpu_baseline,601542,260084,0,0,0,0,,,,,none
1335,1331,1607376129251541,1607376129502666,1607376130064041,1607376130584874,cpu_baseline,561375,251125,0,0,0,0,,,,,none
1336,1332,1607376130584874,1607376130866958,1607376131534916,1607376131918207,cpu_baseline,667958,282084,0,0,0,0,,,,,none
1337,1333,1607376131918207,1607376132114500,1607376132695125,1607376133251541,cpu_baseline,580625,196293,0,0,0,0,,,,,none
1338,1334,1607376133251541,1607376133534833,1607376134100958,1607376134584874,cpu_baseline,566125,283292,0,0,0,0,,,,,none
1339,1335,1607376134584874,1607376134838458,1607376135408458,1607376135918207,cpu_baseline,570000,253584,0,0,0,0,,,,,none
1340,1336,1607376135918207,1607376136179708,1607376136762375,1607376137251541,cpu_baseline,582667,261501,0,0,0,0,,,,,none
1341,1337,1607376137251541,1607376137508833,1607376138067458,1607376138584874,cpu_baseline,558625,257292,0,0,0,0,,,,,none
1342,1338,1607376138584874,1607376138860083,1607376139417416,1607376139918207,cpu_baseline,557333,275209,0,0,0,0,,,,,none
1343,1339,1607376139918207,1607376140189958,1607376140947083,1607376141251541,cpu_baseline,757125,271751,0,0,0,0,,,,,none
1344,1340,1607376141251541,1607376141377291,1607376141947208,1607376142584874,cpu_baseline,569917,125750,0,0,0,0,,,,,none
1345,1341,1607376142584874,1607376142912916,1607376143487458,1607376143918207,cpu_baseline,574542,328042,0,0,0,0,,,,,none
1346,1342,1607376143918207,1607376144139625,1607376144724416,1607376145251541,cpu_baseline,584791,221418,0,0,0,0,,,,,none
1347,1343,1607376145251541,1607376145528000,1607376146072833,1607376146584874,cpu_baseline,544833,276459,0,0,0,0,,,,,none
1348,1344,1607376146584874,1607376146848625,1607376147386666,1607376147918207,cpu_baseline,538041,263751,0,0,0,0,,,,,none
1349,1345,1607376147918207,1607376148190625,1607376148734416,1607376149251541,cpu_baseline,543791,272418,0,0,0,0,,,,,none
1350,1346,1607376149251541,1607376149526333,1607376150298791,1607376150584874,cpu_baseline,772458,274792,0,0,0,0,,,,,none
1351,1347,1607376150584874,1607376150733000,1607376151290958,1607376151918207,cpu_baseline,557958,148126,0,0,0,0,,,,,none
1352,1348,1607376151918207,1607376152239375,1607376152935541,1607376153251541,cpu_baseline,696166,321168,0,0,0,0,,,,,none
1353,1349,1607376153251541,1607376153421666,1607376153986833,1607376154584874,cpu_baseline,565167,170125,0,0,0,0,,,,,none
1354,1350,1607376154584874,1607376154948833,1607376155504333,1607376155918207,cpu_baseline,555500,363959,0,0,0,0,,,,,none
1355,1351,1607376155918207,1607376156138916,1607376156699916,1607376157251541,cpu_baseline,561000,220709,0,0,0,0,,,,,none
1356,1352,1607376157251541,1607376157540083,1607376158092250,1607376158584874,cpu_baseline,552167,288542,0,0,0,0,,,,,none
1357,1353,1607376158584874,1607376158848875,1607376159604666,1607376159918207,cpu_baseline,755791,264001,0,0,0,0,,,,,none
1358,1354,1607376159918207,1607376160093208,1607376160665791,1607376161251541,cpu_baseline,572583,175001,0,0,0,0,,,,,none
1359,1355,1607376161251541,1607376161377833,1607376162049208,1607376162584874,cpu_baseline,671375,126292,0,0,0,0,,,,,none
1360,1356,1607376162584874,1607376162867291,1607376163422958,1607376163918207,cpu_baseline,555667,282417,0,0,0,0,,,,,none
1361,1357,1607376163918207,1607376164173375,1607376164716708,1607376165251541,cpu_baseline,543333,255168,0,0,0,0,,,,,none
1362,1358,1607376165251541,1607376165537000,1607376166324541,1607376166584874,cpu_baseline,787541,285459,0,0,0,0,,,,,none
1363,1359,1607376166584874,1607376166721416,1607376167300458,1607376167918207,cpu_baseline,579042,136542,0,0,0,0,,,,,none
1364,1360,1607376167918207,1607376168255333,1607376168830750,1607376169251541,cpu_baseline,575417,337126,0,0,0,0,,,,,none
1365,1361,1607376169251541,1607376169480458,1607376170051541,1607376170584874,cpu_baseline,571083,228917,0,0,0,0,,,,,none
1366,1362,1607376170584874,1607376170867333,1607376171504041,1607376171918207,cpu_baseline,636708,282459,0,0,0,0,,,,,none
1367,1363,1607376171918207,1607376172131291,1607376172715791,1607376173251541,cpu_baseline,584500,213084,0,0,0,0,,,,,none
1368,1364,1607376173251541,1607376173532416,1607376174351916,1607376174584874,cpu_baseline,819500,280875,0,0,0,0,,,,,none
1369,1365,1607376174584874,1607376174713333,1607376175295500,1607376175918207,cpu_baseline,582167,128459,0,0,0,0,,,,,none
1370,1366,1607376175918207,1607376176250791,1607376177176375,1607376177251541,cpu_baseline,925584,332584,0,0,0,0,,,,,none
1371,1367,1607376177251541,1607376177293375,1607376177867791,1607376178584874,cpu_baseline,574416,41834,0,0,0,0,,,,,none
1372,1368,1607376178584874,1607376178957791,1607376179665333,1607376179918207,cpu_baseline,707542,372917,0,0,0,0,,,,,none
1373,1369,1607376179918207,1607376180055625,1607376180620833,1607376181251541,cpu_baseline,565208,137418,0,0,0,0,,,,,none
1374,1370,1607376181251541,1607376181577458,1607376182349375,1607376182584874,cpu_baseline,771917,325917,0,0,0,0,,,,,none
1375,1371,1607376182584874,1607376182706541,1607376183285208,1607376183918207,cpu_baseline,578667,121667,0,0,0,0,,,,,none
1376,1372,1607376183918207,1607376184240708,1607376184812333,1607376185251541,cpu_baseline,571625,322501,0,0,0,0,,,,,none
1377,1373,1607376185251541,1607376185480333,1607376186241833,1607376186584874,cpu_baseline,761500,228792,0,0,0,0,,,,,none
1378,1374,1607376186584874,1607376186761541,1607376187543333,1607376187918207,cpu_baseline,781792,176667,0,0,0,0,,,,,none
1379,1375,1607376187918207,1607376188118333,1607376188862583,1607376189251541,cpu_baseline,744250,200126,0,0,0,0,,,,,none
1380,1376,1607376189251541,1607376189458958,1607376190046208,1607376190584874,cpu_baseline,587250,207417,0,0,0,0,,,,,none
1381,1377,1607376190584874,1607376190860291,1607376191439916,1607376191918207,cpu_baseline,579625,275417,0,0,0,0,,,,,none
1382,1378,1607376191918207,1607376192164833,1607376192756458,1607376193251541,cpu_baseline,591625,246626,0,0,0,0,,,,,none
1383,1379,1607376193251541,1607376193509875,1607376194090500,1607376194584874,cpu_baseline,580625,258334,0,0,0,0,,,,,none
1384,1380,1607376194584874,1607376194840125,1607376195409250,1607376195918207,cpu_baseline,569125,255251,0,0,0,0,,,,,none
1385,1381,1607376195918207,1607376196179416,1607376196745000,1607376197251541,cpu_baseline,565584,261209,0,0,0,0,,,,,none
1386,1382,1607376197251541,1607376197509125,1607376198077625,1607376198584874,cpu_baseline,568500,257584,0,0,0,0,,,,,none
1387,1383,1607376198584874,1607376198845166,1607376199417958,1607376199918207,cpu_baseline,572792,260292,0,0,0,0,,,,,none
1388,1384,1607376199918207,1607376200179875,1607376200733916,1607376201251541,cpu_baseline,554041,261668,0,0,0,0,,,,,none
1389,1385,1607376201251541,1607376201519958,1607376202062416,1607376202584874,cpu_baseline,542458,268417,0,0,0,0,,,,,none
1390,1386,1607376202584874,1607376202857166,1607376203412208,1607376203918207,cpu_baseline,555042,272292,0,0,0,0,,,,,none
1391,1387,1607376203918207,1607376204184875,1607376204859000,1607376205251541,cpu_baseline,674125,266668,0,0,0,0,,,,,none
1392,1388,1607376205251541,1607376205463458,1607376206022416,1607376206584874,cpu_baseline,558958,211917,0,0,0,0,,,,,none
1393,1389,1607376206584874,1607376206876625,1607376207457333,1607376207918207,cpu_baseline,580708,291751,0,0,0,0,,,,,none
1394,1390,1607376207918207,1607376208161625,1607376208748416,1607376209251541,cpu_baseline,586791,243418,0,0,0,0,,,,,none
1395,1391,1607376209251541,1607376209510541,1607376210060125,1607376210584874,cpu_baseline,549584,259000,0,0,0,0,,,,,none
1396,1392,1607376210584874,1607376210856750,1607376211415250,1607376211918207,cpu_baseline,558500,271876,0,0,0,0,,,,,none
1397,1393,1607376211918207,1607376212213583,1607376212764750,1607376213251541,cpu_baseline,551167,295376,0,0,0,0,,,,,none
1398,1394,1607376213251541,1607376213506625,1607376214080000,1607376214584874,cpu_baseline,573375,255084,0,0,0,0,,,,,none
1399,1395,1607376214584874,1607376214846250,1607376215426083,1607376215918207,cpu_baseline,579833,261376,0,0,0,0,,,,,none
1400,1396,1607376215918207,1607376216171916,1607376216753500,1607376217251541,cpu_baseline,581584,253709,0,0,0,0,,,,,none
1401,1397,1607376217251541,1607376217516833,1607376218293791,1607376218584874,cpu_baseline,776958,265292,0,0,0,0,,,,,none
1402,1398,1607376218584874,1607376218736666,1607376219317208,1607376219918207,cpu_baseline,580542,151792,0,0,0,0,,,,,none
1403,1399,1607376219918207,1607376220222500,1607376220814000,1607376221251541,cpu_baseline,591500,304293,0,0,0,0,,,,,none
1404,1400,1607376221251541,1607376221479541,1607376222029458,1607376222584874,cpu_baseline,549917,228000,0,0,0,0,,,,,none
1405,1401,1607376222584874,1607376222870708,1607376223419208,1607376223918207,cpu_baseline,548500,285834,0,0,0,0,,,,,none
1406,1402,1607376223918207,1607376224196166,1607376224748625,1607376225251541,cpu_baseline,552459,277959,0,0,0,0,,,,,none
1407,1403,1607376225251541,1607376225515750,1607376226065125,1607376226584874,cpu_baseline,549375,264209,0,0,0,0,,,,,none
1408,1404,1607376226584874,1607376226852500,1607376227391625,1607376227918207,cpu_baseline,539125,267626,0,0,0,0,,,,,none
1409,1405,1607376227918207,1607376228193458,1607376228752416,1607376229251541,cpu_baseline,558958,275251,0,0,0,0,,,,,none
1410,1406,1607376229251541,1607376229515000,1607376230081875,1607376230584874,cpu_baseline,566875,263459,0,0,0,0,,,,,none
1411,1407,1607376230584874,1607376230846208,1607376231409708,1607376231918207,cpu_baseline,563500,261334,0,0,0,0,,,,,none
1412,1408,1607376231918207,1607376232186208,1607376232746500,1607376233251541,cpu_baseline,560292,268001,0,0,0,0,,,,,none
1413,1409,1607376233251541,1607376233510708,1607376234050458,1607376234584874,cpu_baseline,539750,259167,0,0,0,0,,,,,none
1414,1410,1607376234584874,1607376234858375,1607376235399375,1607376235918207,cpu_baseline,541000,273501,0,0,0,0,,,,,none
1415,1411,1607376235918207,1607376236197583,1607376236752125,1607376237251541,cpu_baseline,554542,279376,0,0,0,0,,,,,none
1416,1412,1607376237251541,1607376237509958,1607376238052958,1607376238584874,cpu_baseline,543000,258417,0,0,0,0,,,,,none
1417,1413,1607376238584874,1607376238866458,1607376239454708,1607376239918207,cpu_baseline,588250,281584,0,0,0,0,,,,,none
1418,1414,1607376239918207,1607376240157916,1607376240700208,1607376241251541,cpu_baseline,542292,239709,0,0,0,0,,,,,none
1419,1415,1607376241251541,1607376241543083,1607376242107333,1607376242584874,cpu_baseline,564250,291542,0,0,0,0,,,,,none
1420,1416,1607376242584874,1607376242833000,1607376243401000,1607376243918207,cpu_baseline,568000,248126,0,0,0,0,,,,,none
1421,1417,1607376243918207,1607376244184750,1607376244737166,1607376245251541,cpu_baseline,552416,266543,0,0,0,0,,,,,none
1422,1418,1607376245251541,1607376245521666,1607376246086208,1607376246584874,cpu_baseline,564542,270125,0,0,0,0,,,,,none
1423,1419,1607376246584874,1607376246845208,1607376247398291,1607376247918207,cpu_baseline,553083,260334,0,0,0,0,,,,,none
1424,1420,1607376247918207,1607376248200000,1607376248797166,1607376249251541,cpu_baseline,597166,281793,0,0,0,0,,,,,none
1425,1421,1607376249251541,1607376249492875,1607376250047750,1607376250584874,cpu_baseline,554875,241334,0,0,0,0,,,,,none
1426,1422,1607376250584874,1607376250869916,1607376251427041,1607376251918207,cpu_baseline,557125,285042,0,0,0,0,,,,,none
1427,1423,1607376251918207,1607376252176458,1607376252737833,1607376253251541,cpu_baseline,561375,258251,0,0,0,0,,,,,none
1428,1424,1607376253251541,1607376253518458,1607376254074750,1607376254584874,cpu_baseline,556292,266917,0,0,0,0,,,,,none
1429,1425,1607376254584874,1607376254875625,1607376255431250,1607376255918207,cpu_baseline,555625,290751,0,0,0,0,,,,,none
1430,1426,1607376255918207,1607376256168083,1607376256720750,1607376257251541,cpu_baseline,552667,249876,0,0,0,0,,,,,none
1431,1427,1607376257251541,1607376257523791,1607376258079250,1607376258584874,cpu_baseline,555459,272250,0,0,0,0,,,,,none
1432,1428,1607376258584874,1607376258846541,1607376259444083,1607376259918207,cpu_baseline,597542,261667,0,0,0,0,,,,,none
1433,1429,1607376259918207,1607376260168208,1607376260758500,1607376261251541,cpu_baseline,590292,250001,0,0,0,0,,,,,none
1434,1430,1607376261251541,1607376261511833,1607376262084791,1607376262584874,cpu_baseline,572958,260292,0,0,0,0,,,,,none
1435,1431,1607376262584874,1607376262848208,1607376263439250,1607376263918207,cpu_baseline,591042,263334,0,0,0,0,,,,,none
1436,1432,1607376263918207,1607376264174166,1607376264723416,1607376265251541,cpu_baseline,549250,255959,0,0,0,0,,,,,none
1437,1433,1607376265251541,1607376265525500,1607376266066166,1607376266584874,cpu_baseline,540666,273959,0,0,0,0,,,,,none
1438,1434,1607376266584874,1607376266855500,1607376267401625,1607376267918207,cpu_baseline,546125,270626,0,0,0,0,,,,,none
1439,1435,1607376267918207,1607376268185291,1607376268735625,1607376269251541,cpu_baseline,550334,267084,0,0,0,0,,,,,none
1440,1436,1607376269251541,1607376269516541,1607376270069250,1607376270584874,cpu_baseline,552709,265000,0,0,0,0,,,,,none
1441,1437,1607376270584874,1607376270851958,1607376271405458,1607376271918207,cpu_baseline,553500,267084,0,0,0,0,,,,,none
1442,1438,1607376271918207,1607376272185791,1607376272738875,1607376273251541,cpu_baseline,553084,267584,0,0,0,0,,,,,none
1443,1439,1607376273251541,1607376273516166,1607376274068666,1607376274584874,cpu_baseline,552500,264625,0,0,0,0,,,,,none
1444,1440,1607376274584874,1607376274862500,1607376275632416,1607376275918207,cpu_baseline,769916,277626,0,0,0,0,,,,,none
1445,1441,1607376275918207,1607376276071500,1607376276641583,1607376277251541,cpu_baseline,570083,153293,0,0,0,0,,,,,none
1446,1442,1607376277251541,1607376277561666,1607376278125791,1607376278584874,cpu_baseline,564125,310125,0,0,0,0,,,,,none
1447,1443,1607376278584874,1607376278827875,1607376279382083,1607376279918207,cpu_baseline,554208,243001,0,0,0,0,,,,,none
1448,1444,1607376279918207,1607376280194791,1607376280733083,1607376281251541,cpu_baseline,538292,276584,0,0,0,0,,,,,none
1449,1445,1607376281251541,1607376281524375,1607376282100708,1607376282584874,cpu_baseline,576333,272834,0,0,0,0,,,,,none
1450,1446,1607376282584874,1607376282653708,1607376283236416,1607376283918207,cpu_baseline,582708,68834,0,0,0,0,,,,,none
1451,1447,1607376283918207,1607376284273333,1607376284837291,1607376285251541,cpu_baseline,563958,355126,0,0,0,0,,,,,none
1452,1448,1607376285251541,1607376285466750,1607376286009666,1607376286584874,cpu_baseline,542916,215209,0,0,0,0,,,,,none
1453,1449,1607376286584874,1607376286879125,1607376287436791,1607376287918207,cpu_baseline,557666,294251,0,0,0,0,,,,,none
1454,1450,1607376287918207,1607376288165333,1607376288710875,1607376289251541,cpu_baseline,545542,247126,0,0,0,0,,,,,none
1455,1451,1607376289251541,1607376289529625,1607376290093208,1607376290584874,cpu_baseline,563583,278084,0,0,0,0,,,,,none
1456,1452,1607376290584874,1607376290844708,1607376291392750,1607376291918207,cpu_baseline,548042,259834,0,0,0,0,,,,,none
1457,1453,1607376291918207,1607376292187458,1607376292771708,1607376293251541,cpu_baseline,584250,269251,0,0,0,0,,,,,none
1458,1454,1607376293251541,1607376293496958,1607376294042208,1607376294584874,cpu_baseline,545250,245417,0,0,0,0,,,,,none
1459,1455,1607376294584874,1607376294864291,1607376295419291,1607376295918207,cpu_baseline,555000,279417,0,0,0,0,,,,,none
1460,1456,1607376295918207,1607376296178750,1607376296729875,1607376297251541,cpu_baseline,551125,260543,0,0,0,0,,,,,none
1461,1457,1607376297251541,1607376297523500,1607376298104833,1607376298584874,cpu_baseline,581333,271959,0,0,0,0,,,,,none
1462,1458,1607376298584874,1607376298841166,1607376299386625,1607376299918207,cpu_baseline,545459,256292,0,0,0,0,,,,,none
1463,1459,1607376299918207,1607376300200166,1607376300754750,1607376301251541,cpu_baseline,554584,281959,0,0,0,0,,,,,none
1464,1460,1607376301251541,1607376301512916,1607376302075458,1607376302584874,cpu_baseline,562542,261375,0,0,0,0,,,,,none
1465,1461,1607376302584874,1607376302847958,1607376303413458,1607376303918207,cpu_baseline,565500,263084,0,0,0,0,,,,,none
1466,1462,1607376303918207,1607376304180208,1607376304731333,1607376305251541,cpu_baseline,551125,262001,0,0,0,0,,,,,none
1467,1463,1607376305251541,1607376305523416,1607376306070625,1607376306584874,cpu_baseline,547209,271875,0,0,0,0,,,,,none
1468,1464,1607376306584874,1607376306852708,1607376307406791,1607376307918207,cpu_baseline,554083,267834,0,0,0,0,,,,,none
1469,1465,1607376307918207,1607376308183750,1607376308806333,1607376309251541,cpu_baseline,622583,265543,0,0,0,0,,,,,none
1470,1466,1607376309251541,1607376309488000,1607376310054666,1607376310584874,cpu_baseline,566666,236459,0,0,0,0,,,,,none
1471,1467,1607376310584874,1607376310863875,1607376311408250,1607376311918207,cpu_baseline,544375,279001,0,0,0,0,,,,,none
1472,1468,1607376311918207,1607376312186750,1607376312798708,1607376313251541,cpu_baseline,611958,268543,0,0,0,0,,,,,none
1473,1469,1607376313251541,1607376313495541,1607376314047875,1607376314584874,cpu_baseline,552334,244000,0,0,0,0,,,,,none
1474,1470,1607376314584874,1607376314870750,1607376315641541,1607376315918207,cpu_baseline,770791,285876,0,0,0,0,,,,,none
1475,1471,1607376315918207,1607376316066500,1607376316618166,1607376317251541,cpu_baseline,551666,148293,0,0,0,0,,,,,none
1476,1472,1607376317251541,1607376317578375,1607376318130208,1607376318584874,cpu_baseline,551833,326834,0,0,0,0,,,,,none
1477,1473,1607376318584874,1607376318820166,1607376319374708,1607376319918207,cpu_baseline,554542,235292,0,0,0,0,,,,,none
1478,1474,1607376319918207,1607376320198750,1607376320777208,1607376321251541,cpu_baseline,578458,280543,0,0,0,0,,,,,none
1479,1475,1607376321251541,1607376321502208,1607376322355750,1607376322584874,cpu_baseline,853542,250667,0,0,0,0,,,,,none
1480,1476,1607376322584874,1607376322709708,1607376323265583,1607376323918207,cpu_baseline,555875,124834,0,0,0,0,,,,,none
1481,1477,1607376323918207,1607376324256541,1607376324828125,1607376325251541,cpu_baseline,571584,338334,0,0,0,0,,,,,none
1482,1478,1607376325251541,1607376325471708,1607376326060375,1607376326584874,cpu_baseline,588667,220167,0,0,0,0,,,,,none
1483,1479,1607376326584874,1607376326861791,1607376327412791,1607376327918207,cpu_baseline,551000,276917,0,0,0,0,,,,,none
1484,1480,1607376327918207,1607376328182333,1607376328729208,1607376329251541,cpu_baseline,546875,264126,0,0,0,0,,,,,none
1485,1481,1607376329251541,1607376329529833,1607376330272458,1607376330584874,cpu_baseline,742625,278292,0,0,0,0,,,,,none
1486,1482,1607376330584874,1607376330748750,1607376331313833,1607376331918207,cpu_baseline,565083,163876,0,0,0,0,,,,,none
1487,1483,1607376331918207,1607376332235000,1607376332852666,1607376333251541,cpu_baseline,617666,316793,0,0,0,0,,,,,none
1488,1484,1607376333251541,1607376333459041,1607376334010250,1607376334584874,cpu_baseline,551209,207500,0,0,0,0,,,,,none
1489,1485,1607376334584874,1607376334883041,1607376335528750,1607376335918207,cpu_baseline,645709,298167,0,0,0,0,,,,,none
1490,1486,1607376335918207,1607376336124750,1607376336711291,1607376337251541,cpu_baseline,586541,206543,0,0,0,0,,,,,none
1491,1487,1607376337251541,1607376337535416,1607376338168166,1607376338584874,cpu_baseline,632750,283875,0,0,0,0,,,,,none
1492,1488,1607376338584874,1607376338807041,1607376339456791,1607376339918207,cpu_baseline,649750,222167,0,0,0,0,,,,,none
1493,1489,1607376339918207,1607376340157458,1607376340704916,1607376341251541,cpu_baseline,547458,239251,0,0,0,0,,,,,none
1494,1490,1607376341251541,1607376341535458,1607376342106333,1607376342584874,cpu_baseline,570875,283917,0,0,0,0,,,,,none
1495,1491,1607376342584874,1607376342833958,1607376343435000,1607376343918207,cpu_baseline,601042,249084,0,0,0,0,,,,,none
1496,1492,1607376343918207,1607376344172666,1607376344739916,1607376345251541,cpu_baseline,567250,254459,0,0,0,0,,,,,none
1497,1493,1607376345251541,1607376345514250,1607376346068166,1607376346584874,cpu_baseline,553916,262709,0,0,0,0,,,,,none
1498,1494,1607376346584874,1607376346852750,1607376347412000,1607376347918207,cpu_baseline,559250,267876,0,0,0,0,,,,,none
1499,1495,1607376347918207,1607376348184583,1607376348753958,1607376349251541,cpu_baseline,569375,266376,0,0,0,0,,,,,none
1500,1496,1607376349251541,1607376349517208,1607376350127083,1607376350584874,cpu_baseline,609875,265667,0,0,0,0,,,,,none
1501,1497,1607376350584874,1607376350838458,1607376351417750,1607376351918207,cpu_baseline,579292,253584,0,0,0,0,,,,,none
1502,1498,1607376351918207,1607376352182958,1607376352743833,1607376353251541,cpu_baseline,560875,264751,0,0,0,0,,,,,none
1503,1499,1607376353251541,1607376353516208,1607376354081583,1607376354584874,cpu_baseline,565375,264667,0,0,0,0,,,,,none
